target,sample_idx,frame_idx,x_1,y_1,x_2,y_2,x_3,y_3,x_4,y_4,x_5,y_5,x_6,y_6,x_7,y_7,x_8,y_8,x_9,y_9,x_10,y_10,x_11,y_11,x_12,y_12,x_13,y_13,x_14,y_14,x_15,y_15,x_16,y_16,x_17,y_17,x_18,y_18,x_19,y_19,x_20,y_20,x_21,y_21
agarrar,0,0,0.45192593336105347,0.8068116307258606,0.46297377347946167,0.8124545216560364,0.47920557856559753,0.8316771388053894,0.49620693922042847,0.8483443856239319,0.5129334926605225,0.8567389249801636,0.48978278040885925,0.8500438332557678,0.5081076622009277,0.8571234345436096,0.5127332210540771,0.8504576683044434,0.511719822883606,0.845487117767334,0.48957914113998413,0.8471004366874695,0.5072513222694397,0.8546566963195801,0.5120156407356262,0.8473682403564453,0.512352466583252,0.8440865874290466,0.48979490995407104,0.8435567021369934,0.5053804516792297,0.8502525091171265,0.5080229043960571,0.8448575735092163,0.5083428621292114,0.8422282338142395,0.4914316236972809,0.8396494388580322,0.5039516091346741,0.8443690538406372,0.5064170956611633,0.8433179259300232,0.5064648389816284,0.8434962630271912
agarrar,0,1,0.4516865313053131,0.8043543100357056,0.46177250146865845,0.8142815232276917,0.47837013006210327,0.8343442678451538,0.4958672523498535,0.8500407338142395,0.512692928314209,0.8584554195404053,0.4914700388908386,0.8517488241195679,0.5089555382728577,0.8583067655563354,0.510613203048706,0.8511907458305359,0.5075526833534241,0.8460363745689392,0.49223384261131287,0.8426167368888855,0.5082688927650452,0.8494742512702942,0.5095534324645996,0.8434036374092102,0.5081764459609985,0.8405723571777344,0.49271541833877563,0.8335724472999573,0.5066832900047302,0.839424192905426,0.5059378743171692,0.8357710242271423,0.5045808553695679,0.8339576125144958,0.49424344301223755,0.8248531818389893,0.5046911239624023,0.8283182382583618,0.5044074058532715,0.8283261060714722,0.5032629370689392,0.8296788930892944
agarrar,0,2,0.452307790517807,0.8051013350486755,0.46237462759017944,0.8141331672668457,0.47864383459091187,0.8341761827468872,0.49614402651786804,0.8499162197113037,0.513107419013977,0.857847273349762,0.4909861981868744,0.8535623550415039,0.5082014203071594,0.8587378263473511,0.5113571286201477,0.8513862490653992,0.5093922019004822,0.8462753295898438,0.4917093813419342,0.844014048576355,0.5074814558029175,0.8501701951026917,0.5104066729545593,0.8433836102485657,0.5104814171791077,0.8399462103843689,0.4924209713935852,0.8344603180885315,0.505987823009491,0.839480459690094,0.5066402554512024,0.8354441523551941,0.5068438053131104,0.8334237933158875,0.4942013919353485,0.8250091075897217,0.5045582056045532,0.8279735445976257,0.5051133632659912,0.8282705545425415,0.5049393177032471,0.8300162553787231
agarrar,0,3,0.44983065128326416,0.8086463212966919,0.4626511037349701,0.8102354407310486,0.47874021530151367,0.8280420303344727,0.4955315589904785,0.8451130390167236,0.5117579102516174,0.8551373481750488,0.4872644543647766,0.8577290177345276,0.5066987872123718,0.8621325492858887,0.513191819190979,0.8508832454681396,0.5118897557258606,0.8424937725067139,0.4869537353515625,0.8542325496673584,0.5060444474220276,0.8602818250656128,0.5123413801193237,0.8495563268661499,0.512304425239563,0.8430467844009399,0.487193763256073,0.8489136695861816,0.5042545795440674,0.8536733984947205,0.5089852213859558,0.8447966575622559,0.5091478228569031,0.8395366072654724,0.4884505867958069,0.8427110314369202,0.5033241510391235,0.8457775115966797,0.5079594254493713,0.8416745662689209,0.5081833004951477,0.8393254280090332
agarrar,0,4,0.0,0.0,0.0,0.0,0.0,0.0,0.0,0.0,0.0,0.0,0.0,0.0,0.0,0.0,0.0,0.0,0.0,0.0,0.0,0.0,0.0,0.0,0.0,0.0,0.0,0.0,0.0,0.0,0.0,0.0,0.0,0.0,0.0,0.0,0.0,0.0,0.0,0.0,0.0,0.0,0.0,0.0
agarrar,0,5,0.4511803686618805,0.8066647052764893,0.46288245916366577,0.812717080116272,0.4793129563331604,0.8320947289466858,0.49621567130088806,0.8489936590194702,0.5130136609077454,0.857566237449646,0.49014946818351746,0.8513866066932678,0.5075957179069519,0.8581522107124329,0.512357771396637,0.85207200050354,0.5113330483436584,0.8475317358970642,0.4897148609161377,0.8471918702125549,0.5071778297424316,0.8539506793022156,0.5120108723640442,0.847537100315094,0.5125870108604431,0.8454926609992981,0.48997920751571655,0.84246826171875,0.5060315728187561,0.848714292049408,0.509024977684021,0.8444108366966248,0.5094031691551208,0.8424994349479675,0.49149414896965027,0.8373692035675049,0.50498366355896,0.8422374725341797,0.5083541870117188,0.8425731062889099,0.5088081359863281,0.8436311483383179
agarrar,0,6,0.0,0.0,0.0,0.0,0.0,0.0,0.0,0.0,0.0,0.0,0.0,0.0,0.0,0.0,0.0,0.0,0.0,0.0,0.0,0.0,0.0,0.0,0.0,0.0,0.0,0.0,0.0,0.0,0.0,0.0,0.0,0.0,0.0,0.0,0.0,0.0,0.0,0.0,0.0,0.0,0.0,0.0
agarrar,0,7,0.4516103267669678,0.8054330945014954,0.46219366788864136,0.8125744462013245,0.47875624895095825,0.8320165276527405,0.4965735971927643,0.8477221131324768,0.5136338472366333,0.8548181056976318,0.4902178645133972,0.8584475517272949,0.5091733932495117,0.8592916131019592,0.5130742192268372,0.8487934470176697,0.5114182829856873,0.8428125977516174,0.4910547137260437,0.8490687012672424,0.5086531043052673,0.8513298630714417,0.5124696493148804,0.8421448469161987,0.512769877910614,0.8379439115524292,0.49189791083335876,0.8394495248794556,0.5072887539863586,0.8412442207336426,0.5087505578994751,0.8349243998527527,0.509020984172821,0.8322693705558777,0.4940711259841919,0.8300325870513916,0.506201982498169,0.8303297758102417,0.5076406598091125,0.8282662034034729,0.5078408718109131,0.8289096355438232
agarrar,0,8,0.45258182287216187,0.8035257458686829,0.46196067333221436,0.8116008043289185,0.47884178161621094,0.8309150338172913,0.49738869071006775,0.8449889421463013,0.5138529539108276,0.8511723875999451,0.49008291959762573,0.8622347116470337,0.5096011757850647,0.8571979999542236,0.5092331767082214,0.8445084691047668,0.5055257081985474,0.8403233885765076,0.49239739775657654,0.8497764468193054,0.5100268125534058,0.8462260961532593,0.509977400302887,0.8348383903503418,0.5073699355125427,0.8307064771652222,0.49428412318229675,0.8366488814353943,0.5091797113418579,0.8337928652763367,0.5078389644622803,0.8255810141563416,0.5063243508338928,0.823736846446991,0.49717143177986145,0.8244568705558777,0.5083113312721252,0.8200511336326599,0.5066418647766113,0.8157501816749573,0.5047085881233215,0.8165842294692993
agarrar,0,9,0.4528610408306122,0.8013462424278259,0.4624215364456177,0.8085523843765259,0.47971686720848083,0.8281167149543762,0.4982258081436157,0.8425365686416626,0.5145952105522156,0.8494411110877991,0.4916158616542816,0.8619784712791443,0.5113718509674072,0.8543168902397156,0.5121245384216309,0.8410669565200806,0.5088143944740295,0.8348494172096252,0.49342110753059387,0.8476095795631409,0.5082250833511353,0.8407274484634399,0.509644627571106,0.8298981189727783,0.5094301700592041,0.8239503502845764,0.49447211623191833,0.8325695395469666,0.5061382055282593,0.8272780776023865,0.505841076374054,0.8204936385154724,0.5065022706985474,0.817651629447937,0.4967886805534363,0.8183865547180176,0.5050622820854187,0.814181387424469,0.5039069056510925,0.8118425011634827,0.5037065148353577,0.8131292462348938
agarrar,0,10,0.4515194296836853,0.8039035797119141,0.460603266954422,0.8044527173042297,0.4780031144618988,0.8210254311561584,0.4966167211532593,0.8332531452178955,0.5135312080383301,0.8403408527374268,0.48939406871795654,0.8604432940483093,0.5118474960327148,0.8472129106521606,0.5172075033187866,0.8332274556159973,0.5171135067939758,0.8278573751449585,0.49096807837486267,0.8494629859924316,0.510269820690155,0.8346476554870605,0.5162934064865112,0.8214457035064697,0.5186547636985779,0.8150703310966492,0.49255087971687317,0.8370316028594971,0.5100598931312561,0.82457435131073,0.5149796009063721,0.8145028352737427,0.5188999772071838,0.8106362819671631,0.4956786632537842,0.8254995942115784,0.5108551979064941,0.8175630569458008,0.5150440335273743,0.8138585090637207,0.5183882117271423,0.8144382238388062
agarrar,0,11,0.4481726884841919,0.8084357976913452,0.46096932888031006,0.8011575937271118,0.4784882962703705,0.8146503567695618,0.4961080551147461,0.8276535272598267,0.5122255682945251,0.8387222290039062,0.4861906170845032,0.8623840808868408,0.5089086294174194,0.8545629382133484,0.5160076022148132,0.8372098207473755,0.5159357786178589,0.8261037468910217,0.48614320158958435,0.862195611000061,0.5062869787216187,0.8568003177642822,0.5158454179763794,0.8408392667770386,0.5183203816413879,0.8261293768882751,0.48598283529281616,0.8572682738304138,0.504483699798584,0.853094220161438,0.5123246312141418,0.8389102816581726,0.5162721872329712,0.8283807635307312,0.48790353536605835,0.8514958024024963,0.5039427876472473,0.8486954569816589,0.5108067989349365,0.8399423360824585,0.5145977735519409,0.8329099416732788
agarrar,0,12,0.5517569184303284,0.8384860157966614,0.5379824042320251,0.8133185505867004,0.5220611095428467,0.7831457257270813,0.5064592957496643,0.7652530074119568,0.4936809539794922,0.7553542852401733,0.531702995300293,0.754555881023407,0.5080210566520691,0.7351107597351074,0.4920012950897217,0.750146210193634,0.48523813486099243,0.7667903304100037,0.5361202359199524,0.7690395712852478,0.5087411403656006,0.7514933347702026,0.49173253774642944,0.7701728940010071,0.48769018054008484,0.7853091359138489,0.5386187434196472,0.7916665077209473,0.513325035572052,0.7715448141098022,0.49771344661712646,0.7865997552871704,0.493757426738739,0.7993508577346802,0.5392477512359619,0.8173321485519409,0.519819974899292,0.8049004077911377,0.5081809163093567,0.8097116351127625,0.5046293139457703,0.8166455626487732
agarrar,0,13,0.5527673363685608,0.8381034135818481,0.5366569757461548,0.8126234412193298,0.5241860747337341,0.7801159024238586,0.5142099857330322,0.7588871121406555,0.5044770240783691,0.7454849481582642,0.5368458032608032,0.7540228366851807,0.5145389437675476,0.7279779314994812,0.49736008048057556,0.7412420511245728,0.48864495754241943,0.7589197754859924,0.5409713983535767,0.7696816921234131,0.5177974700927734,0.7461491823196411,0.49804967641830444,0.7601282000541687,0.48983028531074524,0.7757337093353271,0.5425670146942139,0.7935766577720642,0.522040069103241,0.7713009119033813,0.5041838884353638,0.779727041721344,0.4964255392551422,0.7900242209434509,0.5416914224624634,0.8205575346946716,0.525725245475769,0.8063541650772095,0.5118860602378845,0.8068893551826477,0.5039876699447632,0.8108370304107666
agarrar,0,14,0.5535241365432739,0.8436444997787476,0.5345901846885681,0.8151679039001465,0.5244510769844055,0.7804107666015625,0.5168442130088806,0.7573122978210449,0.508447527885437,0.7427088022232056,0.5431138277053833,0.7516313195228577,0.5273163318634033,0.7231683135032654,0.5093958973884583,0.727516233921051,0.49659380316734314,0.7381042838096619,0.5483407378196716,0.7680298089981079,0.5292665362358093,0.743338942527771,0.5079013705253601,0.7502685785293579,0.49505940079689026,0.7619116306304932,0.5497656464576721,0.7923231720924377,0.5313199758529663,0.770893394947052,0.511000394821167,0.7729141116142273,0.4987361431121826,0.7789065837860107,0.5483527779579163,0.8193447589874268,0.5304674506187439,0.8032561540603638,0.5147081613540649,0.8015894293785095,0.504217267036438,0.8043128848075867
agarrar,0,15,0.5574231743812561,0.8468141555786133,0.5379853248596191,0.8142654895782471,0.5298190116882324,0.7763720154762268,0.5236178636550903,0.7492063641548157,0.5145276188850403,0.7321009039878845,0.5515584349632263,0.7530208230018616,0.53996741771698,0.7212253212928772,0.5225058794021606,0.7194692492485046,0.5080618858337402,0.7251042127609253,0.556895911693573,0.7698895931243896,0.5406392216682434,0.7443187832832336,0.5189892649650574,0.7458787560462952,0.5039412975311279,0.752505898475647,0.5581272840499878,0.7937529683113098,0.5421223640441895,0.7726305723190308,0.5220674276351929,0.7687686681747437,0.5077448487281799,0.7693407535552979,0.5560470223426819,0.8203893899917603,0.5414708852767944,0.8044513463973999,0.5273404717445374,0.7984682321548462,0.5160139799118042,0.7955645322799683
agarrar,0,16,0.422828733921051,0.8059052228927612,0.43365997076034546,0.7722442150115967,0.4517652094364166,0.7688970565795898,0.4704185724258423,0.7866678237915039,0.4871058166027069,0.8012977838516235,0.4484727084636688,0.8319034576416016,0.4812910854816437,0.8463688492774963,0.49461352825164795,0.8262603878974915,0.4975059926509857,0.804541826248169,0.4508008360862732,0.8544963002204895,0.48575302958488464,0.8613412380218506,0.4977356493473053,0.8327652812004089,0.49770328402519226,0.8091613054275513,0.4543605446815491,0.8622580170631409,0.4871639311313629,0.8668627142906189,0.4967508614063263,0.8402014374732971,0.4972267746925354,0.8186976909637451,0.45830926299095154,0.8611100316047668,0.48297879099845886,0.8635491728782654,0.49309635162353516,0.8454821109771729,0.4958529472351074,0.8286470174789429
agarrar,0,17,0.5660278797149658,0.8382774591445923,0.551436185836792,0.7951178550720215,0.5424624681472778,0.7534605860710144,0.5338208675384521,0.7281046509742737,0.5227024555206299,0.7113937735557556,0.5674336552619934,0.7376149892807007,0.5575059056282043,0.7179679870605469,0.5422320365905762,0.7188028693199158,0.530457079410553,0.7199156880378723,0.5725027918815613,0.7605338096618652,0.5544512867927551,0.7441585659980774,0.5366042852401733,0.7468131184577942,0.5264604687690735,0.7486231327056885,0.5722803473472595,0.7886772155761719,0.5519949793815613,0.77450031042099,0.539972186088562,0.7723466157913208,0.5354011654853821,0.7694772481918335,0.5673463940620422,0.8183935880661011,0.5477355122566223,0.8067563772201538,0.5409398674964905,0.8024029731750488,0.5410869121551514,0.7977662086486816
agarrar,0,18,0.4063045382499695,0.8108763098716736,0.41175687313079834,0.7782089710235596,0.425991415977478,0.7623617649078369,0.443117618560791,0.7697473764419556,0.4602949917316437,0.7813320159912109,0.42287972569465637,0.8288882970809937,0.45201799273490906,0.8372290730476379,0.4692901372909546,0.8194364309310913,0.47769472002983093,0.8013625741004944,0.42962440848350525,0.851584255695343,0.4595161974430084,0.8526346683502197,0.47517648339271545,0.8313022255897522,0.47957149147987366,0.8115264773368835,0.4360441565513611,0.8607526421546936,0.46288567781448364,0.8610687255859375,0.47576087713241577,0.8406141996383667,0.4808291494846344,0.8225420713424683,0.4423419237136841,0.8627852201461792,0.4635232985019684,0.8632125854492188,0.4750472605228424,0.8509123921394348,0.4800908863544464,0.8379723429679871
agarrar,0,19,0.5646750330924988,0.8257061243057251,0.5587760210037231,0.7844319343566895,0.5562366247177124,0.7451554536819458,0.5514612793922424,0.7220785617828369,0.5459505319595337,0.704351544380188,0.5645014047622681,0.731399416923523,0.5912660360336304,0.7260962128639221,0.579947829246521,0.73466956615448,0.5665715336799622,0.733795702457428,0.5661483407020569,0.7627457976341248,0.5958737134933472,0.7618955969810486,0.579186201095581,0.7676222324371338,0.5662607550621033,0.7670136094093323,0.5676847100257874,0.7969304323196411,0.5928067564964294,0.7942928671836853,0.5781745910644531,0.7957156896591187,0.5672323107719421,0.7933364510536194,0.5688775181770325,0.8281140327453613,0.5825598835945129,0.8299095034599304,0.5731379985809326,0.8279398083686829,0.5647280812263489,0.8256638050079346
agarrar,1,0,0.4511803686618805,0.8066647052764893,0.46288245916366577,0.812717080116272,0.4793129563331604,0.8320947289466858,0.49621567130088806,0.8489936590194702,0.5130136609077454,0.857566237449646,0.49014946818351746,0.8513866066932678,0.5075957179069519,0.8581522107124329,0.512357771396637,0.85207200050354,0.5113330483436584,0.8475317358970642,0.4897148609161377,0.8471918702125549,0.5071778297424316,0.8539506793022156,0.5120108723640442,0.847537100315094,0.5125870108604431,0.8454926609992981,0.48997920751571655,0.84246826171875,0.5060315728187561,0.848714292049408,0.509024977684021,0.8444108366966248,0.5094031691551208,0.8424994349479675,0.49149414896965027,0.8373692035675049,0.50498366355896,0.8422374725341797,0.5083541870117188,0.8425731062889099,0.5088081359863281,0.8436311483383179
agarrar,1,1,0.0,0.0,0.0,0.0,0.0,0.0,0.0,0.0,0.0,0.0,0.0,0.0,0.0,0.0,0.0,0.0,0.0,0.0,0.0,0.0,0.0,0.0,0.0,0.0,0.0,0.0,0.0,0.0,0.0,0.0,0.0,0.0,0.0,0.0,0.0,0.0,0.0,0.0,0.0,0.0,0.0,0.0
agarrar,1,2,0.4516103267669678,0.8054330945014954,0.46219366788864136,0.8125744462013245,0.47875624895095825,0.8320165276527405,0.4965735971927643,0.8477221131324768,0.5136338472366333,0.8548181056976318,0.4902178645133972,0.8584475517272949,0.5091733932495117,0.8592916131019592,0.5130742192268372,0.8487934470176697,0.5114182829856873,0.8428125977516174,0.4910547137260437,0.8490687012672424,0.5086531043052673,0.8513298630714417,0.5124696493148804,0.8421448469161987,0.512769877910614,0.8379439115524292,0.49189791083335876,0.8394495248794556,0.5072887539863586,0.8412442207336426,0.5087505578994751,0.8349243998527527,0.509020984172821,0.8322693705558777,0.4940711259841919,0.8300325870513916,0.506201982498169,0.8303297758102417,0.5076406598091125,0.8282662034034729,0.5078408718109131,0.8289096355438232
agarrar,1,3,0.45258182287216187,0.8035257458686829,0.46196067333221436,0.8116008043289185,0.47884178161621094,0.8309150338172913,0.49738869071006775,0.8449889421463013,0.5138529539108276,0.8511723875999451,0.49008291959762573,0.8622347116470337,0.5096011757850647,0.8571979999542236,0.5092331767082214,0.8445084691047668,0.5055257081985474,0.8403233885765076,0.49239739775657654,0.8497764468193054,0.5100268125534058,0.8462260961532593,0.509977400302887,0.8348383903503418,0.5073699355125427,0.8307064771652222,0.49428412318229675,0.8366488814353943,0.5091797113418579,0.8337928652763367,0.5078389644622803,0.8255810141563416,0.5063243508338928,0.823736846446991,0.49717143177986145,0.8244568705558777,0.5083113312721252,0.8200511336326599,0.5066418647766113,0.8157501816749573,0.5047085881233215,0.8165842294692993
agarrar,1,4,0.4528610408306122,0.8013462424278259,0.4624215364456177,0.8085523843765259,0.47971686720848083,0.8281167149543762,0.4982258081436157,0.8425365686416626,0.5145952105522156,0.8494411110877991,0.4916158616542816,0.8619784712791443,0.5113718509674072,0.8543168902397156,0.5121245384216309,0.8410669565200806,0.5088143944740295,0.8348494172096252,0.49342110753059387,0.8476095795631409,0.5082250833511353,0.8407274484634399,0.509644627571106,0.8298981189727783,0.5094301700592041,0.8239503502845764,0.49447211623191833,0.8325695395469666,0.5061382055282593,0.8272780776023865,0.505841076374054,0.8204936385154724,0.5065022706985474,0.817651629447937,0.4967886805534363,0.8183865547180176,0.5050622820854187,0.814181387424469,0.5039069056510925,0.8118425011634827,0.5037065148353577,0.8131292462348938
agarrar,1,5,0.4515194296836853,0.8039035797119141,0.460603266954422,0.8044527173042297,0.4780031144618988,0.8210254311561584,0.4966167211532593,0.8332531452178955,0.5135312080383301,0.8403408527374268,0.48939406871795654,0.8604432940483093,0.5118474960327148,0.8472129106521606,0.5172075033187866,0.8332274556159973,0.5171135067939758,0.8278573751449585,0.49096807837486267,0.8494629859924316,0.510269820690155,0.8346476554870605,0.5162934064865112,0.8214457035064697,0.5186547636985779,0.8150703310966492,0.49255087971687317,0.8370316028594971,0.5100598931312561,0.82457435131073,0.5149796009063721,0.8145028352737427,0.5188999772071838,0.8106362819671631,0.4956786632537842,0.8254995942115784,0.5108551979064941,0.8175630569458008,0.5150440335273743,0.8138585090637207,0.5183882117271423,0.8144382238388062
agarrar,1,6,0.4481726884841919,0.8084357976913452,0.46096932888031006,0.8011575937271118,0.4784882962703705,0.8146503567695618,0.4961080551147461,0.8276535272598267,0.5122255682945251,0.8387222290039062,0.4861906170845032,0.8623840808868408,0.5089086294174194,0.8545629382133484,0.5160076022148132,0.8372098207473755,0.5159357786178589,0.8261037468910217,0.48614320158958435,0.862195611000061,0.5062869787216187,0.8568003177642822,0.5158454179763794,0.8408392667770386,0.5183203816413879,0.8261293768882751,0.48598283529281616,0.8572682738304138,0.504483699798584,0.853094220161438,0.5123246312141418,0.8389102816581726,0.5162721872329712,0.8283807635307312,0.48790353536605835,0.8514958024024963,0.5039427876472473,0.8486954569816589,0.5108067989349365,0.8399423360824585,0.5145977735519409,0.8329099416732788
agarrar,1,7,0.5517569184303284,0.8384860157966614,0.5379824042320251,0.8133185505867004,0.5220611095428467,0.7831457257270813,0.5064592957496643,0.7652530074119568,0.4936809539794922,0.7553542852401733,0.531702995300293,0.754555881023407,0.5080210566520691,0.7351107597351074,0.4920012950897217,0.750146210193634,0.48523813486099243,0.7667903304100037,0.5361202359199524,0.7690395712852478,0.5087411403656006,0.7514933347702026,0.49173253774642944,0.7701728940010071,0.48769018054008484,0.7853091359138489,0.5386187434196472,0.7916665077209473,0.513325035572052,0.7715448141098022,0.49771344661712646,0.7865997552871704,0.493757426738739,0.7993508577346802,0.5392477512359619,0.8173321485519409,0.519819974899292,0.8049004077911377,0.5081809163093567,0.8097116351127625,0.5046293139457703,0.8166455626487732
agarrar,1,8,0.5527673363685608,0.8381034135818481,0.5366569757461548,0.8126234412193298,0.5241860747337341,0.7801159024238586,0.5142099857330322,0.7588871121406555,0.5044770240783691,0.7454849481582642,0.5368458032608032,0.7540228366851807,0.5145389437675476,0.7279779314994812,0.49736008048057556,0.7412420511245728,0.48864495754241943,0.7589197754859924,0.5409713983535767,0.7696816921234131,0.5177974700927734,0.7461491823196411,0.49804967641830444,0.7601282000541687,0.48983028531074524,0.7757337093353271,0.5425670146942139,0.7935766577720642,0.522040069103241,0.7713009119033813,0.5041838884353638,0.779727041721344,0.4964255392551422,0.7900242209434509,0.5416914224624634,0.8205575346946716,0.525725245475769,0.8063541650772095,0.5118860602378845,0.8068893551826477,0.5039876699447632,0.8108370304107666
agarrar,1,9,0.5535241365432739,0.8436444997787476,0.5345901846885681,0.8151679039001465,0.5244510769844055,0.7804107666015625,0.5168442130088806,0.7573122978210449,0.508447527885437,0.7427088022232056,0.5431138277053833,0.7516313195228577,0.5273163318634033,0.7231683135032654,0.5093958973884583,0.727516233921051,0.49659380316734314,0.7381042838096619,0.5483407378196716,0.7680298089981079,0.5292665362358093,0.743338942527771,0.5079013705253601,0.7502685785293579,0.49505940079689026,0.7619116306304932,0.5497656464576721,0.7923231720924377,0.5313199758529663,0.770893394947052,0.511000394821167,0.7729141116142273,0.4987361431121826,0.7789065837860107,0.5483527779579163,0.8193447589874268,0.5304674506187439,0.8032561540603638,0.5147081613540649,0.8015894293785095,0.504217267036438,0.8043128848075867
agarrar,1,10,0.5574231743812561,0.8468141555786133,0.5379853248596191,0.8142654895782471,0.5298190116882324,0.7763720154762268,0.5236178636550903,0.7492063641548157,0.5145276188850403,0.7321009039878845,0.5515584349632263,0.7530208230018616,0.53996741771698,0.7212253212928772,0.5225058794021606,0.7194692492485046,0.5080618858337402,0.7251042127609253,0.556895911693573,0.7698895931243896,0.5406392216682434,0.7443187832832336,0.5189892649650574,0.7458787560462952,0.5039412975311279,0.752505898475647,0.5581272840499878,0.7937529683113098,0.5421223640441895,0.7726305723190308,0.5220674276351929,0.7687686681747437,0.5077448487281799,0.7693407535552979,0.5560470223426819,0.8203893899917603,0.5414708852767944,0.8044513463973999,0.5273404717445374,0.7984682321548462,0.5160139799118042,0.7955645322799683
agarrar,1,11,0.422828733921051,0.8059052228927612,0.43365997076034546,0.7722442150115967,0.4517652094364166,0.7688970565795898,0.4704185724258423,0.7866678237915039,0.4871058166027069,0.8012977838516235,0.4484727084636688,0.8319034576416016,0.4812910854816437,0.8463688492774963,0.49461352825164795,0.8262603878974915,0.4975059926509857,0.804541826248169,0.4508008360862732,0.8544963002204895,0.48575302958488464,0.8613412380218506,0.4977356493473053,0.8327652812004089,0.49770328402519226,0.8091613054275513,0.4543605446815491,0.8622580170631409,0.4871639311313629,0.8668627142906189,0.4967508614063263,0.8402014374732971,0.4972267746925354,0.8186976909637451,0.45830926299095154,0.8611100316047668,0.48297879099845886,0.8635491728782654,0.49309635162353516,0.8454821109771729,0.4958529472351074,0.8286470174789429
agarrar,1,12,0.5660278797149658,0.8382774591445923,0.551436185836792,0.7951178550720215,0.5424624681472778,0.7534605860710144,0.5338208675384521,0.7281046509742737,0.5227024555206299,0.7113937735557556,0.5674336552619934,0.7376149892807007,0.5575059056282043,0.7179679870605469,0.5422320365905762,0.7188028693199158,0.530457079410553,0.7199156880378723,0.5725027918815613,0.7605338096618652,0.5544512867927551,0.7441585659980774,0.5366042852401733,0.7468131184577942,0.5264604687690735,0.7486231327056885,0.5722803473472595,0.7886772155761719,0.5519949793815613,0.77450031042099,0.539972186088562,0.7723466157913208,0.5354011654853821,0.7694772481918335,0.5673463940620422,0.8183935880661011,0.5477355122566223,0.8067563772201538,0.5409398674964905,0.8024029731750488,0.5410869121551514,0.7977662086486816
agarrar,1,13,0.4063045382499695,0.8108763098716736,0.41175687313079834,0.7782089710235596,0.425991415977478,0.7623617649078369,0.443117618560791,0.7697473764419556,0.4602949917316437,0.7813320159912109,0.42287972569465637,0.8288882970809937,0.45201799273490906,0.8372290730476379,0.4692901372909546,0.8194364309310913,0.47769472002983093,0.8013625741004944,0.42962440848350525,0.851584255695343,0.4595161974430084,0.8526346683502197,0.47517648339271545,0.8313022255897522,0.47957149147987366,0.8115264773368835,0.4360441565513611,0.8607526421546936,0.46288567781448364,0.8610687255859375,0.47576087713241577,0.8406141996383667,0.4808291494846344,0.8225420713424683,0.4423419237136841,0.8627852201461792,0.4635232985019684,0.8632125854492188,0.4750472605228424,0.8509123921394348,0.4800908863544464,0.8379723429679871
agarrar,1,14,0.5646750330924988,0.8257061243057251,0.5587760210037231,0.7844319343566895,0.5562366247177124,0.7451554536819458,0.5514612793922424,0.7220785617828369,0.5459505319595337,0.704351544380188,0.5645014047622681,0.731399416923523,0.5912660360336304,0.7260962128639221,0.579947829246521,0.73466956615448,0.5665715336799622,0.733795702457428,0.5661483407020569,0.7627457976341248,0.5958737134933472,0.7618955969810486,0.579186201095581,0.7676222324371338,0.5662607550621033,0.7670136094093323,0.5676847100257874,0.7969304323196411,0.5928067564964294,0.7942928671836853,0.5781745910644531,0.7957156896591187,0.5672323107719421,0.7933364510536194,0.5688775181770325,0.8281140327453613,0.5825598835945129,0.8299095034599304,0.5731379985809326,0.8279398083686829,0.5647280812263489,0.8256638050079346
agarrar,1,15,0.5499070882797241,0.7492430210113525,0.5536378026008606,0.7547209858894348,0.5692141056060791,0.7666921019554138,0.5847771763801575,0.7743659615516663,0.5972164869308472,0.7776331305503845,0.5709284543991089,0.7751380801200867,0.5984617471694946,0.7876992225646973,0.6020871996879578,0.7853195667266846,0.5974984169006348,0.7805690169334412,0.5697434544563293,0.7844724059104919,0.6029189825057983,0.7974748611450195,0.6026307940483093,0.795016884803772,0.5931922793388367,0.7883977890014648,0.5699794292449951,0.7917186617851257,0.6002388000488281,0.807273805141449,0.5997188091278076,0.8066696524620056,0.5904269814491272,0.8032867908477783,0.5699216723442078,0.7974810004234314,0.5946468114852905,0.8160764575004578,0.5961061716079712,0.8182014226913452,0.5894047617912292,0.8174509406089783
agarrar,1,16,0.5800568461418152,0.8196571469306946,0.5743795037269592,0.7885828018188477,0.573586106300354,0.7571163177490234,0.5717363357543945,0.7353816628456116,0.5713710784912109,0.7173689007759094,0.6073352694511414,0.7723091840744019,0.6194090247154236,0.7614554166793823,0.6051507592201233,0.7500408291816711,0.5900579690933228,0.7447085380554199,0.6062067151069641,0.8032734990119934,0.6153157353401184,0.8011133074760437,0.5977684259414673,0.790376603603363,0.5828890800476074,0.784171998500824,0.6000187993049622,0.8307309150695801,0.6071345210075378,0.83320552110672,0.5924095511436462,0.8232161402702332,0.5795600414276123,0.8140842914581299,0.5914691686630249,0.8548884987831116,0.5927891135215759,0.8608590960502625,0.5819474458694458,0.853408932685852,0.5729508399963379,0.8447679877281189
agarrar,1,17,0.5791287422180176,0.8048887848854065,0.5810557007789612,0.7804037928581238,0.5897880792617798,0.7594757080078125,0.5898082852363586,0.7436397075653076,0.5875041484832764,0.7275900840759277,0.6194376349449158,0.7955842018127441,0.6258687973022461,0.7959487438201904,0.6116212010383606,0.7831970453262329,0.59686678647995,0.7759974598884583,0.6158824563026428,0.8230124711990356,0.6216585040092468,0.8286609649658203,0.6054258942604065,0.8138245344161987,0.5905930995941162,0.8033121824264526,0.6095904111862183,0.8467003107070923,0.6137645244598389,0.8514392375946045,0.5990343689918518,0.8360939025878906,0.5865450501441956,0.8245048522949219,0.600451648235321,0.8663305044174194,0.6003447771072388,0.8707146644592285,0.5902044773101807,0.8586652874946594,0.581689715385437,0.8492028713226318
agarrar,1,18,0.6059924960136414,0.79812091588974,0.5960386991500854,0.813017725944519,0.5911208391189575,0.8270342350006104,0.5951316356658936,0.8265342712402344,0.6022617220878601,0.8211800456047058,0.6194957494735718,0.8512484431266785,0.6178068518638611,0.863345742225647,0.6059213876724243,0.8474588990211487,0.5944084525108337,0.8349994421005249,0.6273206472396851,0.8383166790008545,0.6265614628791809,0.8478847742080688,0.6116079688072205,0.8307827711105347,0.5977596044540405,0.8162762522697449,0.6318721175193787,0.823060929775238,0.6347524523735046,0.8277267813682556,0.6191346049308777,0.8147099018096924,0.6049531102180481,0.8024623394012451,0.633071780204773,0.805075466632843,0.6316741704940796,0.799237072467804,0.619478702545166,0.789496123790741,0.6081339120864868,0.780255138874054
agarrar,1,19,0.6369915008544922,0.8334821462631226,0.634004533290863,0.8006302714347839,0.625786542892456,0.7774178981781006,0.6155247688293457,0.7640487551689148,0.6102437973022461,0.7551220655441284,0.6399819254875183,0.8373515009880066,0.6334667801856995,0.8396800756454468,0.6211713552474976,0.825730562210083,0.6092482805252075,0.8093780279159546,0.6326997876167297,0.8624700903892517,0.6255371570587158,0.861427903175354,0.6126072406768799,0.8395370244979858,0.6016194820404053,0.8206684589385986,0.6218962669372559,0.8796864151954651,0.61435467004776,0.8787603974342346,0.6030920147895813,0.858445405960083,0.5948625802993774,0.8395350575447083,0.6090944409370422,0.888931155204773,0.6029926538467407,0.8898437023162842,0.5961401462554932,0.8740612268447876,0.5897167325019836,0.8586393594741821
agarrar,2,0,0.4515194296836853,0.8039035797119141,0.460603266954422,0.8044527173042297,0.4780031144618988,0.8210254311561584,0.4966167211532593,0.8332531452178955,0.5135312080383301,0.8403408527374268,0.48939406871795654,0.8604432940483093,0.5118474960327148,0.8472129106521606,0.5172075033187866,0.8332274556159973,0.5171135067939758,0.8278573751449585,0.49096807837486267,0.8494629859924316,0.510269820690155,0.8346476554870605,0.5162934064865112,0.8214457035064697,0.5186547636985779,0.8150703310966492,0.49255087971687317,0.8370316028594971,0.5100598931312561,0.82457435131073,0.5149796009063721,0.8145028352737427,0.5188999772071838,0.8106362819671631,0.4956786632537842,0.8254995942115784,0.5108551979064941,0.8175630569458008,0.5150440335273743,0.8138585090637207,0.5183882117271423,0.8144382238388062
agarrar,2,1,0.4481726884841919,0.8084357976913452,0.46096932888031006,0.8011575937271118,0.4784882962703705,0.8146503567695618,0.4961080551147461,0.8276535272598267,0.5122255682945251,0.8387222290039062,0.4861906170845032,0.8623840808868408,0.5089086294174194,0.8545629382133484,0.5160076022148132,0.8372098207473755,0.5159357786178589,0.8261037468910217,0.48614320158958435,0.862195611000061,0.5062869787216187,0.8568003177642822,0.5158454179763794,0.8408392667770386,0.5183203816413879,0.8261293768882751,0.48598283529281616,0.8572682738304138,0.504483699798584,0.853094220161438,0.5123246312141418,0.8389102816581726,0.5162721872329712,0.8283807635307312,0.48790353536605835,0.8514958024024963,0.5039427876472473,0.8486954569816589,0.5108067989349365,0.8399423360824585,0.5145977735519409,0.8329099416732788
agarrar,2,2,0.5517569184303284,0.8384860157966614,0.5379824042320251,0.8133185505867004,0.5220611095428467,0.7831457257270813,0.5064592957496643,0.7652530074119568,0.4936809539794922,0.7553542852401733,0.531702995300293,0.754555881023407,0.5080210566520691,0.7351107597351074,0.4920012950897217,0.750146210193634,0.48523813486099243,0.7667903304100037,0.5361202359199524,0.7690395712852478,0.5087411403656006,0.7514933347702026,0.49173253774642944,0.7701728940010071,0.48769018054008484,0.7853091359138489,0.5386187434196472,0.7916665077209473,0.513325035572052,0.7715448141098022,0.49771344661712646,0.7865997552871704,0.493757426738739,0.7993508577346802,0.5392477512359619,0.8173321485519409,0.519819974899292,0.8049004077911377,0.5081809163093567,0.8097116351127625,0.5046293139457703,0.8166455626487732
agarrar,2,3,0.5527673363685608,0.8381034135818481,0.5366569757461548,0.8126234412193298,0.5241860747337341,0.7801159024238586,0.5142099857330322,0.7588871121406555,0.5044770240783691,0.7454849481582642,0.5368458032608032,0.7540228366851807,0.5145389437675476,0.7279779314994812,0.49736008048057556,0.7412420511245728,0.48864495754241943,0.7589197754859924,0.5409713983535767,0.7696816921234131,0.5177974700927734,0.7461491823196411,0.49804967641830444,0.7601282000541687,0.48983028531074524,0.7757337093353271,0.5425670146942139,0.7935766577720642,0.522040069103241,0.7713009119033813,0.5041838884353638,0.779727041721344,0.4964255392551422,0.7900242209434509,0.5416914224624634,0.8205575346946716,0.525725245475769,0.8063541650772095,0.5118860602378845,0.8068893551826477,0.5039876699447632,0.8108370304107666
agarrar,2,4,0.5535241365432739,0.8436444997787476,0.5345901846885681,0.8151679039001465,0.5244510769844055,0.7804107666015625,0.5168442130088806,0.7573122978210449,0.508447527885437,0.7427088022232056,0.5431138277053833,0.7516313195228577,0.5273163318634033,0.7231683135032654,0.5093958973884583,0.727516233921051,0.49659380316734314,0.7381042838096619,0.5483407378196716,0.7680298089981079,0.5292665362358093,0.743338942527771,0.5079013705253601,0.7502685785293579,0.49505940079689026,0.7619116306304932,0.5497656464576721,0.7923231720924377,0.5313199758529663,0.770893394947052,0.511000394821167,0.7729141116142273,0.4987361431121826,0.7789065837860107,0.5483527779579163,0.8193447589874268,0.5304674506187439,0.8032561540603638,0.5147081613540649,0.8015894293785095,0.504217267036438,0.8043128848075867
agarrar,2,5,0.5574231743812561,0.8468141555786133,0.5379853248596191,0.8142654895782471,0.5298190116882324,0.7763720154762268,0.5236178636550903,0.7492063641548157,0.5145276188850403,0.7321009039878845,0.5515584349632263,0.7530208230018616,0.53996741771698,0.7212253212928772,0.5225058794021606,0.7194692492485046,0.5080618858337402,0.7251042127609253,0.556895911693573,0.7698895931243896,0.5406392216682434,0.7443187832832336,0.5189892649650574,0.7458787560462952,0.5039412975311279,0.752505898475647,0.5581272840499878,0.7937529683113098,0.5421223640441895,0.7726305723190308,0.5220674276351929,0.7687686681747437,0.5077448487281799,0.7693407535552979,0.5560470223426819,0.8203893899917603,0.5414708852767944,0.8044513463973999,0.5273404717445374,0.7984682321548462,0.5160139799118042,0.7955645322799683
agarrar,2,6,0.422828733921051,0.8059052228927612,0.43365997076034546,0.7722442150115967,0.4517652094364166,0.7688970565795898,0.4704185724258423,0.7866678237915039,0.4871058166027069,0.8012977838516235,0.4484727084636688,0.8319034576416016,0.4812910854816437,0.8463688492774963,0.49461352825164795,0.8262603878974915,0.4975059926509857,0.804541826248169,0.4508008360862732,0.8544963002204895,0.48575302958488464,0.8613412380218506,0.4977356493473053,0.8327652812004089,0.49770328402519226,0.8091613054275513,0.4543605446815491,0.8622580170631409,0.4871639311313629,0.8668627142906189,0.4967508614063263,0.8402014374732971,0.4972267746925354,0.8186976909637451,0.45830926299095154,0.8611100316047668,0.48297879099845886,0.8635491728782654,0.49309635162353516,0.8454821109771729,0.4958529472351074,0.8286470174789429
agarrar,2,7,0.5660278797149658,0.8382774591445923,0.551436185836792,0.7951178550720215,0.5424624681472778,0.7534605860710144,0.5338208675384521,0.7281046509742737,0.5227024555206299,0.7113937735557556,0.5674336552619934,0.7376149892807007,0.5575059056282043,0.7179679870605469,0.5422320365905762,0.7188028693199158,0.530457079410553,0.7199156880378723,0.5725027918815613,0.7605338096618652,0.5544512867927551,0.7441585659980774,0.5366042852401733,0.7468131184577942,0.5264604687690735,0.7486231327056885,0.5722803473472595,0.7886772155761719,0.5519949793815613,0.77450031042099,0.539972186088562,0.7723466157913208,0.5354011654853821,0.7694772481918335,0.5673463940620422,0.8183935880661011,0.5477355122566223,0.8067563772201538,0.5409398674964905,0.8024029731750488,0.5410869121551514,0.7977662086486816
agarrar,2,8,0.4063045382499695,0.8108763098716736,0.41175687313079834,0.7782089710235596,0.425991415977478,0.7623617649078369,0.443117618560791,0.7697473764419556,0.4602949917316437,0.7813320159912109,0.42287972569465637,0.8288882970809937,0.45201799273490906,0.8372290730476379,0.4692901372909546,0.8194364309310913,0.47769472002983093,0.8013625741004944,0.42962440848350525,0.851584255695343,0.4595161974430084,0.8526346683502197,0.47517648339271545,0.8313022255897522,0.47957149147987366,0.8115264773368835,0.4360441565513611,0.8607526421546936,0.46288567781448364,0.8610687255859375,0.47576087713241577,0.8406141996383667,0.4808291494846344,0.8225420713424683,0.4423419237136841,0.8627852201461792,0.4635232985019684,0.8632125854492188,0.4750472605228424,0.8509123921394348,0.4800908863544464,0.8379723429679871
agarrar,2,9,0.5646750330924988,0.8257061243057251,0.5587760210037231,0.7844319343566895,0.5562366247177124,0.7451554536819458,0.5514612793922424,0.7220785617828369,0.5459505319595337,0.704351544380188,0.5645014047622681,0.731399416923523,0.5912660360336304,0.7260962128639221,0.579947829246521,0.73466956615448,0.5665715336799622,0.733795702457428,0.5661483407020569,0.7627457976341248,0.5958737134933472,0.7618955969810486,0.579186201095581,0.7676222324371338,0.5662607550621033,0.7670136094093323,0.5676847100257874,0.7969304323196411,0.5928067564964294,0.7942928671836853,0.5781745910644531,0.7957156896591187,0.5672323107719421,0.7933364510536194,0.5688775181770325,0.8281140327453613,0.5825598835945129,0.8299095034599304,0.5731379985809326,0.8279398083686829,0.5647280812263489,0.8256638050079346
agarrar,2,10,0.5499070882797241,0.7492430210113525,0.5536378026008606,0.7547209858894348,0.5692141056060791,0.7666921019554138,0.5847771763801575,0.7743659615516663,0.5972164869308472,0.7776331305503845,0.5709284543991089,0.7751380801200867,0.5984617471694946,0.7876992225646973,0.6020871996879578,0.7853195667266846,0.5974984169006348,0.7805690169334412,0.5697434544563293,0.7844724059104919,0.6029189825057983,0.7974748611450195,0.6026307940483093,0.795016884803772,0.5931922793388367,0.7883977890014648,0.5699794292449951,0.7917186617851257,0.6002388000488281,0.807273805141449,0.5997188091278076,0.8066696524620056,0.5904269814491272,0.8032867908477783,0.5699216723442078,0.7974810004234314,0.5946468114852905,0.8160764575004578,0.5961061716079712,0.8182014226913452,0.5894047617912292,0.8174509406089783
agarrar,2,11,0.5800568461418152,0.8196571469306946,0.5743795037269592,0.7885828018188477,0.573586106300354,0.7571163177490234,0.5717363357543945,0.7353816628456116,0.5713710784912109,0.7173689007759094,0.6073352694511414,0.7723091840744019,0.6194090247154236,0.7614554166793823,0.6051507592201233,0.7500408291816711,0.5900579690933228,0.7447085380554199,0.6062067151069641,0.8032734990119934,0.6153157353401184,0.8011133074760437,0.5977684259414673,0.790376603603363,0.5828890800476074,0.784171998500824,0.6000187993049622,0.8307309150695801,0.6071345210075378,0.83320552110672,0.5924095511436462,0.8232161402702332,0.5795600414276123,0.8140842914581299,0.5914691686630249,0.8548884987831116,0.5927891135215759,0.8608590960502625,0.5819474458694458,0.853408932685852,0.5729508399963379,0.8447679877281189
agarrar,2,12,0.5791287422180176,0.8048887848854065,0.5810557007789612,0.7804037928581238,0.5897880792617798,0.7594757080078125,0.5898082852363586,0.7436397075653076,0.5875041484832764,0.7275900840759277,0.6194376349449158,0.7955842018127441,0.6258687973022461,0.7959487438201904,0.6116212010383606,0.7831970453262329,0.59686678647995,0.7759974598884583,0.6158824563026428,0.8230124711990356,0.6216585040092468,0.8286609649658203,0.6054258942604065,0.8138245344161987,0.5905930995941162,0.8033121824264526,0.6095904111862183,0.8467003107070923,0.6137645244598389,0.8514392375946045,0.5990343689918518,0.8360939025878906,0.5865450501441956,0.8245048522949219,0.600451648235321,0.8663305044174194,0.6003447771072388,0.8707146644592285,0.5902044773101807,0.8586652874946594,0.581689715385437,0.8492028713226318
agarrar,2,13,0.6059924960136414,0.79812091588974,0.5960386991500854,0.813017725944519,0.5911208391189575,0.8270342350006104,0.5951316356658936,0.8265342712402344,0.6022617220878601,0.8211800456047058,0.6194957494735718,0.8512484431266785,0.6178068518638611,0.863345742225647,0.6059213876724243,0.8474588990211487,0.5944084525108337,0.8349994421005249,0.6273206472396851,0.8383166790008545,0.6265614628791809,0.8478847742080688,0.6116079688072205,0.8307827711105347,0.5977596044540405,0.8162762522697449,0.6318721175193787,0.823060929775238,0.6347524523735046,0.8277267813682556,0.6191346049308777,0.8147099018096924,0.6049531102180481,0.8024623394012451,0.633071780204773,0.805075466632843,0.6316741704940796,0.799237072467804,0.619478702545166,0.789496123790741,0.6081339120864868,0.780255138874054
agarrar,2,14,0.6369915008544922,0.8334821462631226,0.634004533290863,0.8006302714347839,0.625786542892456,0.7774178981781006,0.6155247688293457,0.7640487551689148,0.6102437973022461,0.7551220655441284,0.6399819254875183,0.8373515009880066,0.6334667801856995,0.8396800756454468,0.6211713552474976,0.825730562210083,0.6092482805252075,0.8093780279159546,0.6326997876167297,0.8624700903892517,0.6255371570587158,0.861427903175354,0.6126072406768799,0.8395370244979858,0.6016194820404053,0.8206684589385986,0.6218962669372559,0.8796864151954651,0.61435467004776,0.8787603974342346,0.6030920147895813,0.858445405960083,0.5948625802993774,0.8395350575447083,0.6090944409370422,0.888931155204773,0.6029926538467407,0.8898437023162842,0.5961401462554932,0.8740612268447876,0.5897167325019836,0.8586393594741821
agarrar,2,15,0.6331077218055725,0.804451584815979,0.6315026879310608,0.788901686668396,0.6268628239631653,0.7939186692237854,0.6213009357452393,0.8082534670829773,0.6203358173370361,0.8236997127532959,0.6422602534294128,0.8468332290649414,0.6406057476997375,0.8521375060081482,0.6275771856307983,0.8325247168540955,0.6146045327186584,0.8170665502548218,0.6367359161376953,0.8696137070655823,0.6326520442962646,0.8749791979789734,0.6174371838569641,0.8479771614074707,0.6059690117835999,0.829298734664917,0.6288507580757141,0.8838997483253479,0.6245877146720886,0.8926296234130859,0.6116403341293335,0.864815890789032,0.6031192541122437,0.8433666229248047,0.6189581155776978,0.8908766508102417,0.6131752133369446,0.8965600728988647,0.6032822132110596,0.8778383731842041,0.5950934886932373,0.8620792031288147
agarrar,2,16,0.6047142744064331,0.8376337289810181,0.6195365786552429,0.8148199915885925,0.6363129615783691,0.8023999929428101,0.6471994519233704,0.8052366375923157,0.6525124311447144,0.8136544823646545,0.6309582591056824,0.8054184913635254,0.6582220196723938,0.8403033018112183,0.6549211740493774,0.8425920605659485,0.6456952095031738,0.8398407697677612,0.6185182332992554,0.8266493082046509,0.6479319930076599,0.8719609975814819,0.6428227424621582,0.8634259700775146,0.631831169128418,0.8491591811180115,0.6057868599891663,0.8506317734718323,0.63385009765625,0.8951055407524109,0.6312583684921265,0.881610095500946,0.6206568479537964,0.8660069704055786,0.5941972136497498,0.8721882104873657,0.6177949905395508,0.912127673625946,0.6185460686683655,0.9005759358406067,0.6116615533828735,0.8832274079322815
agarrar,2,17,0.6319715976715088,0.8087995052337646,0.6131569743156433,0.8291811347007751,0.6049660444259644,0.86182701587677,0.6085812449455261,0.8858683705329895,0.6148807406425476,0.9005734920501709,0.6276600360870361,0.9038583040237427,0.6231915950775146,0.897611677646637,0.6203738451004028,0.8706724047660828,0.6220400929450989,0.8708487749099731,0.6377931833267212,0.9051586985588074,0.6324104070663452,0.8919148445129395,0.6263165473937988,0.8584227561950684,0.6255245208740234,0.864704430103302,0.645227313041687,0.8962705731391907,0.6399970054626465,0.8877206444740295,0.6324491500854492,0.85512375831604,0.630774736404419,0.8594911098480225,0.6513973474502563,0.8822171688079834,0.6465892791748047,0.8721251487731934,0.6395258903503418,0.8518615961074829,0.6376360058784485,0.8527991771697998
agarrar,2,18,0.34532326459884644,0.77556312084198,0.3374525308609009,0.7305011749267578,0.32064497470855713,0.7057946920394897,0.3080451190471649,0.7026909589767456,0.2998031973838806,0.7185600996017456,0.29453831911087036,0.7324051260948181,0.2774829864501953,0.7301172614097595,0.28684282302856445,0.7226154208183289,0.29874974489212036,0.7215611934661865,0.29872962832450867,0.7557214498519897,0.2892153561115265,0.7654670476913452,0.30173709988594055,0.7509353756904602,0.31285619735717773,0.7441481947898865,0.3079734742641449,0.778268039226532,0.3024933934211731,0.7852725982666016,0.3136634826660156,0.7661117911338806,0.32245010137557983,0.7553325891494751,0.31998318433761597,0.7961646318435669,0.3200072646141052,0.800969123840332,0.3268622159957886,0.7865166068077087,0.3324894905090332,0.7768678069114685
agarrar,2,19,0.3410540819168091,0.7698472738265991,0.3311252295970917,0.7201618552207947,0.31469228863716125,0.6940017938613892,0.30105823278427124,0.6930528879165649,0.29333680868148804,0.7155644297599792,0.2906554341316223,0.719586968421936,0.2724229395389557,0.7215526103973389,0.2823556363582611,0.7164324522018433,0.2930539846420288,0.7144829034805298,0.2961675226688385,0.7438167929649353,0.2851264476776123,0.7572512030601501,0.29922640323638916,0.7430911064147949,0.3093426525592804,0.7333952188491821,0.30550816655158997,0.7670223116874695,0.29957249760627747,0.7763317227363586,0.3126846253871918,0.758013904094696,0.32004314661026,0.7453309893608093,0.31700098514556885,0.7862991094589233,0.31686627864837646,0.7934057712554932,0.32439717650413513,0.7796893119812012,0.3283516764640808,0.7690494656562805
agarrar,3,0,0.5574231743812561,0.8468141555786133,0.5379853248596191,0.8142654895782471,0.5298190116882324,0.7763720154762268,0.5236178636550903,0.7492063641548157,0.5145276188850403,0.7321009039878845,0.5515584349632263,0.7530208230018616,0.53996741771698,0.7212253212928772,0.5225058794021606,0.7194692492485046,0.5080618858337402,0.7251042127609253,0.556895911693573,0.7698895931243896,0.5406392216682434,0.7443187832832336,0.5189892649650574,0.7458787560462952,0.5039412975311279,0.752505898475647,0.5581272840499878,0.7937529683113098,0.5421223640441895,0.7726305723190308,0.5220674276351929,0.7687686681747437,0.5077448487281799,0.7693407535552979,0.5560470223426819,0.8203893899917603,0.5414708852767944,0.8044513463973999,0.5273404717445374,0.7984682321548462,0.5160139799118042,0.7955645322799683
agarrar,3,1,0.422828733921051,0.8059052228927612,0.43365997076034546,0.7722442150115967,0.4517652094364166,0.7688970565795898,0.4704185724258423,0.7866678237915039,0.4871058166027069,0.8012977838516235,0.4484727084636688,0.8319034576416016,0.4812910854816437,0.8463688492774963,0.49461352825164795,0.8262603878974915,0.4975059926509857,0.804541826248169,0.4508008360862732,0.8544963002204895,0.48575302958488464,0.8613412380218506,0.4977356493473053,0.8327652812004089,0.49770328402519226,0.8091613054275513,0.4543605446815491,0.8622580170631409,0.4871639311313629,0.8668627142906189,0.4967508614063263,0.8402014374732971,0.4972267746925354,0.8186976909637451,0.45830926299095154,0.8611100316047668,0.48297879099845886,0.8635491728782654,0.49309635162353516,0.8454821109771729,0.4958529472351074,0.8286470174789429
agarrar,3,2,0.5660278797149658,0.8382774591445923,0.551436185836792,0.7951178550720215,0.5424624681472778,0.7534605860710144,0.5338208675384521,0.7281046509742737,0.5227024555206299,0.7113937735557556,0.5674336552619934,0.7376149892807007,0.5575059056282043,0.7179679870605469,0.5422320365905762,0.7188028693199158,0.530457079410553,0.7199156880378723,0.5725027918815613,0.7605338096618652,0.5544512867927551,0.7441585659980774,0.5366042852401733,0.7468131184577942,0.5264604687690735,0.7486231327056885,0.5722803473472595,0.7886772155761719,0.5519949793815613,0.77450031042099,0.539972186088562,0.7723466157913208,0.5354011654853821,0.7694772481918335,0.5673463940620422,0.8183935880661011,0.5477355122566223,0.8067563772201538,0.5409398674964905,0.8024029731750488,0.5410869121551514,0.7977662086486816
agarrar,3,3,0.4063045382499695,0.8108763098716736,0.41175687313079834,0.7782089710235596,0.425991415977478,0.7623617649078369,0.443117618560791,0.7697473764419556,0.4602949917316437,0.7813320159912109,0.42287972569465637,0.8288882970809937,0.45201799273490906,0.8372290730476379,0.4692901372909546,0.8194364309310913,0.47769472002983093,0.8013625741004944,0.42962440848350525,0.851584255695343,0.4595161974430084,0.8526346683502197,0.47517648339271545,0.8313022255897522,0.47957149147987366,0.8115264773368835,0.4360441565513611,0.8607526421546936,0.46288567781448364,0.8610687255859375,0.47576087713241577,0.8406141996383667,0.4808291494846344,0.8225420713424683,0.4423419237136841,0.8627852201461792,0.4635232985019684,0.8632125854492188,0.4750472605228424,0.8509123921394348,0.4800908863544464,0.8379723429679871
agarrar,3,4,0.5646750330924988,0.8257061243057251,0.5587760210037231,0.7844319343566895,0.5562366247177124,0.7451554536819458,0.5514612793922424,0.7220785617828369,0.5459505319595337,0.704351544380188,0.5645014047622681,0.731399416923523,0.5912660360336304,0.7260962128639221,0.579947829246521,0.73466956615448,0.5665715336799622,0.733795702457428,0.5661483407020569,0.7627457976341248,0.5958737134933472,0.7618955969810486,0.579186201095581,0.7676222324371338,0.5662607550621033,0.7670136094093323,0.5676847100257874,0.7969304323196411,0.5928067564964294,0.7942928671836853,0.5781745910644531,0.7957156896591187,0.5672323107719421,0.7933364510536194,0.5688775181770325,0.8281140327453613,0.5825598835945129,0.8299095034599304,0.5731379985809326,0.8279398083686829,0.5647280812263489,0.8256638050079346
agarrar,3,5,0.5499070882797241,0.7492430210113525,0.5536378026008606,0.7547209858894348,0.5692141056060791,0.7666921019554138,0.5847771763801575,0.7743659615516663,0.5972164869308472,0.7776331305503845,0.5709284543991089,0.7751380801200867,0.5984617471694946,0.7876992225646973,0.6020871996879578,0.7853195667266846,0.5974984169006348,0.7805690169334412,0.5697434544563293,0.7844724059104919,0.6029189825057983,0.7974748611450195,0.6026307940483093,0.795016884803772,0.5931922793388367,0.7883977890014648,0.5699794292449951,0.7917186617851257,0.6002388000488281,0.807273805141449,0.5997188091278076,0.8066696524620056,0.5904269814491272,0.8032867908477783,0.5699216723442078,0.7974810004234314,0.5946468114852905,0.8160764575004578,0.5961061716079712,0.8182014226913452,0.5894047617912292,0.8174509406089783
agarrar,3,6,0.5800568461418152,0.8196571469306946,0.5743795037269592,0.7885828018188477,0.573586106300354,0.7571163177490234,0.5717363357543945,0.7353816628456116,0.5713710784912109,0.7173689007759094,0.6073352694511414,0.7723091840744019,0.6194090247154236,0.7614554166793823,0.6051507592201233,0.7500408291816711,0.5900579690933228,0.7447085380554199,0.6062067151069641,0.8032734990119934,0.6153157353401184,0.8011133074760437,0.5977684259414673,0.790376603603363,0.5828890800476074,0.784171998500824,0.6000187993049622,0.8307309150695801,0.6071345210075378,0.83320552110672,0.5924095511436462,0.8232161402702332,0.5795600414276123,0.8140842914581299,0.5914691686630249,0.8548884987831116,0.5927891135215759,0.8608590960502625,0.5819474458694458,0.853408932685852,0.5729508399963379,0.8447679877281189
agarrar,3,7,0.5791287422180176,0.8048887848854065,0.5810557007789612,0.7804037928581238,0.5897880792617798,0.7594757080078125,0.5898082852363586,0.7436397075653076,0.5875041484832764,0.7275900840759277,0.6194376349449158,0.7955842018127441,0.6258687973022461,0.7959487438201904,0.6116212010383606,0.7831970453262329,0.59686678647995,0.7759974598884583,0.6158824563026428,0.8230124711990356,0.6216585040092468,0.8286609649658203,0.6054258942604065,0.8138245344161987,0.5905930995941162,0.8033121824264526,0.6095904111862183,0.8467003107070923,0.6137645244598389,0.8514392375946045,0.5990343689918518,0.8360939025878906,0.5865450501441956,0.8245048522949219,0.600451648235321,0.8663305044174194,0.6003447771072388,0.8707146644592285,0.5902044773101807,0.8586652874946594,0.581689715385437,0.8492028713226318
agarrar,3,8,0.6059924960136414,0.79812091588974,0.5960386991500854,0.813017725944519,0.5911208391189575,0.8270342350006104,0.5951316356658936,0.8265342712402344,0.6022617220878601,0.8211800456047058,0.6194957494735718,0.8512484431266785,0.6178068518638611,0.863345742225647,0.6059213876724243,0.8474588990211487,0.5944084525108337,0.8349994421005249,0.6273206472396851,0.8383166790008545,0.6265614628791809,0.8478847742080688,0.6116079688072205,0.8307827711105347,0.5977596044540405,0.8162762522697449,0.6318721175193787,0.823060929775238,0.6347524523735046,0.8277267813682556,0.6191346049308777,0.8147099018096924,0.6049531102180481,0.8024623394012451,0.633071780204773,0.805075466632843,0.6316741704940796,0.799237072467804,0.619478702545166,0.789496123790741,0.6081339120864868,0.780255138874054
agarrar,3,9,0.6369915008544922,0.8334821462631226,0.634004533290863,0.8006302714347839,0.625786542892456,0.7774178981781006,0.6155247688293457,0.7640487551689148,0.6102437973022461,0.7551220655441284,0.6399819254875183,0.8373515009880066,0.6334667801856995,0.8396800756454468,0.6211713552474976,0.825730562210083,0.6092482805252075,0.8093780279159546,0.6326997876167297,0.8624700903892517,0.6255371570587158,0.861427903175354,0.6126072406768799,0.8395370244979858,0.6016194820404053,0.8206684589385986,0.6218962669372559,0.8796864151954651,0.61435467004776,0.8787603974342346,0.6030920147895813,0.858445405960083,0.5948625802993774,0.8395350575447083,0.6090944409370422,0.888931155204773,0.6029926538467407,0.8898437023162842,0.5961401462554932,0.8740612268447876,0.5897167325019836,0.8586393594741821
agarrar,3,10,0.6331077218055725,0.804451584815979,0.6315026879310608,0.788901686668396,0.6268628239631653,0.7939186692237854,0.6213009357452393,0.8082534670829773,0.6203358173370361,0.8236997127532959,0.6422602534294128,0.8468332290649414,0.6406057476997375,0.8521375060081482,0.6275771856307983,0.8325247168540955,0.6146045327186584,0.8170665502548218,0.6367359161376953,0.8696137070655823,0.6326520442962646,0.8749791979789734,0.6174371838569641,0.8479771614074707,0.6059690117835999,0.829298734664917,0.6288507580757141,0.8838997483253479,0.6245877146720886,0.8926296234130859,0.6116403341293335,0.864815890789032,0.6031192541122437,0.8433666229248047,0.6189581155776978,0.8908766508102417,0.6131752133369446,0.8965600728988647,0.6032822132110596,0.8778383731842041,0.5950934886932373,0.8620792031288147
agarrar,3,11,0.6047142744064331,0.8376337289810181,0.6195365786552429,0.8148199915885925,0.6363129615783691,0.8023999929428101,0.6471994519233704,0.8052366375923157,0.6525124311447144,0.8136544823646545,0.6309582591056824,0.8054184913635254,0.6582220196723938,0.8403033018112183,0.6549211740493774,0.8425920605659485,0.6456952095031738,0.8398407697677612,0.6185182332992554,0.8266493082046509,0.6479319930076599,0.8719609975814819,0.6428227424621582,0.8634259700775146,0.631831169128418,0.8491591811180115,0.6057868599891663,0.8506317734718323,0.63385009765625,0.8951055407524109,0.6312583684921265,0.881610095500946,0.6206568479537964,0.8660069704055786,0.5941972136497498,0.8721882104873657,0.6177949905395508,0.912127673625946,0.6185460686683655,0.9005759358406067,0.6116615533828735,0.8832274079322815
agarrar,3,12,0.6319715976715088,0.8087995052337646,0.6131569743156433,0.8291811347007751,0.6049660444259644,0.86182701587677,0.6085812449455261,0.8858683705329895,0.6148807406425476,0.9005734920501709,0.6276600360870361,0.9038583040237427,0.6231915950775146,0.897611677646637,0.6203738451004028,0.8706724047660828,0.6220400929450989,0.8708487749099731,0.6377931833267212,0.9051586985588074,0.6324104070663452,0.8919148445129395,0.6263165473937988,0.8584227561950684,0.6255245208740234,0.864704430103302,0.645227313041687,0.8962705731391907,0.6399970054626465,0.8877206444740295,0.6324491500854492,0.85512375831604,0.630774736404419,0.8594911098480225,0.6513973474502563,0.8822171688079834,0.6465892791748047,0.8721251487731934,0.6395258903503418,0.8518615961074829,0.6376360058784485,0.8527991771697998
agarrar,3,13,0.34532326459884644,0.77556312084198,0.3374525308609009,0.7305011749267578,0.32064497470855713,0.7057946920394897,0.3080451190471649,0.7026909589767456,0.2998031973838806,0.7185600996017456,0.29453831911087036,0.7324051260948181,0.2774829864501953,0.7301172614097595,0.28684282302856445,0.7226154208183289,0.29874974489212036,0.7215611934661865,0.29872962832450867,0.7557214498519897,0.2892153561115265,0.7654670476913452,0.30173709988594055,0.7509353756904602,0.31285619735717773,0.7441481947898865,0.3079734742641449,0.778268039226532,0.3024933934211731,0.7852725982666016,0.3136634826660156,0.7661117911338806,0.32245010137557983,0.7553325891494751,0.31998318433761597,0.7961646318435669,0.3200072646141052,0.800969123840332,0.3268622159957886,0.7865166068077087,0.3324894905090332,0.7768678069114685
agarrar,3,14,0.3410540819168091,0.7698472738265991,0.3311252295970917,0.7201618552207947,0.31469228863716125,0.6940017938613892,0.30105823278427124,0.6930528879165649,0.29333680868148804,0.7155644297599792,0.2906554341316223,0.719586968421936,0.2724229395389557,0.7215526103973389,0.2823556363582611,0.7164324522018433,0.2930539846420288,0.7144829034805298,0.2961675226688385,0.7438167929649353,0.2851264476776123,0.7572512030601501,0.29922640323638916,0.7430911064147949,0.3093426525592804,0.7333952188491821,0.30550816655158997,0.7670223116874695,0.29957249760627747,0.7763317227363586,0.3126846253871918,0.758013904094696,0.32004314661026,0.7453309893608093,0.31700098514556885,0.7862991094589233,0.31686627864837646,0.7934057712554932,0.32439717650413513,0.7796893119812012,0.3283516764640808,0.7690494656562805
agarrar,3,15,0.33907756209373474,0.7584449648857117,0.3279765844345093,0.7106836438179016,0.3099772334098816,0.6846480369567871,0.2961595952510834,0.6840866208076477,0.2900766432285309,0.7078841328620911,0.28487613797187805,0.7145801186561584,0.27026334404945374,0.7169659733772278,0.28161537647247314,0.7114101052284241,0.2910016179084778,0.7081236839294434,0.2905547320842743,0.7384803295135498,0.28869274258613586,0.7467871308326721,0.303660124540329,0.7342756390571594,0.3102666139602661,0.7258360981941223,0.30121979117393494,0.7614148855209351,0.30303260684013367,0.7658498883247375,0.31535905599594116,0.748995304107666,0.3195362687110901,0.7377602458000183,0.31440404057502747,0.7801711559295654,0.3186292052268982,0.782271146774292,0.32534557580947876,0.7686656713485718,0.3269079923629761,0.7592023611068726
agarrar,3,16,0.3406316936016083,0.7478996515274048,0.32715731859207153,0.6996130347251892,0.30775192379951477,0.6742730736732483,0.29344332218170166,0.6740131974220276,0.2884553372859955,0.7006640434265137,0.2867826223373413,0.7035647034645081,0.27046558260917664,0.710801899433136,0.27765515446662903,0.7027315497398376,0.2865418791770935,0.6973646283149719,0.2934991717338562,0.7271923422813416,0.28822943568229675,0.7404274940490723,0.3017785847187042,0.7252646684646606,0.3100607991218567,0.7134102582931519,0.30480730533599854,0.7499196529388428,0.3028978705406189,0.7589678764343262,0.3144926428794861,0.7398204803466797,0.3203529119491577,0.7254080772399902,0.3183872699737549,0.7683455944061279,0.31994783878326416,0.7744982242584229,0.32645636796951294,0.7604109644889832,0.32965707778930664,0.749252200126648
agarrar,3,17,0.3436145782470703,0.7316750884056091,0.3259339928627014,0.6878778338432312,0.3045806586742401,0.6646965742111206,0.290783166885376,0.6695173382759094,0.2864541709423065,0.6991932392120361,0.30763354897499084,0.6772236227989197,0.2909233272075653,0.6883286833763123,0.2850014567375183,0.6964583992958069,0.2829781472682953,0.7034890055656433,0.31854575872421265,0.6988053917884827,0.2971341907978058,0.7368209958076477,0.2958945035934448,0.7301051020622253,0.2997986376285553,0.7168008685112,0.3290979564189911,0.7228356003761292,0.3081490993499756,0.7574365139007568,0.3093445599079132,0.7465143799781799,0.31507349014282227,0.7300301194190979,0.3383742570877075,0.7445781230926514,0.322503924369812,0.772589385509491,0.3217441439628601,0.7636319994926453,0.32613036036491394,0.7483346462249756
agarrar,3,18,0.3469681739807129,0.7255268096923828,0.3330923616886139,0.6783627271652222,0.31130269169807434,0.6519657373428345,0.2954171895980835,0.6536735892295837,0.29193630814552307,0.6859887838363647,0.29602915048599243,0.676074743270874,0.2787209153175354,0.6873102784156799,0.2832735478878021,0.6844557523727417,0.2899967133998871,0.6817741990089417,0.3023110032081604,0.7002379298210144,0.294220894575119,0.7237093448638916,0.3045811057090759,0.7091541290283203,0.31127429008483887,0.6937715411186218,0.31214237213134766,0.7249022126197815,0.3078837990760803,0.7440879940986633,0.31793275475502014,0.7263196706771851,0.3230789601802826,0.7080826163291931,0.3237896263599396,0.7445023059844971,0.32356956601142883,0.7579852342605591,0.3296699821949005,0.7450558543205261,0.3335477113723755,0.7313233017921448
agarrar,3,19,0.3543659746646881,0.7062953114509583,0.3356485366821289,0.6658431887626648,0.31332555413246155,0.6429593563079834,0.2975281774997711,0.6423445343971252,0.2935818135738373,0.6725294589996338,0.3097127377986908,0.6593515276908875,0.29407450556755066,0.6819376945495605,0.2930349111557007,0.6812349557876587,0.2939832806587219,0.6757574677467346,0.32059192657470703,0.6804722547531128,0.3021560609340668,0.7186132073402405,0.3053273558616638,0.7050813436508179,0.31141671538352966,0.6874694228172302,0.33228862285614014,0.7033612728118896,0.31436383724212646,0.7372837066650391,0.31853893399238586,0.7210976481437683,0.32508108019828796,0.7018762826919556,0.3435090184211731,0.7235314249992371,0.32989999651908875,0.7513303160667419,0.3313371241092682,0.7395884990692139,0.3360837697982788,0.7227307558059692
agarrar,4,0,0.5499070882797241,0.7492430210113525,0.5536378026008606,0.7547209858894348,0.5692141056060791,0.7666921019554138,0.5847771763801575,0.7743659615516663,0.5972164869308472,0.7776331305503845,0.5709284543991089,0.7751380801200867,0.5984617471694946,0.7876992225646973,0.6020871996879578,0.7853195667266846,0.5974984169006348,0.7805690169334412,0.5697434544563293,0.7844724059104919,0.6029189825057983,0.7974748611450195,0.6026307940483093,0.795016884803772,0.5931922793388367,0.7883977890014648,0.5699794292449951,0.7917186617851257,0.6002388000488281,0.807273805141449,0.5997188091278076,0.8066696524620056,0.5904269814491272,0.8032867908477783,0.5699216723442078,0.7974810004234314,0.5946468114852905,0.8160764575004578,0.5961061716079712,0.8182014226913452,0.5894047617912292,0.8174509406089783
agarrar,4,1,0.5800568461418152,0.8196571469306946,0.5743795037269592,0.7885828018188477,0.573586106300354,0.7571163177490234,0.5717363357543945,0.7353816628456116,0.5713710784912109,0.7173689007759094,0.6073352694511414,0.7723091840744019,0.6194090247154236,0.7614554166793823,0.6051507592201233,0.7500408291816711,0.5900579690933228,0.7447085380554199,0.6062067151069641,0.8032734990119934,0.6153157353401184,0.8011133074760437,0.5977684259414673,0.790376603603363,0.5828890800476074,0.784171998500824,0.6000187993049622,0.8307309150695801,0.6071345210075378,0.83320552110672,0.5924095511436462,0.8232161402702332,0.5795600414276123,0.8140842914581299,0.5914691686630249,0.8548884987831116,0.5927891135215759,0.8608590960502625,0.5819474458694458,0.853408932685852,0.5729508399963379,0.8447679877281189
agarrar,4,2,0.5791287422180176,0.8048887848854065,0.5810557007789612,0.7804037928581238,0.5897880792617798,0.7594757080078125,0.5898082852363586,0.7436397075653076,0.5875041484832764,0.7275900840759277,0.6194376349449158,0.7955842018127441,0.6258687973022461,0.7959487438201904,0.6116212010383606,0.7831970453262329,0.59686678647995,0.7759974598884583,0.6158824563026428,0.8230124711990356,0.6216585040092468,0.8286609649658203,0.6054258942604065,0.8138245344161987,0.5905930995941162,0.8033121824264526,0.6095904111862183,0.8467003107070923,0.6137645244598389,0.8514392375946045,0.5990343689918518,0.8360939025878906,0.5865450501441956,0.8245048522949219,0.600451648235321,0.8663305044174194,0.6003447771072388,0.8707146644592285,0.5902044773101807,0.8586652874946594,0.581689715385437,0.8492028713226318
agarrar,4,3,0.6059924960136414,0.79812091588974,0.5960386991500854,0.813017725944519,0.5911208391189575,0.8270342350006104,0.5951316356658936,0.8265342712402344,0.6022617220878601,0.8211800456047058,0.6194957494735718,0.8512484431266785,0.6178068518638611,0.863345742225647,0.6059213876724243,0.8474588990211487,0.5944084525108337,0.8349994421005249,0.6273206472396851,0.8383166790008545,0.6265614628791809,0.8478847742080688,0.6116079688072205,0.8307827711105347,0.5977596044540405,0.8162762522697449,0.6318721175193787,0.823060929775238,0.6347524523735046,0.8277267813682556,0.6191346049308777,0.8147099018096924,0.6049531102180481,0.8024623394012451,0.633071780204773,0.805075466632843,0.6316741704940796,0.799237072467804,0.619478702545166,0.789496123790741,0.6081339120864868,0.780255138874054
agarrar,4,4,0.6369915008544922,0.8334821462631226,0.634004533290863,0.8006302714347839,0.625786542892456,0.7774178981781006,0.6155247688293457,0.7640487551689148,0.6102437973022461,0.7551220655441284,0.6399819254875183,0.8373515009880066,0.6334667801856995,0.8396800756454468,0.6211713552474976,0.825730562210083,0.6092482805252075,0.8093780279159546,0.6326997876167297,0.8624700903892517,0.6255371570587158,0.861427903175354,0.6126072406768799,0.8395370244979858,0.6016194820404053,0.8206684589385986,0.6218962669372559,0.8796864151954651,0.61435467004776,0.8787603974342346,0.6030920147895813,0.858445405960083,0.5948625802993774,0.8395350575447083,0.6090944409370422,0.888931155204773,0.6029926538467407,0.8898437023162842,0.5961401462554932,0.8740612268447876,0.5897167325019836,0.8586393594741821
agarrar,4,5,0.6331077218055725,0.804451584815979,0.6315026879310608,0.788901686668396,0.6268628239631653,0.7939186692237854,0.6213009357452393,0.8082534670829773,0.6203358173370361,0.8236997127532959,0.6422602534294128,0.8468332290649414,0.6406057476997375,0.8521375060081482,0.6275771856307983,0.8325247168540955,0.6146045327186584,0.8170665502548218,0.6367359161376953,0.8696137070655823,0.6326520442962646,0.8749791979789734,0.6174371838569641,0.8479771614074707,0.6059690117835999,0.829298734664917,0.6288507580757141,0.8838997483253479,0.6245877146720886,0.8926296234130859,0.6116403341293335,0.864815890789032,0.6031192541122437,0.8433666229248047,0.6189581155776978,0.8908766508102417,0.6131752133369446,0.8965600728988647,0.6032822132110596,0.8778383731842041,0.5950934886932373,0.8620792031288147
agarrar,4,6,0.6047142744064331,0.8376337289810181,0.6195365786552429,0.8148199915885925,0.6363129615783691,0.8023999929428101,0.6471994519233704,0.8052366375923157,0.6525124311447144,0.8136544823646545,0.6309582591056824,0.8054184913635254,0.6582220196723938,0.8403033018112183,0.6549211740493774,0.8425920605659485,0.6456952095031738,0.8398407697677612,0.6185182332992554,0.8266493082046509,0.6479319930076599,0.8719609975814819,0.6428227424621582,0.8634259700775146,0.631831169128418,0.8491591811180115,0.6057868599891663,0.8506317734718323,0.63385009765625,0.8951055407524109,0.6312583684921265,0.881610095500946,0.6206568479537964,0.8660069704055786,0.5941972136497498,0.8721882104873657,0.6177949905395508,0.912127673625946,0.6185460686683655,0.9005759358406067,0.6116615533828735,0.8832274079322815
agarrar,4,7,0.6319715976715088,0.8087995052337646,0.6131569743156433,0.8291811347007751,0.6049660444259644,0.86182701587677,0.6085812449455261,0.8858683705329895,0.6148807406425476,0.9005734920501709,0.6276600360870361,0.9038583040237427,0.6231915950775146,0.897611677646637,0.6203738451004028,0.8706724047660828,0.6220400929450989,0.8708487749099731,0.6377931833267212,0.9051586985588074,0.6324104070663452,0.8919148445129395,0.6263165473937988,0.8584227561950684,0.6255245208740234,0.864704430103302,0.645227313041687,0.8962705731391907,0.6399970054626465,0.8877206444740295,0.6324491500854492,0.85512375831604,0.630774736404419,0.8594911098480225,0.6513973474502563,0.8822171688079834,0.6465892791748047,0.8721251487731934,0.6395258903503418,0.8518615961074829,0.6376360058784485,0.8527991771697998
agarrar,4,8,0.34532326459884644,0.77556312084198,0.3374525308609009,0.7305011749267578,0.32064497470855713,0.7057946920394897,0.3080451190471649,0.7026909589767456,0.2998031973838806,0.7185600996017456,0.29453831911087036,0.7324051260948181,0.2774829864501953,0.7301172614097595,0.28684282302856445,0.7226154208183289,0.29874974489212036,0.7215611934661865,0.29872962832450867,0.7557214498519897,0.2892153561115265,0.7654670476913452,0.30173709988594055,0.7509353756904602,0.31285619735717773,0.7441481947898865,0.3079734742641449,0.778268039226532,0.3024933934211731,0.7852725982666016,0.3136634826660156,0.7661117911338806,0.32245010137557983,0.7553325891494751,0.31998318433761597,0.7961646318435669,0.3200072646141052,0.800969123840332,0.3268622159957886,0.7865166068077087,0.3324894905090332,0.7768678069114685
agarrar,4,9,0.3410540819168091,0.7698472738265991,0.3311252295970917,0.7201618552207947,0.31469228863716125,0.6940017938613892,0.30105823278427124,0.6930528879165649,0.29333680868148804,0.7155644297599792,0.2906554341316223,0.719586968421936,0.2724229395389557,0.7215526103973389,0.2823556363582611,0.7164324522018433,0.2930539846420288,0.7144829034805298,0.2961675226688385,0.7438167929649353,0.2851264476776123,0.7572512030601501,0.29922640323638916,0.7430911064147949,0.3093426525592804,0.7333952188491821,0.30550816655158997,0.7670223116874695,0.29957249760627747,0.7763317227363586,0.3126846253871918,0.758013904094696,0.32004314661026,0.7453309893608093,0.31700098514556885,0.7862991094589233,0.31686627864837646,0.7934057712554932,0.32439717650413513,0.7796893119812012,0.3283516764640808,0.7690494656562805
agarrar,4,10,0.33907756209373474,0.7584449648857117,0.3279765844345093,0.7106836438179016,0.3099772334098816,0.6846480369567871,0.2961595952510834,0.6840866208076477,0.2900766432285309,0.7078841328620911,0.28487613797187805,0.7145801186561584,0.27026334404945374,0.7169659733772278,0.28161537647247314,0.7114101052284241,0.2910016179084778,0.7081236839294434,0.2905547320842743,0.7384803295135498,0.28869274258613586,0.7467871308326721,0.303660124540329,0.7342756390571594,0.3102666139602661,0.7258360981941223,0.30121979117393494,0.7614148855209351,0.30303260684013367,0.7658498883247375,0.31535905599594116,0.748995304107666,0.3195362687110901,0.7377602458000183,0.31440404057502747,0.7801711559295654,0.3186292052268982,0.782271146774292,0.32534557580947876,0.7686656713485718,0.3269079923629761,0.7592023611068726
agarrar,4,11,0.3406316936016083,0.7478996515274048,0.32715731859207153,0.6996130347251892,0.30775192379951477,0.6742730736732483,0.29344332218170166,0.6740131974220276,0.2884553372859955,0.7006640434265137,0.2867826223373413,0.7035647034645081,0.27046558260917664,0.710801899433136,0.27765515446662903,0.7027315497398376,0.2865418791770935,0.6973646283149719,0.2934991717338562,0.7271923422813416,0.28822943568229675,0.7404274940490723,0.3017785847187042,0.7252646684646606,0.3100607991218567,0.7134102582931519,0.30480730533599854,0.7499196529388428,0.3028978705406189,0.7589678764343262,0.3144926428794861,0.7398204803466797,0.3203529119491577,0.7254080772399902,0.3183872699737549,0.7683455944061279,0.31994783878326416,0.7744982242584229,0.32645636796951294,0.7604109644889832,0.32965707778930664,0.749252200126648
agarrar,4,12,0.3436145782470703,0.7316750884056091,0.3259339928627014,0.6878778338432312,0.3045806586742401,0.6646965742111206,0.290783166885376,0.6695173382759094,0.2864541709423065,0.6991932392120361,0.30763354897499084,0.6772236227989197,0.2909233272075653,0.6883286833763123,0.2850014567375183,0.6964583992958069,0.2829781472682953,0.7034890055656433,0.31854575872421265,0.6988053917884827,0.2971341907978058,0.7368209958076477,0.2958945035934448,0.7301051020622253,0.2997986376285553,0.7168008685112,0.3290979564189911,0.7228356003761292,0.3081490993499756,0.7574365139007568,0.3093445599079132,0.7465143799781799,0.31507349014282227,0.7300301194190979,0.3383742570877075,0.7445781230926514,0.322503924369812,0.772589385509491,0.3217441439628601,0.7636319994926453,0.32613036036491394,0.7483346462249756
agarrar,4,13,0.3469681739807129,0.7255268096923828,0.3330923616886139,0.6783627271652222,0.31130269169807434,0.6519657373428345,0.2954171895980835,0.6536735892295837,0.29193630814552307,0.6859887838363647,0.29602915048599243,0.676074743270874,0.2787209153175354,0.6873102784156799,0.2832735478878021,0.6844557523727417,0.2899967133998871,0.6817741990089417,0.3023110032081604,0.7002379298210144,0.294220894575119,0.7237093448638916,0.3045811057090759,0.7091541290283203,0.31127429008483887,0.6937715411186218,0.31214237213134766,0.7249022126197815,0.3078837990760803,0.7440879940986633,0.31793275475502014,0.7263196706771851,0.3230789601802826,0.7080826163291931,0.3237896263599396,0.7445023059844971,0.32356956601142883,0.7579852342605591,0.3296699821949005,0.7450558543205261,0.3335477113723755,0.7313233017921448
agarrar,4,14,0.3543659746646881,0.7062953114509583,0.3356485366821289,0.6658431887626648,0.31332555413246155,0.6429593563079834,0.2975281774997711,0.6423445343971252,0.2935818135738373,0.6725294589996338,0.3097127377986908,0.6593515276908875,0.29407450556755066,0.6819376945495605,0.2930349111557007,0.6812349557876587,0.2939832806587219,0.6757574677467346,0.32059192657470703,0.6804722547531128,0.3021560609340668,0.7186132073402405,0.3053273558616638,0.7050813436508179,0.31141671538352966,0.6874694228172302,0.33228862285614014,0.7033612728118896,0.31436383724212646,0.7372837066650391,0.31853893399238586,0.7210976481437683,0.32508108019828796,0.7018762826919556,0.3435090184211731,0.7235314249992371,0.32989999651908875,0.7513303160667419,0.3313371241092682,0.7395884990692139,0.3360837697982788,0.7227307558059692
agarrar,4,15,0.36249369382858276,0.6889901161193848,0.34233129024505615,0.6508148908615112,0.3207654058933258,0.6300569772720337,0.304979532957077,0.6294112801551819,0.29978179931640625,0.6555705070495605,0.31725576519966125,0.6446735262870789,0.30089500546455383,0.6627911925315857,0.29819947481155396,0.6664657592773438,0.29818254709243774,0.6662843227386475,0.3279556334018707,0.6635614037513733,0.30957984924316406,0.7001675367355347,0.31074923276901245,0.6935114860534668,0.315837025642395,0.6811224222183228,0.3399387300014496,0.6850772500038147,0.3220803737640381,0.7200050354003906,0.3236519992351532,0.7106369137763977,0.3287852704524994,0.6960027813911438,0.35142332315444946,0.7048341631889343,0.33682385087013245,0.7365516424179077,0.33632057905197144,0.7319446206092834,0.33970460295677185,0.7205038070678711
agarrar,4,16,0.367958664894104,0.6704922318458557,0.3475143611431122,0.6365182399749756,0.3261352479457855,0.6178532838821411,0.3102649748325348,0.6187955141067505,0.3041636347770691,0.6408014893531799,0.32888832688331604,0.6271136403083801,0.3136347830295563,0.6364051103591919,0.30924928188323975,0.646915078163147,0.30790984630584717,0.6550441384315491,0.33992642164230347,0.6460555195808411,0.3217155635356903,0.6785287857055664,0.32003453373908997,0.6801491379737854,0.32336121797561646,0.6755756139755249,0.3512905240058899,0.6678330898284912,0.3331540524959564,0.7004073262214661,0.3314571678638458,0.6980301141738892,0.3344039022922516,0.6904052495956421,0.3616445064544678,0.6878899335861206,0.34582361578941345,0.7181776762008667,0.34253162145614624,0.7181888818740845,0.3432234525680542,0.711594820022583
agarrar,4,17,0.6232572197914124,0.8294829726219177,0.6219390630722046,0.8186372518539429,0.6244480609893799,0.8287906646728516,0.6362156867980957,0.8524494171142578,0.6380569934844971,0.8717567324638367,0.5883772969245911,0.8808990716934204,0.6094354391098022,0.8896263837814331,0.6220218539237976,0.8747164607048035,0.6227372884750366,0.874575674533844,0.5946205854415894,0.9039571285247803,0.620567262172699,0.9047324061393738,0.6300113797187805,0.8803371787071228,0.6256391406059265,0.8748371005058289,0.6040545701980591,0.9169664978981018,0.6281900405883789,0.914300262928009,0.6348715424537659,0.8883998394012451,0.6304225325584412,0.8816033601760864,0.6140729188919067,0.9229400157928467,0.6317639946937561,0.9128080010414124,0.6370403170585632,0.8913431763648987,0.633270263671875,0.8828935623168945
agarrar,4,18,0.6173442006111145,0.8196045160293579,0.6103394031524658,0.806551456451416,0.6107298731803894,0.8121853470802307,0.6228147149085999,0.8383009433746338,0.6279720664024353,0.8665262460708618,0.5758711099624634,0.864507257938385,0.5894947052001953,0.8848536014556885,0.6074497699737549,0.8755893707275391,0.6171883344650269,0.866366982460022,0.5873357057571411,0.8885080218315125,0.6076949238777161,0.9054827094078064,0.6188651323318481,0.8851267695426941,0.6192493438720703,0.8708164095878601,0.6026015877723694,0.9003908038139343,0.6221030354499817,0.9074609875679016,0.6290620565414429,0.8846008777618408,0.6265397071838379,0.8719502091407776,0.6173538565635681,0.9018025398254395,0.6339388489723206,0.8980708718299866,0.6390082240104675,0.8800598382949829,0.636577844619751,0.8695873618125916
agarrar,4,19,0.6063475608825684,0.8116177916526794,0.6017488837242126,0.7948982119560242,0.602481484413147,0.8064267635345459,0.6134587526321411,0.8330160975456238,0.6194433569908142,0.8559061288833618,0.5681243538856506,0.850335955619812,0.5837319493293762,0.8778427839279175,0.601765513420105,0.8715952038764954,0.6102291345596313,0.8618379235267639,0.5749411582946777,0.8738974928855896,0.601967453956604,0.8983582258224487,0.6148553490638733,0.879046618938446,0.6151747107505798,0.8611442446708679,0.5865851044654846,0.8873273134231567,0.6126142740249634,0.9055607914924622,0.6207815408706665,0.8811182975769043,0.618025541305542,0.861891508102417,0.5992438197135925,0.8916584849357605,0.6210072040557861,0.8999285697937012,0.6268190145492554,0.877888023853302,0.6240076422691345,0.8596546649932861
agarrar,5,0,0.6331077218055725,0.804451584815979,0.6315026879310608,0.788901686668396,0.6268628239631653,0.7939186692237854,0.6213009357452393,0.8082534670829773,0.6203358173370361,0.8236997127532959,0.6422602534294128,0.8468332290649414,0.6406057476997375,0.8521375060081482,0.6275771856307983,0.8325247168540955,0.6146045327186584,0.8170665502548218,0.6367359161376953,0.8696137070655823,0.6326520442962646,0.8749791979789734,0.6174371838569641,0.8479771614074707,0.6059690117835999,0.829298734664917,0.6288507580757141,0.8838997483253479,0.6245877146720886,0.8926296234130859,0.6116403341293335,0.864815890789032,0.6031192541122437,0.8433666229248047,0.6189581155776978,0.8908766508102417,0.6131752133369446,0.8965600728988647,0.6032822132110596,0.8778383731842041,0.5950934886932373,0.8620792031288147
agarrar,5,1,0.6047142744064331,0.8376337289810181,0.6195365786552429,0.8148199915885925,0.6363129615783691,0.8023999929428101,0.6471994519233704,0.8052366375923157,0.6525124311447144,0.8136544823646545,0.6309582591056824,0.8054184913635254,0.6582220196723938,0.8403033018112183,0.6549211740493774,0.8425920605659485,0.6456952095031738,0.8398407697677612,0.6185182332992554,0.8266493082046509,0.6479319930076599,0.8719609975814819,0.6428227424621582,0.8634259700775146,0.631831169128418,0.8491591811180115,0.6057868599891663,0.8506317734718323,0.63385009765625,0.8951055407524109,0.6312583684921265,0.881610095500946,0.6206568479537964,0.8660069704055786,0.5941972136497498,0.8721882104873657,0.6177949905395508,0.912127673625946,0.6185460686683655,0.9005759358406067,0.6116615533828735,0.8832274079322815
agarrar,5,2,0.6319715976715088,0.8087995052337646,0.6131569743156433,0.8291811347007751,0.6049660444259644,0.86182701587677,0.6085812449455261,0.8858683705329895,0.6148807406425476,0.9005734920501709,0.6276600360870361,0.9038583040237427,0.6231915950775146,0.897611677646637,0.6203738451004028,0.8706724047660828,0.6220400929450989,0.8708487749099731,0.6377931833267212,0.9051586985588074,0.6324104070663452,0.8919148445129395,0.6263165473937988,0.8584227561950684,0.6255245208740234,0.864704430103302,0.645227313041687,0.8962705731391907,0.6399970054626465,0.8877206444740295,0.6324491500854492,0.85512375831604,0.630774736404419,0.8594911098480225,0.6513973474502563,0.8822171688079834,0.6465892791748047,0.8721251487731934,0.6395258903503418,0.8518615961074829,0.6376360058784485,0.8527991771697998
agarrar,5,3,0.34532326459884644,0.77556312084198,0.3374525308609009,0.7305011749267578,0.32064497470855713,0.7057946920394897,0.3080451190471649,0.7026909589767456,0.2998031973838806,0.7185600996017456,0.29453831911087036,0.7324051260948181,0.2774829864501953,0.7301172614097595,0.28684282302856445,0.7226154208183289,0.29874974489212036,0.7215611934661865,0.29872962832450867,0.7557214498519897,0.2892153561115265,0.7654670476913452,0.30173709988594055,0.7509353756904602,0.31285619735717773,0.7441481947898865,0.3079734742641449,0.778268039226532,0.3024933934211731,0.7852725982666016,0.3136634826660156,0.7661117911338806,0.32245010137557983,0.7553325891494751,0.31998318433761597,0.7961646318435669,0.3200072646141052,0.800969123840332,0.3268622159957886,0.7865166068077087,0.3324894905090332,0.7768678069114685
agarrar,5,4,0.3410540819168091,0.7698472738265991,0.3311252295970917,0.7201618552207947,0.31469228863716125,0.6940017938613892,0.30105823278427124,0.6930528879165649,0.29333680868148804,0.7155644297599792,0.2906554341316223,0.719586968421936,0.2724229395389557,0.7215526103973389,0.2823556363582611,0.7164324522018433,0.2930539846420288,0.7144829034805298,0.2961675226688385,0.7438167929649353,0.2851264476776123,0.7572512030601501,0.29922640323638916,0.7430911064147949,0.3093426525592804,0.7333952188491821,0.30550816655158997,0.7670223116874695,0.29957249760627747,0.7763317227363586,0.3126846253871918,0.758013904094696,0.32004314661026,0.7453309893608093,0.31700098514556885,0.7862991094589233,0.31686627864837646,0.7934057712554932,0.32439717650413513,0.7796893119812012,0.3283516764640808,0.7690494656562805
agarrar,5,5,0.33907756209373474,0.7584449648857117,0.3279765844345093,0.7106836438179016,0.3099772334098816,0.6846480369567871,0.2961595952510834,0.6840866208076477,0.2900766432285309,0.7078841328620911,0.28487613797187805,0.7145801186561584,0.27026334404945374,0.7169659733772278,0.28161537647247314,0.7114101052284241,0.2910016179084778,0.7081236839294434,0.2905547320842743,0.7384803295135498,0.28869274258613586,0.7467871308326721,0.303660124540329,0.7342756390571594,0.3102666139602661,0.7258360981941223,0.30121979117393494,0.7614148855209351,0.30303260684013367,0.7658498883247375,0.31535905599594116,0.748995304107666,0.3195362687110901,0.7377602458000183,0.31440404057502747,0.7801711559295654,0.3186292052268982,0.782271146774292,0.32534557580947876,0.7686656713485718,0.3269079923629761,0.7592023611068726
agarrar,5,6,0.3406316936016083,0.7478996515274048,0.32715731859207153,0.6996130347251892,0.30775192379951477,0.6742730736732483,0.29344332218170166,0.6740131974220276,0.2884553372859955,0.7006640434265137,0.2867826223373413,0.7035647034645081,0.27046558260917664,0.710801899433136,0.27765515446662903,0.7027315497398376,0.2865418791770935,0.6973646283149719,0.2934991717338562,0.7271923422813416,0.28822943568229675,0.7404274940490723,0.3017785847187042,0.7252646684646606,0.3100607991218567,0.7134102582931519,0.30480730533599854,0.7499196529388428,0.3028978705406189,0.7589678764343262,0.3144926428794861,0.7398204803466797,0.3203529119491577,0.7254080772399902,0.3183872699737549,0.7683455944061279,0.31994783878326416,0.7744982242584229,0.32645636796951294,0.7604109644889832,0.32965707778930664,0.749252200126648
agarrar,5,7,0.3436145782470703,0.7316750884056091,0.3259339928627014,0.6878778338432312,0.3045806586742401,0.6646965742111206,0.290783166885376,0.6695173382759094,0.2864541709423065,0.6991932392120361,0.30763354897499084,0.6772236227989197,0.2909233272075653,0.6883286833763123,0.2850014567375183,0.6964583992958069,0.2829781472682953,0.7034890055656433,0.31854575872421265,0.6988053917884827,0.2971341907978058,0.7368209958076477,0.2958945035934448,0.7301051020622253,0.2997986376285553,0.7168008685112,0.3290979564189911,0.7228356003761292,0.3081490993499756,0.7574365139007568,0.3093445599079132,0.7465143799781799,0.31507349014282227,0.7300301194190979,0.3383742570877075,0.7445781230926514,0.322503924369812,0.772589385509491,0.3217441439628601,0.7636319994926453,0.32613036036491394,0.7483346462249756
agarrar,5,8,0.3469681739807129,0.7255268096923828,0.3330923616886139,0.6783627271652222,0.31130269169807434,0.6519657373428345,0.2954171895980835,0.6536735892295837,0.29193630814552307,0.6859887838363647,0.29602915048599243,0.676074743270874,0.2787209153175354,0.6873102784156799,0.2832735478878021,0.6844557523727417,0.2899967133998871,0.6817741990089417,0.3023110032081604,0.7002379298210144,0.294220894575119,0.7237093448638916,0.3045811057090759,0.7091541290283203,0.31127429008483887,0.6937715411186218,0.31214237213134766,0.7249022126197815,0.3078837990760803,0.7440879940986633,0.31793275475502014,0.7263196706771851,0.3230789601802826,0.7080826163291931,0.3237896263599396,0.7445023059844971,0.32356956601142883,0.7579852342605591,0.3296699821949005,0.7450558543205261,0.3335477113723755,0.7313233017921448
agarrar,5,9,0.3543659746646881,0.7062953114509583,0.3356485366821289,0.6658431887626648,0.31332555413246155,0.6429593563079834,0.2975281774997711,0.6423445343971252,0.2935818135738373,0.6725294589996338,0.3097127377986908,0.6593515276908875,0.29407450556755066,0.6819376945495605,0.2930349111557007,0.6812349557876587,0.2939832806587219,0.6757574677467346,0.32059192657470703,0.6804722547531128,0.3021560609340668,0.7186132073402405,0.3053273558616638,0.7050813436508179,0.31141671538352966,0.6874694228172302,0.33228862285614014,0.7033612728118896,0.31436383724212646,0.7372837066650391,0.31853893399238586,0.7210976481437683,0.32508108019828796,0.7018762826919556,0.3435090184211731,0.7235314249992371,0.32989999651908875,0.7513303160667419,0.3313371241092682,0.7395884990692139,0.3360837697982788,0.7227307558059692
agarrar,5,10,0.36249369382858276,0.6889901161193848,0.34233129024505615,0.6508148908615112,0.3207654058933258,0.6300569772720337,0.304979532957077,0.6294112801551819,0.29978179931640625,0.6555705070495605,0.31725576519966125,0.6446735262870789,0.30089500546455383,0.6627911925315857,0.29819947481155396,0.6664657592773438,0.29818254709243774,0.6662843227386475,0.3279556334018707,0.6635614037513733,0.30957984924316406,0.7001675367355347,0.31074923276901245,0.6935114860534668,0.315837025642395,0.6811224222183228,0.3399387300014496,0.6850772500038147,0.3220803737640381,0.7200050354003906,0.3236519992351532,0.7106369137763977,0.3287852704524994,0.6960027813911438,0.35142332315444946,0.7048341631889343,0.33682385087013245,0.7365516424179077,0.33632057905197144,0.7319446206092834,0.33970460295677185,0.7205038070678711
agarrar,5,11,0.367958664894104,0.6704922318458557,0.3475143611431122,0.6365182399749756,0.3261352479457855,0.6178532838821411,0.3102649748325348,0.6187955141067505,0.3041636347770691,0.6408014893531799,0.32888832688331604,0.6271136403083801,0.3136347830295563,0.6364051103591919,0.30924928188323975,0.646915078163147,0.30790984630584717,0.6550441384315491,0.33992642164230347,0.6460555195808411,0.3217155635356903,0.6785287857055664,0.32003453373908997,0.6801491379737854,0.32336121797561646,0.6755756139755249,0.3512905240058899,0.6678330898284912,0.3331540524959564,0.7004073262214661,0.3314571678638458,0.6980301141738892,0.3344039022922516,0.6904052495956421,0.3616445064544678,0.6878899335861206,0.34582361578941345,0.7181776762008667,0.34253162145614624,0.7181888818740845,0.3432234525680542,0.711594820022583
agarrar,5,12,0.6232572197914124,0.8294829726219177,0.6219390630722046,0.8186372518539429,0.6244480609893799,0.8287906646728516,0.6362156867980957,0.8524494171142578,0.6380569934844971,0.8717567324638367,0.5883772969245911,0.8808990716934204,0.6094354391098022,0.8896263837814331,0.6220218539237976,0.8747164607048035,0.6227372884750366,0.874575674533844,0.5946205854415894,0.9039571285247803,0.620567262172699,0.9047324061393738,0.6300113797187805,0.8803371787071228,0.6256391406059265,0.8748371005058289,0.6040545701980591,0.9169664978981018,0.6281900405883789,0.914300262928009,0.6348715424537659,0.8883998394012451,0.6304225325584412,0.8816033601760864,0.6140729188919067,0.9229400157928467,0.6317639946937561,0.9128080010414124,0.6370403170585632,0.8913431763648987,0.633270263671875,0.8828935623168945
agarrar,5,13,0.6173442006111145,0.8196045160293579,0.6103394031524658,0.806551456451416,0.6107298731803894,0.8121853470802307,0.6228147149085999,0.8383009433746338,0.6279720664024353,0.8665262460708618,0.5758711099624634,0.864507257938385,0.5894947052001953,0.8848536014556885,0.6074497699737549,0.8755893707275391,0.6171883344650269,0.866366982460022,0.5873357057571411,0.8885080218315125,0.6076949238777161,0.9054827094078064,0.6188651323318481,0.8851267695426941,0.6192493438720703,0.8708164095878601,0.6026015877723694,0.9003908038139343,0.6221030354499817,0.9074609875679016,0.6290620565414429,0.8846008777618408,0.6265397071838379,0.8719502091407776,0.6173538565635681,0.9018025398254395,0.6339388489723206,0.8980708718299866,0.6390082240104675,0.8800598382949829,0.636577844619751,0.8695873618125916
agarrar,5,14,0.6063475608825684,0.8116177916526794,0.6017488837242126,0.7948982119560242,0.602481484413147,0.8064267635345459,0.6134587526321411,0.8330160975456238,0.6194433569908142,0.8559061288833618,0.5681243538856506,0.850335955619812,0.5837319493293762,0.8778427839279175,0.601765513420105,0.8715952038764954,0.6102291345596313,0.8618379235267639,0.5749411582946777,0.8738974928855896,0.601967453956604,0.8983582258224487,0.6148553490638733,0.879046618938446,0.6151747107505798,0.8611442446708679,0.5865851044654846,0.8873273134231567,0.6126142740249634,0.9055607914924622,0.6207815408706665,0.8811182975769043,0.618025541305542,0.861891508102417,0.5992438197135925,0.8916584849357605,0.6210072040557861,0.8999285697937012,0.6268190145492554,0.877888023853302,0.6240076422691345,0.8596546649932861
agarrar,5,15,0.5977449417114258,0.8084607124328613,0.599479615688324,0.7926918268203735,0.6011795401573181,0.7981812357902527,0.607979953289032,0.8250965476036072,0.6107388138771057,0.8486172556877136,0.5602542757987976,0.8277870416641235,0.5704647302627563,0.8632577657699585,0.5905070900917053,0.8670925498008728,0.6015357375144958,0.856494128704071,0.5628116726875305,0.8552675843238831,0.5761498212814331,0.8933614492416382,0.5975124835968018,0.8874049186706543,0.6065720319747925,0.870527446269989,0.5703530311584473,0.8747461438179016,0.5838295817375183,0.9073778390884399,0.6016988158226013,0.8959844708442688,0.6086364388465881,0.8774386644363403,0.5797500014305115,0.8839336633682251,0.5933083295822144,0.9077613949775696,0.6066212058067322,0.8960165977478027,0.611961841583252,0.8782044649124146
agarrar,5,16,0.5916709303855896,0.7943662405014038,0.593664824962616,0.7854797840118408,0.5945863127708435,0.7919144630432129,0.5973212718963623,0.8177323341369629,0.5971671342849731,0.8377035856246948,0.5520535707473755,0.8108789324760437,0.5592408180236816,0.8471567034721375,0.5755043625831604,0.8556892275810242,0.5867626667022705,0.8495170474052429,0.549525797367096,0.8348478674888611,0.5600143671035767,0.8717164993286133,0.5793249607086182,0.8738240003585815,0.5888580083847046,0.8635708689689636,0.5520481467247009,0.8528220057487488,0.5613393187522888,0.8868458867073059,0.576651394367218,0.8879097700119019,0.585488498210907,0.878446102142334,0.5568252205848694,0.8638246059417725,0.5642207860946655,0.8909235596656799,0.5762866139411926,0.8891925811767578,0.5839384198188782,0.8786395788192749
agarrar,5,17,0.5741622447967529,0.7889143228530884,0.5793571472167969,0.77266925573349,0.5833022594451904,0.7782156467437744,0.5859168767929077,0.8021819591522217,0.5847220420837402,0.8259738087654114,0.5508660674095154,0.7871975898742676,0.5670223236083984,0.8256214261054993,0.5872135162353516,0.8422291278839111,0.6014487743377686,0.8438549637794495,0.5448665022850037,0.810920000076294,0.564437210559845,0.8562044501304626,0.5839410424232483,0.8622092008590698,0.5926725268363953,0.8538338541984558,0.5429070591926575,0.8308823704719543,0.5607441067695618,0.8715572953224182,0.5764896869659424,0.8691394329071045,0.5828838348388672,0.856381356716156,0.5433728098869324,0.8453934192657471,0.5577498078346252,0.8781493306159973,0.5706526041030884,0.8740832209587097,0.5761285424232483,0.8610947132110596
agarrar,5,18,0.5406469106674194,0.7767561674118042,0.5578599572181702,0.7601309418678284,0.5707026124000549,0.7641716599464417,0.5765640139579773,0.7853526473045349,0.5769816040992737,0.809861421585083,0.5506815910339355,0.7650225162506104,0.5744646191596985,0.7991048693656921,0.5924374461174011,0.8152818083763123,0.6039413809776306,0.8223477005958557,0.5414278507232666,0.792353093624115,0.5665178298950195,0.8281788229942322,0.5826674103736877,0.839635968208313,0.5904645919799805,0.841790497303009,0.5346342921257019,0.8164048194885254,0.5592865347862244,0.8480867147445679,0.5737705230712891,0.8505695462226868,0.578471839427948,0.8426021337509155,0.5304023623466492,0.8354393839836121,0.5521443486213684,0.8596972823143005,0.5658997297286987,0.8589197993278503,0.5707441568374634,0.8490227460861206
agarrar,5,19,0.5370414853096008,0.7555657625198364,0.5529043078422546,0.7406351566314697,0.5607289671897888,0.7449331283569336,0.558921754360199,0.7652844190597534,0.5525640845298767,0.784095048904419,0.550470769405365,0.7491639256477356,0.5717034935951233,0.7874033451080322,0.5837205648422241,0.8019458055496216,0.5909115076065063,0.8071607351303101,0.5394802689552307,0.7713925838470459,0.559197187423706,0.8202771544456482,0.5645049810409546,0.8234394788742065,0.5656676292419434,0.8166163563728333,0.5296176671981812,0.7914507985115051,0.5469521284103394,0.8340134024620056,0.5511614680290222,0.8281089067459106,0.5504857897758484,0.8141087889671326,0.5219667553901672,0.807899534702301,0.5349743366241455,0.8389699459075928,0.5399917960166931,0.8314343094825745,0.5393840074539185,0.8170084357261658
agarrar,6,0,0.33907756209373474,0.7584449648857117,0.3279765844345093,0.7106836438179016,0.3099772334098816,0.6846480369567871,0.2961595952510834,0.6840866208076477,0.2900766432285309,0.7078841328620911,0.28487613797187805,0.7145801186561584,0.27026334404945374,0.7169659733772278,0.28161537647247314,0.7114101052284241,0.2910016179084778,0.7081236839294434,0.2905547320842743,0.7384803295135498,0.28869274258613586,0.7467871308326721,0.303660124540329,0.7342756390571594,0.3102666139602661,0.7258360981941223,0.30121979117393494,0.7614148855209351,0.30303260684013367,0.7658498883247375,0.31535905599594116,0.748995304107666,0.3195362687110901,0.7377602458000183,0.31440404057502747,0.7801711559295654,0.3186292052268982,0.782271146774292,0.32534557580947876,0.7686656713485718,0.3269079923629761,0.7592023611068726
agarrar,6,1,0.3406316936016083,0.7478996515274048,0.32715731859207153,0.6996130347251892,0.30775192379951477,0.6742730736732483,0.29344332218170166,0.6740131974220276,0.2884553372859955,0.7006640434265137,0.2867826223373413,0.7035647034645081,0.27046558260917664,0.710801899433136,0.27765515446662903,0.7027315497398376,0.2865418791770935,0.6973646283149719,0.2934991717338562,0.7271923422813416,0.28822943568229675,0.7404274940490723,0.3017785847187042,0.7252646684646606,0.3100607991218567,0.7134102582931519,0.30480730533599854,0.7499196529388428,0.3028978705406189,0.7589678764343262,0.3144926428794861,0.7398204803466797,0.3203529119491577,0.7254080772399902,0.3183872699737549,0.7683455944061279,0.31994783878326416,0.7744982242584229,0.32645636796951294,0.7604109644889832,0.32965707778930664,0.749252200126648
agarrar,6,2,0.3436145782470703,0.7316750884056091,0.3259339928627014,0.6878778338432312,0.3045806586742401,0.6646965742111206,0.290783166885376,0.6695173382759094,0.2864541709423065,0.6991932392120361,0.30763354897499084,0.6772236227989197,0.2909233272075653,0.6883286833763123,0.2850014567375183,0.6964583992958069,0.2829781472682953,0.7034890055656433,0.31854575872421265,0.6988053917884827,0.2971341907978058,0.7368209958076477,0.2958945035934448,0.7301051020622253,0.2997986376285553,0.7168008685112,0.3290979564189911,0.7228356003761292,0.3081490993499756,0.7574365139007568,0.3093445599079132,0.7465143799781799,0.31507349014282227,0.7300301194190979,0.3383742570877075,0.7445781230926514,0.322503924369812,0.772589385509491,0.3217441439628601,0.7636319994926453,0.32613036036491394,0.7483346462249756
agarrar,6,3,0.3469681739807129,0.7255268096923828,0.3330923616886139,0.6783627271652222,0.31130269169807434,0.6519657373428345,0.2954171895980835,0.6536735892295837,0.29193630814552307,0.6859887838363647,0.29602915048599243,0.676074743270874,0.2787209153175354,0.6873102784156799,0.2832735478878021,0.6844557523727417,0.2899967133998871,0.6817741990089417,0.3023110032081604,0.7002379298210144,0.294220894575119,0.7237093448638916,0.3045811057090759,0.7091541290283203,0.31127429008483887,0.6937715411186218,0.31214237213134766,0.7249022126197815,0.3078837990760803,0.7440879940986633,0.31793275475502014,0.7263196706771851,0.3230789601802826,0.7080826163291931,0.3237896263599396,0.7445023059844971,0.32356956601142883,0.7579852342605591,0.3296699821949005,0.7450558543205261,0.3335477113723755,0.7313233017921448
agarrar,6,4,0.3543659746646881,0.7062953114509583,0.3356485366821289,0.6658431887626648,0.31332555413246155,0.6429593563079834,0.2975281774997711,0.6423445343971252,0.2935818135738373,0.6725294589996338,0.3097127377986908,0.6593515276908875,0.29407450556755066,0.6819376945495605,0.2930349111557007,0.6812349557876587,0.2939832806587219,0.6757574677467346,0.32059192657470703,0.6804722547531128,0.3021560609340668,0.7186132073402405,0.3053273558616638,0.7050813436508179,0.31141671538352966,0.6874694228172302,0.33228862285614014,0.7033612728118896,0.31436383724212646,0.7372837066650391,0.31853893399238586,0.7210976481437683,0.32508108019828796,0.7018762826919556,0.3435090184211731,0.7235314249992371,0.32989999651908875,0.7513303160667419,0.3313371241092682,0.7395884990692139,0.3360837697982788,0.7227307558059692
agarrar,6,5,0.36249369382858276,0.6889901161193848,0.34233129024505615,0.6508148908615112,0.3207654058933258,0.6300569772720337,0.304979532957077,0.6294112801551819,0.29978179931640625,0.6555705070495605,0.31725576519966125,0.6446735262870789,0.30089500546455383,0.6627911925315857,0.29819947481155396,0.6664657592773438,0.29818254709243774,0.6662843227386475,0.3279556334018707,0.6635614037513733,0.30957984924316406,0.7001675367355347,0.31074923276901245,0.6935114860534668,0.315837025642395,0.6811224222183228,0.3399387300014496,0.6850772500038147,0.3220803737640381,0.7200050354003906,0.3236519992351532,0.7106369137763977,0.3287852704524994,0.6960027813911438,0.35142332315444946,0.7048341631889343,0.33682385087013245,0.7365516424179077,0.33632057905197144,0.7319446206092834,0.33970460295677185,0.7205038070678711
agarrar,6,6,0.367958664894104,0.6704922318458557,0.3475143611431122,0.6365182399749756,0.3261352479457855,0.6178532838821411,0.3102649748325348,0.6187955141067505,0.3041636347770691,0.6408014893531799,0.32888832688331604,0.6271136403083801,0.3136347830295563,0.6364051103591919,0.30924928188323975,0.646915078163147,0.30790984630584717,0.6550441384315491,0.33992642164230347,0.6460555195808411,0.3217155635356903,0.6785287857055664,0.32003453373908997,0.6801491379737854,0.32336121797561646,0.6755756139755249,0.3512905240058899,0.6678330898284912,0.3331540524959564,0.7004073262214661,0.3314571678638458,0.6980301141738892,0.3344039022922516,0.6904052495956421,0.3616445064544678,0.6878899335861206,0.34582361578941345,0.7181776762008667,0.34253162145614624,0.7181888818740845,0.3432234525680542,0.711594820022583
agarrar,6,7,0.6232572197914124,0.8294829726219177,0.6219390630722046,0.8186372518539429,0.6244480609893799,0.8287906646728516,0.6362156867980957,0.8524494171142578,0.6380569934844971,0.8717567324638367,0.5883772969245911,0.8808990716934204,0.6094354391098022,0.8896263837814331,0.6220218539237976,0.8747164607048035,0.6227372884750366,0.874575674533844,0.5946205854415894,0.9039571285247803,0.620567262172699,0.9047324061393738,0.6300113797187805,0.8803371787071228,0.6256391406059265,0.8748371005058289,0.6040545701980591,0.9169664978981018,0.6281900405883789,0.914300262928009,0.6348715424537659,0.8883998394012451,0.6304225325584412,0.8816033601760864,0.6140729188919067,0.9229400157928467,0.6317639946937561,0.9128080010414124,0.6370403170585632,0.8913431763648987,0.633270263671875,0.8828935623168945
agarrar,6,8,0.6173442006111145,0.8196045160293579,0.6103394031524658,0.806551456451416,0.6107298731803894,0.8121853470802307,0.6228147149085999,0.8383009433746338,0.6279720664024353,0.8665262460708618,0.5758711099624634,0.864507257938385,0.5894947052001953,0.8848536014556885,0.6074497699737549,0.8755893707275391,0.6171883344650269,0.866366982460022,0.5873357057571411,0.8885080218315125,0.6076949238777161,0.9054827094078064,0.6188651323318481,0.8851267695426941,0.6192493438720703,0.8708164095878601,0.6026015877723694,0.9003908038139343,0.6221030354499817,0.9074609875679016,0.6290620565414429,0.8846008777618408,0.6265397071838379,0.8719502091407776,0.6173538565635681,0.9018025398254395,0.6339388489723206,0.8980708718299866,0.6390082240104675,0.8800598382949829,0.636577844619751,0.8695873618125916
agarrar,6,9,0.6063475608825684,0.8116177916526794,0.6017488837242126,0.7948982119560242,0.602481484413147,0.8064267635345459,0.6134587526321411,0.8330160975456238,0.6194433569908142,0.8559061288833618,0.5681243538856506,0.850335955619812,0.5837319493293762,0.8778427839279175,0.601765513420105,0.8715952038764954,0.6102291345596313,0.8618379235267639,0.5749411582946777,0.8738974928855896,0.601967453956604,0.8983582258224487,0.6148553490638733,0.879046618938446,0.6151747107505798,0.8611442446708679,0.5865851044654846,0.8873273134231567,0.6126142740249634,0.9055607914924622,0.6207815408706665,0.8811182975769043,0.618025541305542,0.861891508102417,0.5992438197135925,0.8916584849357605,0.6210072040557861,0.8999285697937012,0.6268190145492554,0.877888023853302,0.6240076422691345,0.8596546649932861
agarrar,6,10,0.5977449417114258,0.8084607124328613,0.599479615688324,0.7926918268203735,0.6011795401573181,0.7981812357902527,0.607979953289032,0.8250965476036072,0.6107388138771057,0.8486172556877136,0.5602542757987976,0.8277870416641235,0.5704647302627563,0.8632577657699585,0.5905070900917053,0.8670925498008728,0.6015357375144958,0.856494128704071,0.5628116726875305,0.8552675843238831,0.5761498212814331,0.8933614492416382,0.5975124835968018,0.8874049186706543,0.6065720319747925,0.870527446269989,0.5703530311584473,0.8747461438179016,0.5838295817375183,0.9073778390884399,0.6016988158226013,0.8959844708442688,0.6086364388465881,0.8774386644363403,0.5797500014305115,0.8839336633682251,0.5933083295822144,0.9077613949775696,0.6066212058067322,0.8960165977478027,0.611961841583252,0.8782044649124146
agarrar,6,11,0.5916709303855896,0.7943662405014038,0.593664824962616,0.7854797840118408,0.5945863127708435,0.7919144630432129,0.5973212718963623,0.8177323341369629,0.5971671342849731,0.8377035856246948,0.5520535707473755,0.8108789324760437,0.5592408180236816,0.8471567034721375,0.5755043625831604,0.8556892275810242,0.5867626667022705,0.8495170474052429,0.549525797367096,0.8348478674888611,0.5600143671035767,0.8717164993286133,0.5793249607086182,0.8738240003585815,0.5888580083847046,0.8635708689689636,0.5520481467247009,0.8528220057487488,0.5613393187522888,0.8868458867073059,0.576651394367218,0.8879097700119019,0.585488498210907,0.878446102142334,0.5568252205848694,0.8638246059417725,0.5642207860946655,0.8909235596656799,0.5762866139411926,0.8891925811767578,0.5839384198188782,0.8786395788192749
agarrar,6,12,0.5741622447967529,0.7889143228530884,0.5793571472167969,0.77266925573349,0.5833022594451904,0.7782156467437744,0.5859168767929077,0.8021819591522217,0.5847220420837402,0.8259738087654114,0.5508660674095154,0.7871975898742676,0.5670223236083984,0.8256214261054993,0.5872135162353516,0.8422291278839111,0.6014487743377686,0.8438549637794495,0.5448665022850037,0.810920000076294,0.564437210559845,0.8562044501304626,0.5839410424232483,0.8622092008590698,0.5926725268363953,0.8538338541984558,0.5429070591926575,0.8308823704719543,0.5607441067695618,0.8715572953224182,0.5764896869659424,0.8691394329071045,0.5828838348388672,0.856381356716156,0.5433728098869324,0.8453934192657471,0.5577498078346252,0.8781493306159973,0.5706526041030884,0.8740832209587097,0.5761285424232483,0.8610947132110596
agarrar,6,13,0.5406469106674194,0.7767561674118042,0.5578599572181702,0.7601309418678284,0.5707026124000549,0.7641716599464417,0.5765640139579773,0.7853526473045349,0.5769816040992737,0.809861421585083,0.5506815910339355,0.7650225162506104,0.5744646191596985,0.7991048693656921,0.5924374461174011,0.8152818083763123,0.6039413809776306,0.8223477005958557,0.5414278507232666,0.792353093624115,0.5665178298950195,0.8281788229942322,0.5826674103736877,0.839635968208313,0.5904645919799805,0.841790497303009,0.5346342921257019,0.8164048194885254,0.5592865347862244,0.8480867147445679,0.5737705230712891,0.8505695462226868,0.578471839427948,0.8426021337509155,0.5304023623466492,0.8354393839836121,0.5521443486213684,0.8596972823143005,0.5658997297286987,0.8589197993278503,0.5707441568374634,0.8490227460861206
agarrar,6,14,0.5370414853096008,0.7555657625198364,0.5529043078422546,0.7406351566314697,0.5607289671897888,0.7449331283569336,0.558921754360199,0.7652844190597534,0.5525640845298767,0.784095048904419,0.550470769405365,0.7491639256477356,0.5717034935951233,0.7874033451080322,0.5837205648422241,0.8019458055496216,0.5909115076065063,0.8071607351303101,0.5394802689552307,0.7713925838470459,0.559197187423706,0.8202771544456482,0.5645049810409546,0.8234394788742065,0.5656676292419434,0.8166163563728333,0.5296176671981812,0.7914507985115051,0.5469521284103394,0.8340134024620056,0.5511614680290222,0.8281089067459106,0.5504857897758484,0.8141087889671326,0.5219667553901672,0.807899534702301,0.5349743366241455,0.8389699459075928,0.5399917960166931,0.8314343094825745,0.5393840074539185,0.8170084357261658
agarrar,6,15,0.5299926400184631,0.7296872735023499,0.5465733408927917,0.7184693813323975,0.5548954606056213,0.7239783406257629,0.551461398601532,0.7399678826332092,0.5426961183547974,0.752388060092926,0.5440353751182556,0.7206782698631287,0.5591103434562683,0.7643049359321594,0.5678586959838867,0.7868538498878479,0.5737801790237427,0.7988833785057068,0.5288604497909546,0.7393748164176941,0.5464243292808533,0.7930446267127991,0.5542317628860474,0.8059639930725098,0.559398889541626,0.8043475151062012,0.5160265564918518,0.7568015456199646,0.5315722227096558,0.8044378161430359,0.5390674471855164,0.806845486164093,0.5434609651565552,0.7972871661186218,0.5065038800239563,0.771020233631134,0.5185189247131348,0.8074097633361816,0.5267675518989563,0.8076714277267456,0.5303023457527161,0.7976080775260925
agarrar,6,16,0.5243401527404785,0.45419374108314514,0.5044302344322205,0.4349357485771179,0.47927218675613403,0.42266541719436646,0.46789243817329407,0.4292907118797302,0.4708660840988159,0.4420306980609894,0.492256760597229,0.43117642402648926,0.46556034684181213,0.4628366231918335,0.45247146487236023,0.4848453104496002,0.4436911642551422,0.5001375079154968,0.502051055431366,0.4578512907028198,0.4678027331829071,0.49177488684654236,0.4562479555606842,0.5012933611869812,0.4509294629096985,0.5060983300209045,0.5100261569023132,0.48253485560417175,0.4776681959629059,0.5129568576812744,0.4759688973426819,0.5090631246566772,0.47924894094467163,0.5004603862762451,0.5155776143074036,0.5037997961044312,0.48824185132980347,0.5264021158218384,0.48695728182792664,0.5229707956314087,0.49132588505744934,0.5144144892692566
agarrar,6,17,0.4930224120616913,0.5043904185295105,0.47879740595817566,0.468341588973999,0.4726961851119995,0.430793434381485,0.4811880588531494,0.41045433282852173,0.49722614884376526,0.4153176248073578,0.5110281705856323,0.4129556715488434,0.5080808997154236,0.4129983186721802,0.5009626746177673,0.4160309433937073,0.4948804974555969,0.4224156439304352,0.5239444971084595,0.4365028440952301,0.4978443682193756,0.4602568745613098,0.4858741760253906,0.4661356508731842,0.4808700978755951,0.4697425365447998,0.5296430587768555,0.4654240310192108,0.5025844573974609,0.48756763339042664,0.4931996464729309,0.4876736104488373,0.4891877770423889,0.48566776514053345,0.5316616296768188,0.4943203926086426,0.509817898273468,0.5113748908042908,0.5011157989501953,0.5114421844482422,0.4970380961894989,0.5082889199256897
agarrar,6,18,0.4923313558101654,0.5036042928695679,0.4801132082939148,0.46069586277008057,0.48474976420402527,0.419045627117157,0.5022634267807007,0.39447054266929626,0.5205573439598083,0.3935779333114624,0.5034911036491394,0.4346731901168823,0.5235917568206787,0.4047591984272003,0.5224516987800598,0.3972834348678589,0.5157960057258606,0.40206846594810486,0.517815351486206,0.459665983915329,0.527273952960968,0.4334668815135956,0.5256628394126892,0.42486676573753357,0.5207478404045105,0.42794597148895264,0.5275750160217285,0.48063531517982483,0.5328062176704407,0.4552907347679138,0.5314825773239136,0.44519537687301636,0.5269224047660828,0.4453825354576111,0.533872663974762,0.49366164207458496,0.5359641909599304,0.47487345337867737,0.5356017351150513,0.4656919836997986,0.5341100692749023,0.4616892337799072
agarrar,6,19,0.4922904074192047,0.5309234261512756,0.4879748821258545,0.480383962392807,0.4981535077095032,0.43353402614593506,0.513840913772583,0.4012042284011841,0.5297272801399231,0.38581955432891846,0.49206194281578064,0.43270766735076904,0.5198280811309814,0.38561582565307617,0.537178635597229,0.3750423491001129,0.543903648853302,0.37786194682121277,0.5045579075813293,0.4560272693634033,0.5436670780181885,0.40912532806396484,0.5539503693580627,0.40111494064331055,0.5498133301734924,0.4033348858356476,0.5183606743812561,0.4810953140258789,0.5549799799919128,0.43828117847442627,0.5601892471313477,0.4318237900733948,0.5542058944702148,0.43316397070884705,0.5302529335021973,0.503035306930542,0.5582394599914551,0.4647755026817322,0.5636035799980164,0.4556220471858978,0.5601322650909424,0.45348986983299255
agarrar,7,0,0.36249369382858276,0.6889901161193848,0.34233129024505615,0.6508148908615112,0.3207654058933258,0.6300569772720337,0.304979532957077,0.6294112801551819,0.29978179931640625,0.6555705070495605,0.31725576519966125,0.6446735262870789,0.30089500546455383,0.6627911925315857,0.29819947481155396,0.6664657592773438,0.29818254709243774,0.6662843227386475,0.3279556334018707,0.6635614037513733,0.30957984924316406,0.7001675367355347,0.31074923276901245,0.6935114860534668,0.315837025642395,0.6811224222183228,0.3399387300014496,0.6850772500038147,0.3220803737640381,0.7200050354003906,0.3236519992351532,0.7106369137763977,0.3287852704524994,0.6960027813911438,0.35142332315444946,0.7048341631889343,0.33682385087013245,0.7365516424179077,0.33632057905197144,0.7319446206092834,0.33970460295677185,0.7205038070678711
agarrar,7,1,0.367958664894104,0.6704922318458557,0.3475143611431122,0.6365182399749756,0.3261352479457855,0.6178532838821411,0.3102649748325348,0.6187955141067505,0.3041636347770691,0.6408014893531799,0.32888832688331604,0.6271136403083801,0.3136347830295563,0.6364051103591919,0.30924928188323975,0.646915078163147,0.30790984630584717,0.6550441384315491,0.33992642164230347,0.6460555195808411,0.3217155635356903,0.6785287857055664,0.32003453373908997,0.6801491379737854,0.32336121797561646,0.6755756139755249,0.3512905240058899,0.6678330898284912,0.3331540524959564,0.7004073262214661,0.3314571678638458,0.6980301141738892,0.3344039022922516,0.6904052495956421,0.3616445064544678,0.6878899335861206,0.34582361578941345,0.7181776762008667,0.34253162145614624,0.7181888818740845,0.3432234525680542,0.711594820022583
agarrar,7,2,0.6232572197914124,0.8294829726219177,0.6219390630722046,0.8186372518539429,0.6244480609893799,0.8287906646728516,0.6362156867980957,0.8524494171142578,0.6380569934844971,0.8717567324638367,0.5883772969245911,0.8808990716934204,0.6094354391098022,0.8896263837814331,0.6220218539237976,0.8747164607048035,0.6227372884750366,0.874575674533844,0.5946205854415894,0.9039571285247803,0.620567262172699,0.9047324061393738,0.6300113797187805,0.8803371787071228,0.6256391406059265,0.8748371005058289,0.6040545701980591,0.9169664978981018,0.6281900405883789,0.914300262928009,0.6348715424537659,0.8883998394012451,0.6304225325584412,0.8816033601760864,0.6140729188919067,0.9229400157928467,0.6317639946937561,0.9128080010414124,0.6370403170585632,0.8913431763648987,0.633270263671875,0.8828935623168945
agarrar,7,3,0.6173442006111145,0.8196045160293579,0.6103394031524658,0.806551456451416,0.6107298731803894,0.8121853470802307,0.6228147149085999,0.8383009433746338,0.6279720664024353,0.8665262460708618,0.5758711099624634,0.864507257938385,0.5894947052001953,0.8848536014556885,0.6074497699737549,0.8755893707275391,0.6171883344650269,0.866366982460022,0.5873357057571411,0.8885080218315125,0.6076949238777161,0.9054827094078064,0.6188651323318481,0.8851267695426941,0.6192493438720703,0.8708164095878601,0.6026015877723694,0.9003908038139343,0.6221030354499817,0.9074609875679016,0.6290620565414429,0.8846008777618408,0.6265397071838379,0.8719502091407776,0.6173538565635681,0.9018025398254395,0.6339388489723206,0.8980708718299866,0.6390082240104675,0.8800598382949829,0.636577844619751,0.8695873618125916
agarrar,7,4,0.6063475608825684,0.8116177916526794,0.6017488837242126,0.7948982119560242,0.602481484413147,0.8064267635345459,0.6134587526321411,0.8330160975456238,0.6194433569908142,0.8559061288833618,0.5681243538856506,0.850335955619812,0.5837319493293762,0.8778427839279175,0.601765513420105,0.8715952038764954,0.6102291345596313,0.8618379235267639,0.5749411582946777,0.8738974928855896,0.601967453956604,0.8983582258224487,0.6148553490638733,0.879046618938446,0.6151747107505798,0.8611442446708679,0.5865851044654846,0.8873273134231567,0.6126142740249634,0.9055607914924622,0.6207815408706665,0.8811182975769043,0.618025541305542,0.861891508102417,0.5992438197135925,0.8916584849357605,0.6210072040557861,0.8999285697937012,0.6268190145492554,0.877888023853302,0.6240076422691345,0.8596546649932861
agarrar,7,5,0.5977449417114258,0.8084607124328613,0.599479615688324,0.7926918268203735,0.6011795401573181,0.7981812357902527,0.607979953289032,0.8250965476036072,0.6107388138771057,0.8486172556877136,0.5602542757987976,0.8277870416641235,0.5704647302627563,0.8632577657699585,0.5905070900917053,0.8670925498008728,0.6015357375144958,0.856494128704071,0.5628116726875305,0.8552675843238831,0.5761498212814331,0.8933614492416382,0.5975124835968018,0.8874049186706543,0.6065720319747925,0.870527446269989,0.5703530311584473,0.8747461438179016,0.5838295817375183,0.9073778390884399,0.6016988158226013,0.8959844708442688,0.6086364388465881,0.8774386644363403,0.5797500014305115,0.8839336633682251,0.5933083295822144,0.9077613949775696,0.6066212058067322,0.8960165977478027,0.611961841583252,0.8782044649124146
agarrar,7,6,0.5916709303855896,0.7943662405014038,0.593664824962616,0.7854797840118408,0.5945863127708435,0.7919144630432129,0.5973212718963623,0.8177323341369629,0.5971671342849731,0.8377035856246948,0.5520535707473755,0.8108789324760437,0.5592408180236816,0.8471567034721375,0.5755043625831604,0.8556892275810242,0.5867626667022705,0.8495170474052429,0.549525797367096,0.8348478674888611,0.5600143671035767,0.8717164993286133,0.5793249607086182,0.8738240003585815,0.5888580083847046,0.8635708689689636,0.5520481467247009,0.8528220057487488,0.5613393187522888,0.8868458867073059,0.576651394367218,0.8879097700119019,0.585488498210907,0.878446102142334,0.5568252205848694,0.8638246059417725,0.5642207860946655,0.8909235596656799,0.5762866139411926,0.8891925811767578,0.5839384198188782,0.8786395788192749
agarrar,7,7,0.5741622447967529,0.7889143228530884,0.5793571472167969,0.77266925573349,0.5833022594451904,0.7782156467437744,0.5859168767929077,0.8021819591522217,0.5847220420837402,0.8259738087654114,0.5508660674095154,0.7871975898742676,0.5670223236083984,0.8256214261054993,0.5872135162353516,0.8422291278839111,0.6014487743377686,0.8438549637794495,0.5448665022850037,0.810920000076294,0.564437210559845,0.8562044501304626,0.5839410424232483,0.8622092008590698,0.5926725268363953,0.8538338541984558,0.5429070591926575,0.8308823704719543,0.5607441067695618,0.8715572953224182,0.5764896869659424,0.8691394329071045,0.5828838348388672,0.856381356716156,0.5433728098869324,0.8453934192657471,0.5577498078346252,0.8781493306159973,0.5706526041030884,0.8740832209587097,0.5761285424232483,0.8610947132110596
agarrar,7,8,0.5406469106674194,0.7767561674118042,0.5578599572181702,0.7601309418678284,0.5707026124000549,0.7641716599464417,0.5765640139579773,0.7853526473045349,0.5769816040992737,0.809861421585083,0.5506815910339355,0.7650225162506104,0.5744646191596985,0.7991048693656921,0.5924374461174011,0.8152818083763123,0.6039413809776306,0.8223477005958557,0.5414278507232666,0.792353093624115,0.5665178298950195,0.8281788229942322,0.5826674103736877,0.839635968208313,0.5904645919799805,0.841790497303009,0.5346342921257019,0.8164048194885254,0.5592865347862244,0.8480867147445679,0.5737705230712891,0.8505695462226868,0.578471839427948,0.8426021337509155,0.5304023623466492,0.8354393839836121,0.5521443486213684,0.8596972823143005,0.5658997297286987,0.8589197993278503,0.5707441568374634,0.8490227460861206
agarrar,7,9,0.5370414853096008,0.7555657625198364,0.5529043078422546,0.7406351566314697,0.5607289671897888,0.7449331283569336,0.558921754360199,0.7652844190597534,0.5525640845298767,0.784095048904419,0.550470769405365,0.7491639256477356,0.5717034935951233,0.7874033451080322,0.5837205648422241,0.8019458055496216,0.5909115076065063,0.8071607351303101,0.5394802689552307,0.7713925838470459,0.559197187423706,0.8202771544456482,0.5645049810409546,0.8234394788742065,0.5656676292419434,0.8166163563728333,0.5296176671981812,0.7914507985115051,0.5469521284103394,0.8340134024620056,0.5511614680290222,0.8281089067459106,0.5504857897758484,0.8141087889671326,0.5219667553901672,0.807899534702301,0.5349743366241455,0.8389699459075928,0.5399917960166931,0.8314343094825745,0.5393840074539185,0.8170084357261658
agarrar,7,10,0.5299926400184631,0.7296872735023499,0.5465733408927917,0.7184693813323975,0.5548954606056213,0.7239783406257629,0.551461398601532,0.7399678826332092,0.5426961183547974,0.752388060092926,0.5440353751182556,0.7206782698631287,0.5591103434562683,0.7643049359321594,0.5678586959838867,0.7868538498878479,0.5737801790237427,0.7988833785057068,0.5288604497909546,0.7393748164176941,0.5464243292808533,0.7930446267127991,0.5542317628860474,0.8059639930725098,0.559398889541626,0.8043475151062012,0.5160265564918518,0.7568015456199646,0.5315722227096558,0.8044378161430359,0.5390674471855164,0.806845486164093,0.5434609651565552,0.7972871661186218,0.5065038800239563,0.771020233631134,0.5185189247131348,0.8074097633361816,0.5267675518989563,0.8076714277267456,0.5303023457527161,0.7976080775260925
agarrar,7,11,0.5243401527404785,0.45419374108314514,0.5044302344322205,0.4349357485771179,0.47927218675613403,0.42266541719436646,0.46789243817329407,0.4292907118797302,0.4708660840988159,0.4420306980609894,0.492256760597229,0.43117642402648926,0.46556034684181213,0.4628366231918335,0.45247146487236023,0.4848453104496002,0.4436911642551422,0.5001375079154968,0.502051055431366,0.4578512907028198,0.4678027331829071,0.49177488684654236,0.4562479555606842,0.5012933611869812,0.4509294629096985,0.5060983300209045,0.5100261569023132,0.48253485560417175,0.4776681959629059,0.5129568576812744,0.4759688973426819,0.5090631246566772,0.47924894094467163,0.5004603862762451,0.5155776143074036,0.5037997961044312,0.48824185132980347,0.5264021158218384,0.48695728182792664,0.5229707956314087,0.49132588505744934,0.5144144892692566
agarrar,7,12,0.4930224120616913,0.5043904185295105,0.47879740595817566,0.468341588973999,0.4726961851119995,0.430793434381485,0.4811880588531494,0.41045433282852173,0.49722614884376526,0.4153176248073578,0.5110281705856323,0.4129556715488434,0.5080808997154236,0.4129983186721802,0.5009626746177673,0.4160309433937073,0.4948804974555969,0.4224156439304352,0.5239444971084595,0.4365028440952301,0.4978443682193756,0.4602568745613098,0.4858741760253906,0.4661356508731842,0.4808700978755951,0.4697425365447998,0.5296430587768555,0.4654240310192108,0.5025844573974609,0.48756763339042664,0.4931996464729309,0.4876736104488373,0.4891877770423889,0.48566776514053345,0.5316616296768188,0.4943203926086426,0.509817898273468,0.5113748908042908,0.5011157989501953,0.5114421844482422,0.4970380961894989,0.5082889199256897
agarrar,7,13,0.4923313558101654,0.5036042928695679,0.4801132082939148,0.46069586277008057,0.48474976420402527,0.419045627117157,0.5022634267807007,0.39447054266929626,0.5205573439598083,0.3935779333114624,0.5034911036491394,0.4346731901168823,0.5235917568206787,0.4047591984272003,0.5224516987800598,0.3972834348678589,0.5157960057258606,0.40206846594810486,0.517815351486206,0.459665983915329,0.527273952960968,0.4334668815135956,0.5256628394126892,0.42486676573753357,0.5207478404045105,0.42794597148895264,0.5275750160217285,0.48063531517982483,0.5328062176704407,0.4552907347679138,0.5314825773239136,0.44519537687301636,0.5269224047660828,0.4453825354576111,0.533872663974762,0.49366164207458496,0.5359641909599304,0.47487345337867737,0.5356017351150513,0.4656919836997986,0.5341100692749023,0.4616892337799072
agarrar,7,14,0.4922904074192047,0.5309234261512756,0.4879748821258545,0.480383962392807,0.4981535077095032,0.43353402614593506,0.513840913772583,0.4012042284011841,0.5297272801399231,0.38581955432891846,0.49206194281578064,0.43270766735076904,0.5198280811309814,0.38561582565307617,0.537178635597229,0.3750423491001129,0.543903648853302,0.37786194682121277,0.5045579075813293,0.4560272693634033,0.5436670780181885,0.40912532806396484,0.5539503693580627,0.40111494064331055,0.5498133301734924,0.4033348858356476,0.5183606743812561,0.4810953140258789,0.5549799799919128,0.43828117847442627,0.5601892471313477,0.4318237900733948,0.5542058944702148,0.43316397070884705,0.5302529335021973,0.503035306930542,0.5582394599914551,0.4647755026817322,0.5636035799980164,0.4556220471858978,0.5601322650909424,0.45348986983299255
agarrar,7,15,0.5014037489891052,0.5140640735626221,0.5016587972640991,0.4711973965167999,0.5116385221481323,0.43544551730155945,0.5276727080345154,0.41317272186279297,0.5424618721008301,0.4041680097579956,0.5098056793212891,0.42622578144073486,0.5362218618392944,0.38517943024635315,0.5490042567253113,0.37426936626434326,0.5554527640342712,0.3755863904953003,0.5204799175262451,0.44316980242729187,0.5553665161132812,0.40234482288360596,0.5602465271949768,0.39991599321365356,0.5567147731781006,0.40643948316574097,0.5317291021347046,0.4631015658378601,0.5652036070823669,0.4257364273071289,0.564033567905426,0.4266779124736786,0.557181179523468,0.43476402759552,0.541432797908783,0.48345327377319336,0.5691596865653992,0.4527737498283386,0.569106936454773,0.4503769278526306,0.5625362992286682,0.45604372024536133
agarrar,7,16,0.5188567638397217,0.4980770945549011,0.5203348398208618,0.45099443197250366,0.5324161648750305,0.40606680512428284,0.551397979259491,0.37802833318710327,0.5696161389350891,0.3738288879394531,0.5254514813423157,0.4007883369922638,0.5532804727554321,0.3627759516239166,0.5674498081207275,0.36015206575393677,0.572701632976532,0.3676738739013672,0.5356825590133667,0.42199525237083435,0.5719002485275269,0.38882729411125183,0.5770730972290039,0.3921157717704773,0.5710163116455078,0.39975011348724365,0.5476129651069641,0.44490328431129456,0.5810202360153198,0.4136872887611389,0.5820429921150208,0.41764703392982483,0.574877917766571,0.42478710412979126,0.5586603283882141,0.4659977853298187,0.5847712755203247,0.43762755393981934,0.5845324993133545,0.43903377652168274,0.5774852633476257,0.44587942957878113
agarrar,7,17,0.5595523715019226,0.43091753125190735,0.5554826259613037,0.39557284116744995,0.5604295134544373,0.3658105432987213,0.5734913945198059,0.35475003719329834,0.5871455073356628,0.36457622051239014,0.5386448502540588,0.3848636746406555,0.5714348554611206,0.3607429265975952,0.5786566734313965,0.36431601643562317,0.5778219699859619,0.3748137652873993,0.5448271036148071,0.41321879625320435,0.5862860679626465,0.3900751769542694,0.5838634371757507,0.39644303917884827,0.5727306604385376,0.4067065119743347,0.555601954460144,0.43912261724472046,0.592494547367096,0.41398999094963074,0.5874977111816406,0.41968223452568054,0.5768073797225952,0.42868199944496155,0.5674387812614441,0.4593285024166107,0.5951648354530334,0.436655193567276,0.5900974273681641,0.43999600410461426,0.5795400738716125,0.44767048954963684
agarrar,7,18,0.5572145581245422,0.4397681951522827,0.5570510029792786,0.4016679525375366,0.5661464333534241,0.36771970987319946,0.5822614431381226,0.3537915349006653,0.5961050987243652,0.36562836170196533,0.5502704977989197,0.37934163212776184,0.5825738906860352,0.35764190554618835,0.5895227789878845,0.3652297854423523,0.5894128680229187,0.3775073289871216,0.556255578994751,0.40669605135917664,0.5954792499542236,0.3868812918663025,0.5922974944114685,0.39644497632980347,0.5818232297897339,0.406461238861084,0.5653833150863647,0.43371593952178955,0.6008753776550293,0.41217508912086487,0.5953199863433838,0.42039504647254944,0.5851022005081177,0.4286022186279297,0.5750534534454346,0.4565870761871338,0.6021248698234558,0.4351141154766083,0.5967250466346741,0.4399852752685547,0.5869622826576233,0.4471312463283539
agarrar,7,19,0.4806484282016754,0.5534250736236572,0.48710140585899353,0.5135412216186523,0.48000091314315796,0.4791618287563324,0.4650309383869171,0.4585682451725006,0.44939106702804565,0.4533517062664032,0.4873824119567871,0.5122363567352295,0.46310117840766907,0.46992483735084534,0.4538111686706543,0.45417308807373047,0.4488241374492645,0.4479582905769348,0.47448140382766724,0.5388868451118469,0.4461584985256195,0.4872540533542633,0.44348812103271484,0.4680056571960449,0.4463490843772888,0.4613005220890045,0.46132782101631165,0.5544670224189758,0.43631914258003235,0.5031678676605225,0.4385386109352112,0.4883268475532532,0.4444204568862915,0.4864605665206909,0.44918155670166016,0.5608609914779663,0.43263599276542664,0.5184228420257568,0.4349571764469147,0.5044692158699036,0.43984463810920715,0.5024160146713257
agarrar,8,0,0.5977449417114258,0.8084607124328613,0.599479615688324,0.7926918268203735,0.6011795401573181,0.7981812357902527,0.607979953289032,0.8250965476036072,0.6107388138771057,0.8486172556877136,0.5602542757987976,0.8277870416641235,0.5704647302627563,0.8632577657699585,0.5905070900917053,0.8670925498008728,0.6015357375144958,0.856494128704071,0.5628116726875305,0.8552675843238831,0.5761498212814331,0.8933614492416382,0.5975124835968018,0.8874049186706543,0.6065720319747925,0.870527446269989,0.5703530311584473,0.8747461438179016,0.5838295817375183,0.9073778390884399,0.6016988158226013,0.8959844708442688,0.6086364388465881,0.8774386644363403,0.5797500014305115,0.8839336633682251,0.5933083295822144,0.9077613949775696,0.6066212058067322,0.8960165977478027,0.611961841583252,0.8782044649124146
agarrar,8,1,0.5916709303855896,0.7943662405014038,0.593664824962616,0.7854797840118408,0.5945863127708435,0.7919144630432129,0.5973212718963623,0.8177323341369629,0.5971671342849731,0.8377035856246948,0.5520535707473755,0.8108789324760437,0.5592408180236816,0.8471567034721375,0.5755043625831604,0.8556892275810242,0.5867626667022705,0.8495170474052429,0.549525797367096,0.8348478674888611,0.5600143671035767,0.8717164993286133,0.5793249607086182,0.8738240003585815,0.5888580083847046,0.8635708689689636,0.5520481467247009,0.8528220057487488,0.5613393187522888,0.8868458867073059,0.576651394367218,0.8879097700119019,0.585488498210907,0.878446102142334,0.5568252205848694,0.8638246059417725,0.5642207860946655,0.8909235596656799,0.5762866139411926,0.8891925811767578,0.5839384198188782,0.8786395788192749
agarrar,8,2,0.5741622447967529,0.7889143228530884,0.5793571472167969,0.77266925573349,0.5833022594451904,0.7782156467437744,0.5859168767929077,0.8021819591522217,0.5847220420837402,0.8259738087654114,0.5508660674095154,0.7871975898742676,0.5670223236083984,0.8256214261054993,0.5872135162353516,0.8422291278839111,0.6014487743377686,0.8438549637794495,0.5448665022850037,0.810920000076294,0.564437210559845,0.8562044501304626,0.5839410424232483,0.8622092008590698,0.5926725268363953,0.8538338541984558,0.5429070591926575,0.8308823704719543,0.5607441067695618,0.8715572953224182,0.5764896869659424,0.8691394329071045,0.5828838348388672,0.856381356716156,0.5433728098869324,0.8453934192657471,0.5577498078346252,0.8781493306159973,0.5706526041030884,0.8740832209587097,0.5761285424232483,0.8610947132110596
agarrar,8,3,0.5406469106674194,0.7767561674118042,0.5578599572181702,0.7601309418678284,0.5707026124000549,0.7641716599464417,0.5765640139579773,0.7853526473045349,0.5769816040992737,0.809861421585083,0.5506815910339355,0.7650225162506104,0.5744646191596985,0.7991048693656921,0.5924374461174011,0.8152818083763123,0.6039413809776306,0.8223477005958557,0.5414278507232666,0.792353093624115,0.5665178298950195,0.8281788229942322,0.5826674103736877,0.839635968208313,0.5904645919799805,0.841790497303009,0.5346342921257019,0.8164048194885254,0.5592865347862244,0.8480867147445679,0.5737705230712891,0.8505695462226868,0.578471839427948,0.8426021337509155,0.5304023623466492,0.8354393839836121,0.5521443486213684,0.8596972823143005,0.5658997297286987,0.8589197993278503,0.5707441568374634,0.8490227460861206
agarrar,8,4,0.5370414853096008,0.7555657625198364,0.5529043078422546,0.7406351566314697,0.5607289671897888,0.7449331283569336,0.558921754360199,0.7652844190597534,0.5525640845298767,0.784095048904419,0.550470769405365,0.7491639256477356,0.5717034935951233,0.7874033451080322,0.5837205648422241,0.8019458055496216,0.5909115076065063,0.8071607351303101,0.5394802689552307,0.7713925838470459,0.559197187423706,0.8202771544456482,0.5645049810409546,0.8234394788742065,0.5656676292419434,0.8166163563728333,0.5296176671981812,0.7914507985115051,0.5469521284103394,0.8340134024620056,0.5511614680290222,0.8281089067459106,0.5504857897758484,0.8141087889671326,0.5219667553901672,0.807899534702301,0.5349743366241455,0.8389699459075928,0.5399917960166931,0.8314343094825745,0.5393840074539185,0.8170084357261658
agarrar,8,5,0.5299926400184631,0.7296872735023499,0.5465733408927917,0.7184693813323975,0.5548954606056213,0.7239783406257629,0.551461398601532,0.7399678826332092,0.5426961183547974,0.752388060092926,0.5440353751182556,0.7206782698631287,0.5591103434562683,0.7643049359321594,0.5678586959838867,0.7868538498878479,0.5737801790237427,0.7988833785057068,0.5288604497909546,0.7393748164176941,0.5464243292808533,0.7930446267127991,0.5542317628860474,0.8059639930725098,0.559398889541626,0.8043475151062012,0.5160265564918518,0.7568015456199646,0.5315722227096558,0.8044378161430359,0.5390674471855164,0.806845486164093,0.5434609651565552,0.7972871661186218,0.5065038800239563,0.771020233631134,0.5185189247131348,0.8074097633361816,0.5267675518989563,0.8076714277267456,0.5303023457527161,0.7976080775260925
agarrar,8,6,0.5243401527404785,0.45419374108314514,0.5044302344322205,0.4349357485771179,0.47927218675613403,0.42266541719436646,0.46789243817329407,0.4292907118797302,0.4708660840988159,0.4420306980609894,0.492256760597229,0.43117642402648926,0.46556034684181213,0.4628366231918335,0.45247146487236023,0.4848453104496002,0.4436911642551422,0.5001375079154968,0.502051055431366,0.4578512907028198,0.4678027331829071,0.49177488684654236,0.4562479555606842,0.5012933611869812,0.4509294629096985,0.5060983300209045,0.5100261569023132,0.48253485560417175,0.4776681959629059,0.5129568576812744,0.4759688973426819,0.5090631246566772,0.47924894094467163,0.5004603862762451,0.5155776143074036,0.5037997961044312,0.48824185132980347,0.5264021158218384,0.48695728182792664,0.5229707956314087,0.49132588505744934,0.5144144892692566
agarrar,8,7,0.4930224120616913,0.5043904185295105,0.47879740595817566,0.468341588973999,0.4726961851119995,0.430793434381485,0.4811880588531494,0.41045433282852173,0.49722614884376526,0.4153176248073578,0.5110281705856323,0.4129556715488434,0.5080808997154236,0.4129983186721802,0.5009626746177673,0.4160309433937073,0.4948804974555969,0.4224156439304352,0.5239444971084595,0.4365028440952301,0.4978443682193756,0.4602568745613098,0.4858741760253906,0.4661356508731842,0.4808700978755951,0.4697425365447998,0.5296430587768555,0.4654240310192108,0.5025844573974609,0.48756763339042664,0.4931996464729309,0.4876736104488373,0.4891877770423889,0.48566776514053345,0.5316616296768188,0.4943203926086426,0.509817898273468,0.5113748908042908,0.5011157989501953,0.5114421844482422,0.4970380961894989,0.5082889199256897
agarrar,8,8,0.4923313558101654,0.5036042928695679,0.4801132082939148,0.46069586277008057,0.48474976420402527,0.419045627117157,0.5022634267807007,0.39447054266929626,0.5205573439598083,0.3935779333114624,0.5034911036491394,0.4346731901168823,0.5235917568206787,0.4047591984272003,0.5224516987800598,0.3972834348678589,0.5157960057258606,0.40206846594810486,0.517815351486206,0.459665983915329,0.527273952960968,0.4334668815135956,0.5256628394126892,0.42486676573753357,0.5207478404045105,0.42794597148895264,0.5275750160217285,0.48063531517982483,0.5328062176704407,0.4552907347679138,0.5314825773239136,0.44519537687301636,0.5269224047660828,0.4453825354576111,0.533872663974762,0.49366164207458496,0.5359641909599304,0.47487345337867737,0.5356017351150513,0.4656919836997986,0.5341100692749023,0.4616892337799072
agarrar,8,9,0.4922904074192047,0.5309234261512756,0.4879748821258545,0.480383962392807,0.4981535077095032,0.43353402614593506,0.513840913772583,0.4012042284011841,0.5297272801399231,0.38581955432891846,0.49206194281578064,0.43270766735076904,0.5198280811309814,0.38561582565307617,0.537178635597229,0.3750423491001129,0.543903648853302,0.37786194682121277,0.5045579075813293,0.4560272693634033,0.5436670780181885,0.40912532806396484,0.5539503693580627,0.40111494064331055,0.5498133301734924,0.4033348858356476,0.5183606743812561,0.4810953140258789,0.5549799799919128,0.43828117847442627,0.5601892471313477,0.4318237900733948,0.5542058944702148,0.43316397070884705,0.5302529335021973,0.503035306930542,0.5582394599914551,0.4647755026817322,0.5636035799980164,0.4556220471858978,0.5601322650909424,0.45348986983299255
agarrar,8,10,0.5014037489891052,0.5140640735626221,0.5016587972640991,0.4711973965167999,0.5116385221481323,0.43544551730155945,0.5276727080345154,0.41317272186279297,0.5424618721008301,0.4041680097579956,0.5098056793212891,0.42622578144073486,0.5362218618392944,0.38517943024635315,0.5490042567253113,0.37426936626434326,0.5554527640342712,0.3755863904953003,0.5204799175262451,0.44316980242729187,0.5553665161132812,0.40234482288360596,0.5602465271949768,0.39991599321365356,0.5567147731781006,0.40643948316574097,0.5317291021347046,0.4631015658378601,0.5652036070823669,0.4257364273071289,0.564033567905426,0.4266779124736786,0.557181179523468,0.43476402759552,0.541432797908783,0.48345327377319336,0.5691596865653992,0.4527737498283386,0.569106936454773,0.4503769278526306,0.5625362992286682,0.45604372024536133
agarrar,8,11,0.5188567638397217,0.4980770945549011,0.5203348398208618,0.45099443197250366,0.5324161648750305,0.40606680512428284,0.551397979259491,0.37802833318710327,0.5696161389350891,0.3738288879394531,0.5254514813423157,0.4007883369922638,0.5532804727554321,0.3627759516239166,0.5674498081207275,0.36015206575393677,0.572701632976532,0.3676738739013672,0.5356825590133667,0.42199525237083435,0.5719002485275269,0.38882729411125183,0.5770730972290039,0.3921157717704773,0.5710163116455078,0.39975011348724365,0.5476129651069641,0.44490328431129456,0.5810202360153198,0.4136872887611389,0.5820429921150208,0.41764703392982483,0.574877917766571,0.42478710412979126,0.5586603283882141,0.4659977853298187,0.5847712755203247,0.43762755393981934,0.5845324993133545,0.43903377652168274,0.5774852633476257,0.44587942957878113
agarrar,8,12,0.5595523715019226,0.43091753125190735,0.5554826259613037,0.39557284116744995,0.5604295134544373,0.3658105432987213,0.5734913945198059,0.35475003719329834,0.5871455073356628,0.36457622051239014,0.5386448502540588,0.3848636746406555,0.5714348554611206,0.3607429265975952,0.5786566734313965,0.36431601643562317,0.5778219699859619,0.3748137652873993,0.5448271036148071,0.41321879625320435,0.5862860679626465,0.3900751769542694,0.5838634371757507,0.39644303917884827,0.5727306604385376,0.4067065119743347,0.555601954460144,0.43912261724472046,0.592494547367096,0.41398999094963074,0.5874977111816406,0.41968223452568054,0.5768073797225952,0.42868199944496155,0.5674387812614441,0.4593285024166107,0.5951648354530334,0.436655193567276,0.5900974273681641,0.43999600410461426,0.5795400738716125,0.44767048954963684
agarrar,8,13,0.5572145581245422,0.4397681951522827,0.5570510029792786,0.4016679525375366,0.5661464333534241,0.36771970987319946,0.5822614431381226,0.3537915349006653,0.5961050987243652,0.36562836170196533,0.5502704977989197,0.37934163212776184,0.5825738906860352,0.35764190554618835,0.5895227789878845,0.3652297854423523,0.5894128680229187,0.3775073289871216,0.556255578994751,0.40669605135917664,0.5954792499542236,0.3868812918663025,0.5922974944114685,0.39644497632980347,0.5818232297897339,0.406461238861084,0.5653833150863647,0.43371593952178955,0.6008753776550293,0.41217508912086487,0.5953199863433838,0.42039504647254944,0.5851022005081177,0.4286022186279297,0.5750534534454346,0.4565870761871338,0.6021248698234558,0.4351141154766083,0.5967250466346741,0.4399852752685547,0.5869622826576233,0.4471312463283539
agarrar,8,14,0.4806484282016754,0.5534250736236572,0.48710140585899353,0.5135412216186523,0.48000091314315796,0.4791618287563324,0.4650309383869171,0.4585682451725006,0.44939106702804565,0.4533517062664032,0.4873824119567871,0.5122363567352295,0.46310117840766907,0.46992483735084534,0.4538111686706543,0.45417308807373047,0.4488241374492645,0.4479582905769348,0.47448140382766724,0.5388868451118469,0.4461584985256195,0.4872540533542633,0.44348812103271484,0.4680056571960449,0.4463490843772888,0.4613005220890045,0.46132782101631165,0.5544670224189758,0.43631914258003235,0.5031678676605225,0.4385386109352112,0.4883268475532532,0.4444204568862915,0.4864605665206909,0.44918155670166016,0.5608609914779663,0.43263599276542664,0.5184228420257568,0.4349571764469147,0.5044692158699036,0.43984463810920715,0.5024160146713257
agarrar,8,15,0.4801902174949646,0.5448529720306396,0.48521432280540466,0.5017601251602173,0.4750053882598877,0.46102526783943176,0.45342931151390076,0.4428942799568176,0.43410050868988037,0.44483911991119385,0.48088976740837097,0.48426154255867004,0.4478616416454315,0.43206945061683655,0.4477977156639099,0.4351562559604645,0.4528861343860626,0.4486502408981323,0.4699810743331909,0.510948121547699,0.43622857332229614,0.4554985463619232,0.44250020384788513,0.4589984714984894,0.45238301157951355,0.47295239567756653,0.4584648907184601,0.5297344923019409,0.43227747082710266,0.47748368978500366,0.43918803334236145,0.4819382131099701,0.4471723735332489,0.4935991168022156,0.446804016828537,0.5410836935043335,0.4295218884944916,0.498638391494751,0.43657371401786804,0.5026285648345947,0.443226158618927,0.515720784664154
agarrar,8,16,0.47885847091674805,0.5326967239379883,0.48224788904190063,0.48668372631073,0.4692428410053253,0.4426570236682892,0.44578322768211365,0.4220753014087677,0.4260174036026001,0.4239356815814972,0.4772012233734131,0.46164458990097046,0.4448184669017792,0.4109208881855011,0.44420844316482544,0.4179680049419403,0.44971764087677,0.4346849024295807,0.4656653106212616,0.4883158206939697,0.4344860017299652,0.4368574321269989,0.44008535146713257,0.4431769847869873,0.4496001899242401,0.4575119614601135,0.4536365568637848,0.5084399580955505,0.4296644330024719,0.45943132042884827,0.4366486668586731,0.4651355743408203,0.4445542097091675,0.4776037335395813,0.4415714144706726,0.5221477746963501,0.42556843161582947,0.48017701506614685,0.43230491876602173,0.48461437225341797,0.4386803209781647,0.4977465271949768
agarrar,8,17,0.48020416498184204,0.5154969692230225,0.48175323009490967,0.46909698843955994,0.4666353762149811,0.4248201549053192,0.4435553252696991,0.40755000710487366,0.426168829202652,0.4183103144168854,0.47152891755104065,0.4406554102897644,0.4395570456981659,0.39754635095596313,0.44077175855636597,0.40999969840049744,0.4485322833061218,0.42660412192344666,0.46134743094444275,0.46801459789276123,0.4304784834384918,0.42405232787132263,0.4365367293357849,0.432839035987854,0.4463086426258087,0.44565871357917786,0.4511508643627167,0.4904722571372986,0.42762142419815063,0.44871246814727783,0.43482059240341187,0.4563210904598236,0.44297435879707336,0.4680019021034241,0.44128158688545227,0.507478654384613,0.4263259172439575,0.4703070819377899,0.432747483253479,0.4751422107219696,0.4386579394340515,0.48745548725128174
agarrar,8,18,0.4777466952800751,0.5035228729248047,0.480461448431015,0.45926231145858765,0.46308061480522156,0.4186573624610901,0.44015926122665405,0.40326690673828125,0.4252243936061859,0.40172433853149414,0.4677918553352356,0.42449676990509033,0.43922799825668335,0.3868073523044586,0.44382232427597046,0.3992542028427124,0.4518207609653473,0.41382527351379395,0.4571000039577484,0.45003631711006165,0.429223895072937,0.4107997417449951,0.4361257553100586,0.42004093527793884,0.44491612911224365,0.4331979751586914,0.44718894362449646,0.4721572995185852,0.426438570022583,0.43788081407546997,0.4336792230606079,0.44578826427459717,0.4404931664466858,0.45652931928634644,0.43828925490379333,0.4903686046600342,0.4252801537513733,0.45945149660110474,0.4315683841705322,0.46532687544822693,0.4360310733318329,0.4750140309333801
agarrar,8,19,0.4792878031730652,0.49598920345306396,0.4802801012992859,0.45144978165626526,0.4631228744983673,0.4136882722377777,0.4404366910457611,0.3976465165615082,0.42567193508148193,0.3916653096675873,0.4665795564651489,0.4111091196537018,0.4391840994358063,0.38029539585113525,0.4419192671775818,0.39446985721588135,0.4496729075908661,0.40660423040390015,0.4562397301197052,0.43448394536972046,0.4298815131187439,0.4058215618133545,0.43508169054985046,0.41803330183029175,0.4436335265636444,0.4267668128013611,0.44664549827575684,0.4571228623390198,0.42838364839553833,0.4356192648410797,0.4345594048500061,0.4456966519355774,0.44157713651657104,0.4526226222515106,0.4382588267326355,0.47838789224624634,0.4271619915962219,0.4578096270561218,0.4329286515712738,0.4658762514591217,0.4378105103969574,0.4728100299835205
agarrar,9,0,0.5299926400184631,0.7296872735023499,0.5465733408927917,0.7184693813323975,0.5548954606056213,0.7239783406257629,0.551461398601532,0.7399678826332092,0.5426961183547974,0.752388060092926,0.5440353751182556,0.7206782698631287,0.5591103434562683,0.7643049359321594,0.5678586959838867,0.7868538498878479,0.5737801790237427,0.7988833785057068,0.5288604497909546,0.7393748164176941,0.5464243292808533,0.7930446267127991,0.5542317628860474,0.8059639930725098,0.559398889541626,0.8043475151062012,0.5160265564918518,0.7568015456199646,0.5315722227096558,0.8044378161430359,0.5390674471855164,0.806845486164093,0.5434609651565552,0.7972871661186218,0.5065038800239563,0.771020233631134,0.5185189247131348,0.8074097633361816,0.5267675518989563,0.8076714277267456,0.5303023457527161,0.7976080775260925
agarrar,9,1,0.5243401527404785,0.45419374108314514,0.5044302344322205,0.4349357485771179,0.47927218675613403,0.42266541719436646,0.46789243817329407,0.4292907118797302,0.4708660840988159,0.4420306980609894,0.492256760597229,0.43117642402648926,0.46556034684181213,0.4628366231918335,0.45247146487236023,0.4848453104496002,0.4436911642551422,0.5001375079154968,0.502051055431366,0.4578512907028198,0.4678027331829071,0.49177488684654236,0.4562479555606842,0.5012933611869812,0.4509294629096985,0.5060983300209045,0.5100261569023132,0.48253485560417175,0.4776681959629059,0.5129568576812744,0.4759688973426819,0.5090631246566772,0.47924894094467163,0.5004603862762451,0.5155776143074036,0.5037997961044312,0.48824185132980347,0.5264021158218384,0.48695728182792664,0.5229707956314087,0.49132588505744934,0.5144144892692566
agarrar,9,2,0.4930224120616913,0.5043904185295105,0.47879740595817566,0.468341588973999,0.4726961851119995,0.430793434381485,0.4811880588531494,0.41045433282852173,0.49722614884376526,0.4153176248073578,0.5110281705856323,0.4129556715488434,0.5080808997154236,0.4129983186721802,0.5009626746177673,0.4160309433937073,0.4948804974555969,0.4224156439304352,0.5239444971084595,0.4365028440952301,0.4978443682193756,0.4602568745613098,0.4858741760253906,0.4661356508731842,0.4808700978755951,0.4697425365447998,0.5296430587768555,0.4654240310192108,0.5025844573974609,0.48756763339042664,0.4931996464729309,0.4876736104488373,0.4891877770423889,0.48566776514053345,0.5316616296768188,0.4943203926086426,0.509817898273468,0.5113748908042908,0.5011157989501953,0.5114421844482422,0.4970380961894989,0.5082889199256897
agarrar,9,3,0.4923313558101654,0.5036042928695679,0.4801132082939148,0.46069586277008057,0.48474976420402527,0.419045627117157,0.5022634267807007,0.39447054266929626,0.5205573439598083,0.3935779333114624,0.5034911036491394,0.4346731901168823,0.5235917568206787,0.4047591984272003,0.5224516987800598,0.3972834348678589,0.5157960057258606,0.40206846594810486,0.517815351486206,0.459665983915329,0.527273952960968,0.4334668815135956,0.5256628394126892,0.42486676573753357,0.5207478404045105,0.42794597148895264,0.5275750160217285,0.48063531517982483,0.5328062176704407,0.4552907347679138,0.5314825773239136,0.44519537687301636,0.5269224047660828,0.4453825354576111,0.533872663974762,0.49366164207458496,0.5359641909599304,0.47487345337867737,0.5356017351150513,0.4656919836997986,0.5341100692749023,0.4616892337799072
agarrar,9,4,0.4922904074192047,0.5309234261512756,0.4879748821258545,0.480383962392807,0.4981535077095032,0.43353402614593506,0.513840913772583,0.4012042284011841,0.5297272801399231,0.38581955432891846,0.49206194281578064,0.43270766735076904,0.5198280811309814,0.38561582565307617,0.537178635597229,0.3750423491001129,0.543903648853302,0.37786194682121277,0.5045579075813293,0.4560272693634033,0.5436670780181885,0.40912532806396484,0.5539503693580627,0.40111494064331055,0.5498133301734924,0.4033348858356476,0.5183606743812561,0.4810953140258789,0.5549799799919128,0.43828117847442627,0.5601892471313477,0.4318237900733948,0.5542058944702148,0.43316397070884705,0.5302529335021973,0.503035306930542,0.5582394599914551,0.4647755026817322,0.5636035799980164,0.4556220471858978,0.5601322650909424,0.45348986983299255
agarrar,9,5,0.5014037489891052,0.5140640735626221,0.5016587972640991,0.4711973965167999,0.5116385221481323,0.43544551730155945,0.5276727080345154,0.41317272186279297,0.5424618721008301,0.4041680097579956,0.5098056793212891,0.42622578144073486,0.5362218618392944,0.38517943024635315,0.5490042567253113,0.37426936626434326,0.5554527640342712,0.3755863904953003,0.5204799175262451,0.44316980242729187,0.5553665161132812,0.40234482288360596,0.5602465271949768,0.39991599321365356,0.5567147731781006,0.40643948316574097,0.5317291021347046,0.4631015658378601,0.5652036070823669,0.4257364273071289,0.564033567905426,0.4266779124736786,0.557181179523468,0.43476402759552,0.541432797908783,0.48345327377319336,0.5691596865653992,0.4527737498283386,0.569106936454773,0.4503769278526306,0.5625362992286682,0.45604372024536133
agarrar,9,6,0.5188567638397217,0.4980770945549011,0.5203348398208618,0.45099443197250366,0.5324161648750305,0.40606680512428284,0.551397979259491,0.37802833318710327,0.5696161389350891,0.3738288879394531,0.5254514813423157,0.4007883369922638,0.5532804727554321,0.3627759516239166,0.5674498081207275,0.36015206575393677,0.572701632976532,0.3676738739013672,0.5356825590133667,0.42199525237083435,0.5719002485275269,0.38882729411125183,0.5770730972290039,0.3921157717704773,0.5710163116455078,0.39975011348724365,0.5476129651069641,0.44490328431129456,0.5810202360153198,0.4136872887611389,0.5820429921150208,0.41764703392982483,0.574877917766571,0.42478710412979126,0.5586603283882141,0.4659977853298187,0.5847712755203247,0.43762755393981934,0.5845324993133545,0.43903377652168274,0.5774852633476257,0.44587942957878113
agarrar,9,7,0.5595523715019226,0.43091753125190735,0.5554826259613037,0.39557284116744995,0.5604295134544373,0.3658105432987213,0.5734913945198059,0.35475003719329834,0.5871455073356628,0.36457622051239014,0.5386448502540588,0.3848636746406555,0.5714348554611206,0.3607429265975952,0.5786566734313965,0.36431601643562317,0.5778219699859619,0.3748137652873993,0.5448271036148071,0.41321879625320435,0.5862860679626465,0.3900751769542694,0.5838634371757507,0.39644303917884827,0.5727306604385376,0.4067065119743347,0.555601954460144,0.43912261724472046,0.592494547367096,0.41398999094963074,0.5874977111816406,0.41968223452568054,0.5768073797225952,0.42868199944496155,0.5674387812614441,0.4593285024166107,0.5951648354530334,0.436655193567276,0.5900974273681641,0.43999600410461426,0.5795400738716125,0.44767048954963684
agarrar,9,8,0.5572145581245422,0.4397681951522827,0.5570510029792786,0.4016679525375366,0.5661464333534241,0.36771970987319946,0.5822614431381226,0.3537915349006653,0.5961050987243652,0.36562836170196533,0.5502704977989197,0.37934163212776184,0.5825738906860352,0.35764190554618835,0.5895227789878845,0.3652297854423523,0.5894128680229187,0.3775073289871216,0.556255578994751,0.40669605135917664,0.5954792499542236,0.3868812918663025,0.5922974944114685,0.39644497632980347,0.5818232297897339,0.406461238861084,0.5653833150863647,0.43371593952178955,0.6008753776550293,0.41217508912086487,0.5953199863433838,0.42039504647254944,0.5851022005081177,0.4286022186279297,0.5750534534454346,0.4565870761871338,0.6021248698234558,0.4351141154766083,0.5967250466346741,0.4399852752685547,0.5869622826576233,0.4471312463283539
agarrar,9,9,0.4806484282016754,0.5534250736236572,0.48710140585899353,0.5135412216186523,0.48000091314315796,0.4791618287563324,0.4650309383869171,0.4585682451725006,0.44939106702804565,0.4533517062664032,0.4873824119567871,0.5122363567352295,0.46310117840766907,0.46992483735084534,0.4538111686706543,0.45417308807373047,0.4488241374492645,0.4479582905769348,0.47448140382766724,0.5388868451118469,0.4461584985256195,0.4872540533542633,0.44348812103271484,0.4680056571960449,0.4463490843772888,0.4613005220890045,0.46132782101631165,0.5544670224189758,0.43631914258003235,0.5031678676605225,0.4385386109352112,0.4883268475532532,0.4444204568862915,0.4864605665206909,0.44918155670166016,0.5608609914779663,0.43263599276542664,0.5184228420257568,0.4349571764469147,0.5044692158699036,0.43984463810920715,0.5024160146713257
agarrar,9,10,0.4801902174949646,0.5448529720306396,0.48521432280540466,0.5017601251602173,0.4750053882598877,0.46102526783943176,0.45342931151390076,0.4428942799568176,0.43410050868988037,0.44483911991119385,0.48088976740837097,0.48426154255867004,0.4478616416454315,0.43206945061683655,0.4477977156639099,0.4351562559604645,0.4528861343860626,0.4486502408981323,0.4699810743331909,0.510948121547699,0.43622857332229614,0.4554985463619232,0.44250020384788513,0.4589984714984894,0.45238301157951355,0.47295239567756653,0.4584648907184601,0.5297344923019409,0.43227747082710266,0.47748368978500366,0.43918803334236145,0.4819382131099701,0.4471723735332489,0.4935991168022156,0.446804016828537,0.5410836935043335,0.4295218884944916,0.498638391494751,0.43657371401786804,0.5026285648345947,0.443226158618927,0.515720784664154
agarrar,9,11,0.47885847091674805,0.5326967239379883,0.48224788904190063,0.48668372631073,0.4692428410053253,0.4426570236682892,0.44578322768211365,0.4220753014087677,0.4260174036026001,0.4239356815814972,0.4772012233734131,0.46164458990097046,0.4448184669017792,0.4109208881855011,0.44420844316482544,0.4179680049419403,0.44971764087677,0.4346849024295807,0.4656653106212616,0.4883158206939697,0.4344860017299652,0.4368574321269989,0.44008535146713257,0.4431769847869873,0.4496001899242401,0.4575119614601135,0.4536365568637848,0.5084399580955505,0.4296644330024719,0.45943132042884827,0.4366486668586731,0.4651355743408203,0.4445542097091675,0.4776037335395813,0.4415714144706726,0.5221477746963501,0.42556843161582947,0.48017701506614685,0.43230491876602173,0.48461437225341797,0.4386803209781647,0.4977465271949768
agarrar,9,12,0.48020416498184204,0.5154969692230225,0.48175323009490967,0.46909698843955994,0.4666353762149811,0.4248201549053192,0.4435553252696991,0.40755000710487366,0.426168829202652,0.4183103144168854,0.47152891755104065,0.4406554102897644,0.4395570456981659,0.39754635095596313,0.44077175855636597,0.40999969840049744,0.4485322833061218,0.42660412192344666,0.46134743094444275,0.46801459789276123,0.4304784834384918,0.42405232787132263,0.4365367293357849,0.432839035987854,0.4463086426258087,0.44565871357917786,0.4511508643627167,0.4904722571372986,0.42762142419815063,0.44871246814727783,0.43482059240341187,0.4563210904598236,0.44297435879707336,0.4680019021034241,0.44128158688545227,0.507478654384613,0.4263259172439575,0.4703070819377899,0.432747483253479,0.4751422107219696,0.4386579394340515,0.48745548725128174
agarrar,9,13,0.4777466952800751,0.5035228729248047,0.480461448431015,0.45926231145858765,0.46308061480522156,0.4186573624610901,0.44015926122665405,0.40326690673828125,0.4252243936061859,0.40172433853149414,0.4677918553352356,0.42449676990509033,0.43922799825668335,0.3868073523044586,0.44382232427597046,0.3992542028427124,0.4518207609653473,0.41382527351379395,0.4571000039577484,0.45003631711006165,0.429223895072937,0.4107997417449951,0.4361257553100586,0.42004093527793884,0.44491612911224365,0.4331979751586914,0.44718894362449646,0.4721572995185852,0.426438570022583,0.43788081407546997,0.4336792230606079,0.44578826427459717,0.4404931664466858,0.45652931928634644,0.43828925490379333,0.4903686046600342,0.4252801537513733,0.45945149660110474,0.4315683841705322,0.46532687544822693,0.4360310733318329,0.4750140309333801
agarrar,9,14,0.4792878031730652,0.49598920345306396,0.4802801012992859,0.45144978165626526,0.4631228744983673,0.4136882722377777,0.4404366910457611,0.3976465165615082,0.42567193508148193,0.3916653096675873,0.4665795564651489,0.4111091196537018,0.4391840994358063,0.38029539585113525,0.4419192671775818,0.39446985721588135,0.4496729075908661,0.40660423040390015,0.4562397301197052,0.43448394536972046,0.4298815131187439,0.4058215618133545,0.43508169054985046,0.41803330183029175,0.4436335265636444,0.4267668128013611,0.44664549827575684,0.4571228623390198,0.42838364839553833,0.4356192648410797,0.4345594048500061,0.4456966519355774,0.44157713651657104,0.4526226222515106,0.4382588267326355,0.47838789224624634,0.4271619915962219,0.4578096270561218,0.4329286515712738,0.4658762514591217,0.4378105103969574,0.4728100299835205
agarrar,9,15,0.4807383120059967,0.48965349793434143,0.4798022210597992,0.44871044158935547,0.463945597410202,0.4132269322872162,0.4412895143032074,0.3978406488895416,0.4257325232028961,0.39382073283195496,0.46668344736099243,0.4007052183151245,0.43841496109962463,0.37509024143218994,0.439941942691803,0.3927772045135498,0.4476214051246643,0.40487465262413025,0.4569421708583832,0.42296773195266724,0.4303421378135681,0.4035255014896393,0.4345426559448242,0.41924288868904114,0.4428740441799164,0.4263659715652466,0.44781649112701416,0.44621244072914124,0.4294416904449463,0.4349161684513092,0.43544381856918335,0.4469916522502899,0.4429294168949127,0.4513988196849823,0.44002872705459595,0.46920230984687805,0.4290234446525574,0.4569224417209625,0.43477243185043335,0.46661674976348877,0.44037094712257385,0.4709904193878174
agarrar,9,16,0.4828090965747833,0.493073046207428,0.48130422830581665,0.4478287994861603,0.46640482544898987,0.41613245010375977,0.4457429349422455,0.40561366081237793,0.4313191771507263,0.40810802578926086,0.4660564064979553,0.4004904329776764,0.43802323937416077,0.3798745274543762,0.4411815106868744,0.39777126908302307,0.44975727796554565,0.40841174125671387,0.45586296916007996,0.4235696494579315,0.43048369884490967,0.40522903203964233,0.43557754158973694,0.4199621379375458,0.444356769323349,0.42748454213142395,0.44675198197364807,0.44735991954803467,0.43199992179870605,0.4384511411190033,0.43823158740997314,0.4495396912097931,0.44514113664627075,0.45456433296203613,0.43904298543930054,0.47103351354599,0.43158018589019775,0.46009987592697144,0.4374155104160309,0.4687548279762268,0.4426071047782898,0.4736163914203644
agarrar,9,17,0.48403823375701904,0.49765294790267944,0.4809390604496002,0.4518600404262543,0.46488872170448303,0.42113223671913147,0.44526609778404236,0.41282323002815247,0.4310421943664551,0.41564926505088806,0.464345782995224,0.40268799662590027,0.438606858253479,0.3862915635108948,0.4431019425392151,0.40323948860168457,0.451520174741745,0.4126884341239929,0.4547339677810669,0.42672452330589294,0.43179354071617126,0.41058021783828735,0.43728548288345337,0.42450663447380066,0.4453905522823334,0.4318031072616577,0.4461103081703186,0.45164746046066284,0.4328855872154236,0.4424116313457489,0.4393256902694702,0.45229777693748474,0.44580233097076416,0.45688483119010925,0.4390016198158264,0.475627601146698,0.43354758620262146,0.4637097120285034,0.4394124448299408,0.47263824939727783,0.4439544677734375,0.4779236316680908
agarrar,9,18,0.48160672187805176,0.5064994096755981,0.4795759916305542,0.46139782667160034,0.46367526054382324,0.42968007922172546,0.4425814151763916,0.4204727113246918,0.42725422978401184,0.4206838309764862,0.4637485146522522,0.4189903736114502,0.4411638677120209,0.39947080612182617,0.4465824067592621,0.4138115644454956,0.4544687867164612,0.4225724935531616,0.4545772671699524,0.4413866698741913,0.4361501634120941,0.4230346381664276,0.4424663782119751,0.43559423089027405,0.4492645561695099,0.4432929456233978,0.4468414783477783,0.46472135186195374,0.43477168679237366,0.4491105377674103,0.44091126322746277,0.4586283564567566,0.4463333487510681,0.46484288573265076,0.4404926002025604,0.4872630834579468,0.43572044372558594,0.4722368121147156,0.4413108825683594,0.479595810174942,0.4444758892059326,0.48508957028388977
agarrar,9,19,0.47941428422927856,0.5187165141105652,0.4792921841144562,0.47038716077804565,0.4658493101596832,0.4409380853176117,0.44625937938690186,0.4352946877479553,0.43224257230758667,0.44365763664245605,0.46187353134155273,0.43344646692276,0.440579891204834,0.4180167317390442,0.44617408514022827,0.43067121505737305,0.45415839552879333,0.4394751191139221,0.4523368179798126,0.45696115493774414,0.43538492918014526,0.44175735116004944,0.4417579174041748,0.4537103772163391,0.4485815167427063,0.4619497060775757,0.4453205168247223,0.4811440408229828,0.4348817467689514,0.4687681794166565,0.4405522346496582,0.47728607058525085,0.44566842913627625,0.4836496412754059,0.44011953473091125,0.5048393607139587,0.4360644221305847,0.49117347598075867,0.4410073757171631,0.4978349208831787,0.4438689649105072,0.5038739442825317
agarrar,10,0,0.5014037489891052,0.5140640735626221,0.5016587972640991,0.4711973965167999,0.5116385221481323,0.43544551730155945,0.5276727080345154,0.41317272186279297,0.5424618721008301,0.4041680097579956,0.5098056793212891,0.42622578144073486,0.5362218618392944,0.38517943024635315,0.5490042567253113,0.37426936626434326,0.5554527640342712,0.3755863904953003,0.5204799175262451,0.44316980242729187,0.5553665161132812,0.40234482288360596,0.5602465271949768,0.39991599321365356,0.5567147731781006,0.40643948316574097,0.5317291021347046,0.4631015658378601,0.5652036070823669,0.4257364273071289,0.564033567905426,0.4266779124736786,0.557181179523468,0.43476402759552,0.541432797908783,0.48345327377319336,0.5691596865653992,0.4527737498283386,0.569106936454773,0.4503769278526306,0.5625362992286682,0.45604372024536133
agarrar,10,1,0.5188567638397217,0.4980770945549011,0.5203348398208618,0.45099443197250366,0.5324161648750305,0.40606680512428284,0.551397979259491,0.37802833318710327,0.5696161389350891,0.3738288879394531,0.5254514813423157,0.4007883369922638,0.5532804727554321,0.3627759516239166,0.5674498081207275,0.36015206575393677,0.572701632976532,0.3676738739013672,0.5356825590133667,0.42199525237083435,0.5719002485275269,0.38882729411125183,0.5770730972290039,0.3921157717704773,0.5710163116455078,0.39975011348724365,0.5476129651069641,0.44490328431129456,0.5810202360153198,0.4136872887611389,0.5820429921150208,0.41764703392982483,0.574877917766571,0.42478710412979126,0.5586603283882141,0.4659977853298187,0.5847712755203247,0.43762755393981934,0.5845324993133545,0.43903377652168274,0.5774852633476257,0.44587942957878113
agarrar,10,2,0.5595523715019226,0.43091753125190735,0.5554826259613037,0.39557284116744995,0.5604295134544373,0.3658105432987213,0.5734913945198059,0.35475003719329834,0.5871455073356628,0.36457622051239014,0.5386448502540588,0.3848636746406555,0.5714348554611206,0.3607429265975952,0.5786566734313965,0.36431601643562317,0.5778219699859619,0.3748137652873993,0.5448271036148071,0.41321879625320435,0.5862860679626465,0.3900751769542694,0.5838634371757507,0.39644303917884827,0.5727306604385376,0.4067065119743347,0.555601954460144,0.43912261724472046,0.592494547367096,0.41398999094963074,0.5874977111816406,0.41968223452568054,0.5768073797225952,0.42868199944496155,0.5674387812614441,0.4593285024166107,0.5951648354530334,0.436655193567276,0.5900974273681641,0.43999600410461426,0.5795400738716125,0.44767048954963684
agarrar,10,3,0.5572145581245422,0.4397681951522827,0.5570510029792786,0.4016679525375366,0.5661464333534241,0.36771970987319946,0.5822614431381226,0.3537915349006653,0.5961050987243652,0.36562836170196533,0.5502704977989197,0.37934163212776184,0.5825738906860352,0.35764190554618835,0.5895227789878845,0.3652297854423523,0.5894128680229187,0.3775073289871216,0.556255578994751,0.40669605135917664,0.5954792499542236,0.3868812918663025,0.5922974944114685,0.39644497632980347,0.5818232297897339,0.406461238861084,0.5653833150863647,0.43371593952178955,0.6008753776550293,0.41217508912086487,0.5953199863433838,0.42039504647254944,0.5851022005081177,0.4286022186279297,0.5750534534454346,0.4565870761871338,0.6021248698234558,0.4351141154766083,0.5967250466346741,0.4399852752685547,0.5869622826576233,0.4471312463283539
agarrar,10,4,0.4806484282016754,0.5534250736236572,0.48710140585899353,0.5135412216186523,0.48000091314315796,0.4791618287563324,0.4650309383869171,0.4585682451725006,0.44939106702804565,0.4533517062664032,0.4873824119567871,0.5122363567352295,0.46310117840766907,0.46992483735084534,0.4538111686706543,0.45417308807373047,0.4488241374492645,0.4479582905769348,0.47448140382766724,0.5388868451118469,0.4461584985256195,0.4872540533542633,0.44348812103271484,0.4680056571960449,0.4463490843772888,0.4613005220890045,0.46132782101631165,0.5544670224189758,0.43631914258003235,0.5031678676605225,0.4385386109352112,0.4883268475532532,0.4444204568862915,0.4864605665206909,0.44918155670166016,0.5608609914779663,0.43263599276542664,0.5184228420257568,0.4349571764469147,0.5044692158699036,0.43984463810920715,0.5024160146713257
agarrar,10,5,0.4801902174949646,0.5448529720306396,0.48521432280540466,0.5017601251602173,0.4750053882598877,0.46102526783943176,0.45342931151390076,0.4428942799568176,0.43410050868988037,0.44483911991119385,0.48088976740837097,0.48426154255867004,0.4478616416454315,0.43206945061683655,0.4477977156639099,0.4351562559604645,0.4528861343860626,0.4486502408981323,0.4699810743331909,0.510948121547699,0.43622857332229614,0.4554985463619232,0.44250020384788513,0.4589984714984894,0.45238301157951355,0.47295239567756653,0.4584648907184601,0.5297344923019409,0.43227747082710266,0.47748368978500366,0.43918803334236145,0.4819382131099701,0.4471723735332489,0.4935991168022156,0.446804016828537,0.5410836935043335,0.4295218884944916,0.498638391494751,0.43657371401786804,0.5026285648345947,0.443226158618927,0.515720784664154
agarrar,10,6,0.47885847091674805,0.5326967239379883,0.48224788904190063,0.48668372631073,0.4692428410053253,0.4426570236682892,0.44578322768211365,0.4220753014087677,0.4260174036026001,0.4239356815814972,0.4772012233734131,0.46164458990097046,0.4448184669017792,0.4109208881855011,0.44420844316482544,0.4179680049419403,0.44971764087677,0.4346849024295807,0.4656653106212616,0.4883158206939697,0.4344860017299652,0.4368574321269989,0.44008535146713257,0.4431769847869873,0.4496001899242401,0.4575119614601135,0.4536365568637848,0.5084399580955505,0.4296644330024719,0.45943132042884827,0.4366486668586731,0.4651355743408203,0.4445542097091675,0.4776037335395813,0.4415714144706726,0.5221477746963501,0.42556843161582947,0.48017701506614685,0.43230491876602173,0.48461437225341797,0.4386803209781647,0.4977465271949768
agarrar,10,7,0.48020416498184204,0.5154969692230225,0.48175323009490967,0.46909698843955994,0.4666353762149811,0.4248201549053192,0.4435553252696991,0.40755000710487366,0.426168829202652,0.4183103144168854,0.47152891755104065,0.4406554102897644,0.4395570456981659,0.39754635095596313,0.44077175855636597,0.40999969840049744,0.4485322833061218,0.42660412192344666,0.46134743094444275,0.46801459789276123,0.4304784834384918,0.42405232787132263,0.4365367293357849,0.432839035987854,0.4463086426258087,0.44565871357917786,0.4511508643627167,0.4904722571372986,0.42762142419815063,0.44871246814727783,0.43482059240341187,0.4563210904598236,0.44297435879707336,0.4680019021034241,0.44128158688545227,0.507478654384613,0.4263259172439575,0.4703070819377899,0.432747483253479,0.4751422107219696,0.4386579394340515,0.48745548725128174
agarrar,10,8,0.4777466952800751,0.5035228729248047,0.480461448431015,0.45926231145858765,0.46308061480522156,0.4186573624610901,0.44015926122665405,0.40326690673828125,0.4252243936061859,0.40172433853149414,0.4677918553352356,0.42449676990509033,0.43922799825668335,0.3868073523044586,0.44382232427597046,0.3992542028427124,0.4518207609653473,0.41382527351379395,0.4571000039577484,0.45003631711006165,0.429223895072937,0.4107997417449951,0.4361257553100586,0.42004093527793884,0.44491612911224365,0.4331979751586914,0.44718894362449646,0.4721572995185852,0.426438570022583,0.43788081407546997,0.4336792230606079,0.44578826427459717,0.4404931664466858,0.45652931928634644,0.43828925490379333,0.4903686046600342,0.4252801537513733,0.45945149660110474,0.4315683841705322,0.46532687544822693,0.4360310733318329,0.4750140309333801
agarrar,10,9,0.4792878031730652,0.49598920345306396,0.4802801012992859,0.45144978165626526,0.4631228744983673,0.4136882722377777,0.4404366910457611,0.3976465165615082,0.42567193508148193,0.3916653096675873,0.4665795564651489,0.4111091196537018,0.4391840994358063,0.38029539585113525,0.4419192671775818,0.39446985721588135,0.4496729075908661,0.40660423040390015,0.4562397301197052,0.43448394536972046,0.4298815131187439,0.4058215618133545,0.43508169054985046,0.41803330183029175,0.4436335265636444,0.4267668128013611,0.44664549827575684,0.4571228623390198,0.42838364839553833,0.4356192648410797,0.4345594048500061,0.4456966519355774,0.44157713651657104,0.4526226222515106,0.4382588267326355,0.47838789224624634,0.4271619915962219,0.4578096270561218,0.4329286515712738,0.4658762514591217,0.4378105103969574,0.4728100299835205
agarrar,10,10,0.4807383120059967,0.48965349793434143,0.4798022210597992,0.44871044158935547,0.463945597410202,0.4132269322872162,0.4412895143032074,0.3978406488895416,0.4257325232028961,0.39382073283195496,0.46668344736099243,0.4007052183151245,0.43841496109962463,0.37509024143218994,0.439941942691803,0.3927772045135498,0.4476214051246643,0.40487465262413025,0.4569421708583832,0.42296773195266724,0.4303421378135681,0.4035255014896393,0.4345426559448242,0.41924288868904114,0.4428740441799164,0.4263659715652466,0.44781649112701416,0.44621244072914124,0.4294416904449463,0.4349161684513092,0.43544381856918335,0.4469916522502899,0.4429294168949127,0.4513988196849823,0.44002872705459595,0.46920230984687805,0.4290234446525574,0.4569224417209625,0.43477243185043335,0.46661674976348877,0.44037094712257385,0.4709904193878174
agarrar,10,11,0.4828090965747833,0.493073046207428,0.48130422830581665,0.4478287994861603,0.46640482544898987,0.41613245010375977,0.4457429349422455,0.40561366081237793,0.4313191771507263,0.40810802578926086,0.4660564064979553,0.4004904329776764,0.43802323937416077,0.3798745274543762,0.4411815106868744,0.39777126908302307,0.44975727796554565,0.40841174125671387,0.45586296916007996,0.4235696494579315,0.43048369884490967,0.40522903203964233,0.43557754158973694,0.4199621379375458,0.444356769323349,0.42748454213142395,0.44675198197364807,0.44735991954803467,0.43199992179870605,0.4384511411190033,0.43823158740997314,0.4495396912097931,0.44514113664627075,0.45456433296203613,0.43904298543930054,0.47103351354599,0.43158018589019775,0.46009987592697144,0.4374155104160309,0.4687548279762268,0.4426071047782898,0.4736163914203644
agarrar,10,12,0.48403823375701904,0.49765294790267944,0.4809390604496002,0.4518600404262543,0.46488872170448303,0.42113223671913147,0.44526609778404236,0.41282323002815247,0.4310421943664551,0.41564926505088806,0.464345782995224,0.40268799662590027,0.438606858253479,0.3862915635108948,0.4431019425392151,0.40323948860168457,0.451520174741745,0.4126884341239929,0.4547339677810669,0.42672452330589294,0.43179354071617126,0.41058021783828735,0.43728548288345337,0.42450663447380066,0.4453905522823334,0.4318031072616577,0.4461103081703186,0.45164746046066284,0.4328855872154236,0.4424116313457489,0.4393256902694702,0.45229777693748474,0.44580233097076416,0.45688483119010925,0.4390016198158264,0.475627601146698,0.43354758620262146,0.4637097120285034,0.4394124448299408,0.47263824939727783,0.4439544677734375,0.4779236316680908
agarrar,10,13,0.48160672187805176,0.5064994096755981,0.4795759916305542,0.46139782667160034,0.46367526054382324,0.42968007922172546,0.4425814151763916,0.4204727113246918,0.42725422978401184,0.4206838309764862,0.4637485146522522,0.4189903736114502,0.4411638677120209,0.39947080612182617,0.4465824067592621,0.4138115644454956,0.4544687867164612,0.4225724935531616,0.4545772671699524,0.4413866698741913,0.4361501634120941,0.4230346381664276,0.4424663782119751,0.43559423089027405,0.4492645561695099,0.4432929456233978,0.4468414783477783,0.46472135186195374,0.43477168679237366,0.4491105377674103,0.44091126322746277,0.4586283564567566,0.4463333487510681,0.46484288573265076,0.4404926002025604,0.4872630834579468,0.43572044372558594,0.4722368121147156,0.4413108825683594,0.479595810174942,0.4444758892059326,0.48508957028388977
agarrar,10,14,0.47941428422927856,0.5187165141105652,0.4792921841144562,0.47038716077804565,0.4658493101596832,0.4409380853176117,0.44625937938690186,0.4352946877479553,0.43224257230758667,0.44365763664245605,0.46187353134155273,0.43344646692276,0.440579891204834,0.4180167317390442,0.44617408514022827,0.43067121505737305,0.45415839552879333,0.4394751191139221,0.4523368179798126,0.45696115493774414,0.43538492918014526,0.44175735116004944,0.4417579174041748,0.4537103772163391,0.4485815167427063,0.4619497060775757,0.4453205168247223,0.4811440408229828,0.4348817467689514,0.4687681794166565,0.4405522346496582,0.47728607058525085,0.44566842913627625,0.4836496412754059,0.44011953473091125,0.5048393607139587,0.4360644221305847,0.49117347598075867,0.4410073757171631,0.4978349208831787,0.4438689649105072,0.5038739442825317
agarrar,10,15,0.48136642575263977,0.5350255966186523,0.4797126352787018,0.48771291971206665,0.46703511476516724,0.45887213945388794,0.4502931833267212,0.4554438889026642,0.43789994716644287,0.4668560326099396,0.459651917219162,0.45017009973526,0.4409710168838501,0.4373977482318878,0.4465347230434418,0.4496379494667053,0.4540645480155945,0.45905956625938416,0.4506986141204834,0.47150006890296936,0.43548086285591125,0.4596990942955017,0.4420050382614136,0.4710436463356018,0.4491293430328369,0.47925084829330444,0.4438657760620117,0.49579593539237976,0.43451398611068726,0.48682379722595215,0.44051775336265564,0.49502676725387573,0.4461357891559601,0.5009775757789612,0.4388231039047241,0.5204551219940186,0.43608710169792175,0.5126937627792358,0.44168761372566223,0.5183026790618896,0.4452935457229614,0.522957444190979
agarrar,10,16,0.4886872172355652,0.5653223991394043,0.4886170029640198,0.5215917825698853,0.4762810170650482,0.4891130030155182,0.4597111642360687,0.47991305589675903,0.44666850566864014,0.48450005054473877,0.46330392360687256,0.4608152508735657,0.44164106249809265,0.4571610987186432,0.4436412453651428,0.4738433063030243,0.45084014534950256,0.48402881622314453,0.4557984173297882,0.47827839851379395,0.43685489892959595,0.4826890528202057,0.44099149107933044,0.4967591166496277,0.44902125000953674,0.5034617185592651,0.4499664604663849,0.5033239126205444,0.4357104003429413,0.5079008936882019,0.44086310267448425,0.5185810923576355,0.4488515257835388,0.5218648314476013,0.4457929730415344,0.5299215912818909,0.4370921552181244,0.5358549356460571,0.44224342703819275,0.543874204158783,0.4484843909740448,0.5464840531349182
agarrar,10,17,0.4869612753391266,0.5669149160385132,0.4810960590839386,0.5180125832557678,0.465986967086792,0.49161139130592346,0.45173242688179016,0.49272528290748596,0.4417482614517212,0.5091602802276611,0.4557276964187622,0.47523564100265503,0.437311053276062,0.4798104465007782,0.4417669177055359,0.49276313185691833,0.44934138655662537,0.49834808707237244,0.44878557324409485,0.4993913471698761,0.4347767233848572,0.5078737139701843,0.4403448700904846,0.5175437331199646,0.4479624330997467,0.5205163955688477,0.4443248212337494,0.5277559161186218,0.43494701385498047,0.533003032207489,0.44060370326042175,0.539600133895874,0.4473896920681,0.5414420962333679,0.44145846366882324,0.5550522804260254,0.4360033869743347,0.55368572473526,0.4416230320930481,0.5586126446723938,0.4473808705806732,0.5611724853515625
agarrar,10,18,0.4889713525772095,0.571319043636322,0.48205870389938354,0.5218720436096191,0.46660250425338745,0.4950704276561737,0.45067039132118225,0.4961496889591217,0.4394780397415161,0.5110010504722595,0.45834386348724365,0.4765101969242096,0.43838727474212646,0.4805900454521179,0.44054239988327026,0.4953850209712982,0.44668805599212646,0.5014002323150635,0.4518403708934784,0.500385046005249,0.4358220398426056,0.5099417567253113,0.4404430687427521,0.520625650882721,0.44731056690216064,0.5237106084823608,0.44736456871032715,0.5281084179878235,0.43625569343566895,0.5349382162094116,0.44196566939353943,0.5418815612792969,0.4484773576259613,0.5428638458251953,0.44431525468826294,0.5540238618850708,0.4378981292247772,0.5547112226486206,0.44341567158699036,0.5603548288345337,0.44897064566612244,0.5629785656929016
agarrar,10,19,0.48741230368614197,0.5713222622871399,0.480938583612442,0.5216787457466125,0.4649007022380829,0.4949057996273041,0.44723448157310486,0.4955672025680542,0.43533432483673096,0.5093591809272766,0.4587997794151306,0.4759763479232788,0.4388699531555176,0.4780464768409729,0.4423910081386566,0.4931122958660126,0.4490419924259186,0.49834299087524414,0.45150622725486755,0.4984543025493622,0.43545570969581604,0.5065836906433105,0.4407370686531067,0.5173128247261047,0.447648823261261,0.5199607610702515,0.44593048095703125,0.5256589651107788,0.43538016080856323,0.5326441526412964,0.44152334332466125,0.539939284324646,0.4479442536830902,0.5411268472671509,0.4416714906692505,0.552327036857605,0.4365866184234619,0.5541768670082092,0.4425540566444397,0.5601920485496521,0.4479190707206726,0.5627704858779907
agarrar,11,0,0.4801902174949646,0.5448529720306396,0.48521432280540466,0.5017601251602173,0.4750053882598877,0.46102526783943176,0.45342931151390076,0.4428942799568176,0.43410050868988037,0.44483911991119385,0.48088976740837097,0.48426154255867004,0.4478616416454315,0.43206945061683655,0.4477977156639099,0.4351562559604645,0.4528861343860626,0.4486502408981323,0.4699810743331909,0.510948121547699,0.43622857332229614,0.4554985463619232,0.44250020384788513,0.4589984714984894,0.45238301157951355,0.47295239567756653,0.4584648907184601,0.5297344923019409,0.43227747082710266,0.47748368978500366,0.43918803334236145,0.4819382131099701,0.4471723735332489,0.4935991168022156,0.446804016828537,0.5410836935043335,0.4295218884944916,0.498638391494751,0.43657371401786804,0.5026285648345947,0.443226158618927,0.515720784664154
agarrar,11,1,0.47885847091674805,0.5326967239379883,0.48224788904190063,0.48668372631073,0.4692428410053253,0.4426570236682892,0.44578322768211365,0.4220753014087677,0.4260174036026001,0.4239356815814972,0.4772012233734131,0.46164458990097046,0.4448184669017792,0.4109208881855011,0.44420844316482544,0.4179680049419403,0.44971764087677,0.4346849024295807,0.4656653106212616,0.4883158206939697,0.4344860017299652,0.4368574321269989,0.44008535146713257,0.4431769847869873,0.4496001899242401,0.4575119614601135,0.4536365568637848,0.5084399580955505,0.4296644330024719,0.45943132042884827,0.4366486668586731,0.4651355743408203,0.4445542097091675,0.4776037335395813,0.4415714144706726,0.5221477746963501,0.42556843161582947,0.48017701506614685,0.43230491876602173,0.48461437225341797,0.4386803209781647,0.4977465271949768
agarrar,11,2,0.48020416498184204,0.5154969692230225,0.48175323009490967,0.46909698843955994,0.4666353762149811,0.4248201549053192,0.4435553252696991,0.40755000710487366,0.426168829202652,0.4183103144168854,0.47152891755104065,0.4406554102897644,0.4395570456981659,0.39754635095596313,0.44077175855636597,0.40999969840049744,0.4485322833061218,0.42660412192344666,0.46134743094444275,0.46801459789276123,0.4304784834384918,0.42405232787132263,0.4365367293357849,0.432839035987854,0.4463086426258087,0.44565871357917786,0.4511508643627167,0.4904722571372986,0.42762142419815063,0.44871246814727783,0.43482059240341187,0.4563210904598236,0.44297435879707336,0.4680019021034241,0.44128158688545227,0.507478654384613,0.4263259172439575,0.4703070819377899,0.432747483253479,0.4751422107219696,0.4386579394340515,0.48745548725128174
agarrar,11,3,0.4777466952800751,0.5035228729248047,0.480461448431015,0.45926231145858765,0.46308061480522156,0.4186573624610901,0.44015926122665405,0.40326690673828125,0.4252243936061859,0.40172433853149414,0.4677918553352356,0.42449676990509033,0.43922799825668335,0.3868073523044586,0.44382232427597046,0.3992542028427124,0.4518207609653473,0.41382527351379395,0.4571000039577484,0.45003631711006165,0.429223895072937,0.4107997417449951,0.4361257553100586,0.42004093527793884,0.44491612911224365,0.4331979751586914,0.44718894362449646,0.4721572995185852,0.426438570022583,0.43788081407546997,0.4336792230606079,0.44578826427459717,0.4404931664466858,0.45652931928634644,0.43828925490379333,0.4903686046600342,0.4252801537513733,0.45945149660110474,0.4315683841705322,0.46532687544822693,0.4360310733318329,0.4750140309333801
agarrar,11,4,0.4792878031730652,0.49598920345306396,0.4802801012992859,0.45144978165626526,0.4631228744983673,0.4136882722377777,0.4404366910457611,0.3976465165615082,0.42567193508148193,0.3916653096675873,0.4665795564651489,0.4111091196537018,0.4391840994358063,0.38029539585113525,0.4419192671775818,0.39446985721588135,0.4496729075908661,0.40660423040390015,0.4562397301197052,0.43448394536972046,0.4298815131187439,0.4058215618133545,0.43508169054985046,0.41803330183029175,0.4436335265636444,0.4267668128013611,0.44664549827575684,0.4571228623390198,0.42838364839553833,0.4356192648410797,0.4345594048500061,0.4456966519355774,0.44157713651657104,0.4526226222515106,0.4382588267326355,0.47838789224624634,0.4271619915962219,0.4578096270561218,0.4329286515712738,0.4658762514591217,0.4378105103969574,0.4728100299835205
agarrar,11,5,0.4807383120059967,0.48965349793434143,0.4798022210597992,0.44871044158935547,0.463945597410202,0.4132269322872162,0.4412895143032074,0.3978406488895416,0.4257325232028961,0.39382073283195496,0.46668344736099243,0.4007052183151245,0.43841496109962463,0.37509024143218994,0.439941942691803,0.3927772045135498,0.4476214051246643,0.40487465262413025,0.4569421708583832,0.42296773195266724,0.4303421378135681,0.4035255014896393,0.4345426559448242,0.41924288868904114,0.4428740441799164,0.4263659715652466,0.44781649112701416,0.44621244072914124,0.4294416904449463,0.4349161684513092,0.43544381856918335,0.4469916522502899,0.4429294168949127,0.4513988196849823,0.44002872705459595,0.46920230984687805,0.4290234446525574,0.4569224417209625,0.43477243185043335,0.46661674976348877,0.44037094712257385,0.4709904193878174
agarrar,11,6,0.4828090965747833,0.493073046207428,0.48130422830581665,0.4478287994861603,0.46640482544898987,0.41613245010375977,0.4457429349422455,0.40561366081237793,0.4313191771507263,0.40810802578926086,0.4660564064979553,0.4004904329776764,0.43802323937416077,0.3798745274543762,0.4411815106868744,0.39777126908302307,0.44975727796554565,0.40841174125671387,0.45586296916007996,0.4235696494579315,0.43048369884490967,0.40522903203964233,0.43557754158973694,0.4199621379375458,0.444356769323349,0.42748454213142395,0.44675198197364807,0.44735991954803467,0.43199992179870605,0.4384511411190033,0.43823158740997314,0.4495396912097931,0.44514113664627075,0.45456433296203613,0.43904298543930054,0.47103351354599,0.43158018589019775,0.46009987592697144,0.4374155104160309,0.4687548279762268,0.4426071047782898,0.4736163914203644
agarrar,11,7,0.48403823375701904,0.49765294790267944,0.4809390604496002,0.4518600404262543,0.46488872170448303,0.42113223671913147,0.44526609778404236,0.41282323002815247,0.4310421943664551,0.41564926505088806,0.464345782995224,0.40268799662590027,0.438606858253479,0.3862915635108948,0.4431019425392151,0.40323948860168457,0.451520174741745,0.4126884341239929,0.4547339677810669,0.42672452330589294,0.43179354071617126,0.41058021783828735,0.43728548288345337,0.42450663447380066,0.4453905522823334,0.4318031072616577,0.4461103081703186,0.45164746046066284,0.4328855872154236,0.4424116313457489,0.4393256902694702,0.45229777693748474,0.44580233097076416,0.45688483119010925,0.4390016198158264,0.475627601146698,0.43354758620262146,0.4637097120285034,0.4394124448299408,0.47263824939727783,0.4439544677734375,0.4779236316680908
agarrar,11,8,0.48160672187805176,0.5064994096755981,0.4795759916305542,0.46139782667160034,0.46367526054382324,0.42968007922172546,0.4425814151763916,0.4204727113246918,0.42725422978401184,0.4206838309764862,0.4637485146522522,0.4189903736114502,0.4411638677120209,0.39947080612182617,0.4465824067592621,0.4138115644454956,0.4544687867164612,0.4225724935531616,0.4545772671699524,0.4413866698741913,0.4361501634120941,0.4230346381664276,0.4424663782119751,0.43559423089027405,0.4492645561695099,0.4432929456233978,0.4468414783477783,0.46472135186195374,0.43477168679237366,0.4491105377674103,0.44091126322746277,0.4586283564567566,0.4463333487510681,0.46484288573265076,0.4404926002025604,0.4872630834579468,0.43572044372558594,0.4722368121147156,0.4413108825683594,0.479595810174942,0.4444758892059326,0.48508957028388977
agarrar,11,9,0.47941428422927856,0.5187165141105652,0.4792921841144562,0.47038716077804565,0.4658493101596832,0.4409380853176117,0.44625937938690186,0.4352946877479553,0.43224257230758667,0.44365763664245605,0.46187353134155273,0.43344646692276,0.440579891204834,0.4180167317390442,0.44617408514022827,0.43067121505737305,0.45415839552879333,0.4394751191139221,0.4523368179798126,0.45696115493774414,0.43538492918014526,0.44175735116004944,0.4417579174041748,0.4537103772163391,0.4485815167427063,0.4619497060775757,0.4453205168247223,0.4811440408229828,0.4348817467689514,0.4687681794166565,0.4405522346496582,0.47728607058525085,0.44566842913627625,0.4836496412754059,0.44011953473091125,0.5048393607139587,0.4360644221305847,0.49117347598075867,0.4410073757171631,0.4978349208831787,0.4438689649105072,0.5038739442825317
agarrar,11,10,0.48136642575263977,0.5350255966186523,0.4797126352787018,0.48771291971206665,0.46703511476516724,0.45887213945388794,0.4502931833267212,0.4554438889026642,0.43789994716644287,0.4668560326099396,0.459651917219162,0.45017009973526,0.4409710168838501,0.4373977482318878,0.4465347230434418,0.4496379494667053,0.4540645480155945,0.45905956625938416,0.4506986141204834,0.47150006890296936,0.43548086285591125,0.4596990942955017,0.4420050382614136,0.4710436463356018,0.4491293430328369,0.47925084829330444,0.4438657760620117,0.49579593539237976,0.43451398611068726,0.48682379722595215,0.44051775336265564,0.49502676725387573,0.4461357891559601,0.5009775757789612,0.4388231039047241,0.5204551219940186,0.43608710169792175,0.5126937627792358,0.44168761372566223,0.5183026790618896,0.4452935457229614,0.522957444190979
agarrar,11,11,0.4886872172355652,0.5653223991394043,0.4886170029640198,0.5215917825698853,0.4762810170650482,0.4891130030155182,0.4597111642360687,0.47991305589675903,0.44666850566864014,0.48450005054473877,0.46330392360687256,0.4608152508735657,0.44164106249809265,0.4571610987186432,0.4436412453651428,0.4738433063030243,0.45084014534950256,0.48402881622314453,0.4557984173297882,0.47827839851379395,0.43685489892959595,0.4826890528202057,0.44099149107933044,0.4967591166496277,0.44902125000953674,0.5034617185592651,0.4499664604663849,0.5033239126205444,0.4357104003429413,0.5079008936882019,0.44086310267448425,0.5185810923576355,0.4488515257835388,0.5218648314476013,0.4457929730415344,0.5299215912818909,0.4370921552181244,0.5358549356460571,0.44224342703819275,0.543874204158783,0.4484843909740448,0.5464840531349182
agarrar,11,12,0.4869612753391266,0.5669149160385132,0.4810960590839386,0.5180125832557678,0.465986967086792,0.49161139130592346,0.45173242688179016,0.49272528290748596,0.4417482614517212,0.5091602802276611,0.4557276964187622,0.47523564100265503,0.437311053276062,0.4798104465007782,0.4417669177055359,0.49276313185691833,0.44934138655662537,0.49834808707237244,0.44878557324409485,0.4993913471698761,0.4347767233848572,0.5078737139701843,0.4403448700904846,0.5175437331199646,0.4479624330997467,0.5205163955688477,0.4443248212337494,0.5277559161186218,0.43494701385498047,0.533003032207489,0.44060370326042175,0.539600133895874,0.4473896920681,0.5414420962333679,0.44145846366882324,0.5550522804260254,0.4360033869743347,0.55368572473526,0.4416230320930481,0.5586126446723938,0.4473808705806732,0.5611724853515625
agarrar,11,13,0.4889713525772095,0.571319043636322,0.48205870389938354,0.5218720436096191,0.46660250425338745,0.4950704276561737,0.45067039132118225,0.4961496889591217,0.4394780397415161,0.5110010504722595,0.45834386348724365,0.4765101969242096,0.43838727474212646,0.4805900454521179,0.44054239988327026,0.4953850209712982,0.44668805599212646,0.5014002323150635,0.4518403708934784,0.500385046005249,0.4358220398426056,0.5099417567253113,0.4404430687427521,0.520625650882721,0.44731056690216064,0.5237106084823608,0.44736456871032715,0.5281084179878235,0.43625569343566895,0.5349382162094116,0.44196566939353943,0.5418815612792969,0.4484773576259613,0.5428638458251953,0.44431525468826294,0.5540238618850708,0.4378981292247772,0.5547112226486206,0.44341567158699036,0.5603548288345337,0.44897064566612244,0.5629785656929016
agarrar,11,14,0.48741230368614197,0.5713222622871399,0.480938583612442,0.5216787457466125,0.4649007022380829,0.4949057996273041,0.44723448157310486,0.4955672025680542,0.43533432483673096,0.5093591809272766,0.4587997794151306,0.4759763479232788,0.4388699531555176,0.4780464768409729,0.4423910081386566,0.4931122958660126,0.4490419924259186,0.49834299087524414,0.45150622725486755,0.4984543025493622,0.43545570969581604,0.5065836906433105,0.4407370686531067,0.5173128247261047,0.447648823261261,0.5199607610702515,0.44593048095703125,0.5256589651107788,0.43538016080856323,0.5326441526412964,0.44152334332466125,0.539939284324646,0.4479442536830902,0.5411268472671509,0.4416714906692505,0.552327036857605,0.4365866184234619,0.5541768670082092,0.4425540566444397,0.5601920485496521,0.4479190707206726,0.5627704858779907
agarrar,11,15,0.48980945348739624,0.5716375112533569,0.4834176301956177,0.5223985910415649,0.4665471315383911,0.4953738749027252,0.4480944275856018,0.4948267936706543,0.4347708821296692,0.5062847137451172,0.46221861243247986,0.47560256719589233,0.4401226043701172,0.4723256528377533,0.4421538710594177,0.48823317885398865,0.4491022825241089,0.4942917823791504,0.454195499420166,0.4995611310005188,0.4360259175300598,0.5016916394233704,0.4402552843093872,0.513308584690094,0.44779130816459656,0.5174335837364197,0.4480138123035431,0.5261043310165405,0.43649110198020935,0.5297127962112427,0.44239872694015503,0.5373063683509827,0.44928380846977234,0.5392693281173706,0.4436136484146118,0.550958514213562,0.43791624903678894,0.5499787330627441,0.44386157393455505,0.5568699240684509,0.44972628355026245,0.5601212382316589
agarrar,11,16,0.4852643609046936,0.5727382302284241,0.48082953691482544,0.5229764580726624,0.4654862880706787,0.4959314465522766,0.44798147678375244,0.49487751722335815,0.43526890873908997,0.5052543878555298,0.45947933197021484,0.4785670042037964,0.43975386023521423,0.4744133949279785,0.4436706304550171,0.48873940110206604,0.45073097944259644,0.49424540996551514,0.45101842284202576,0.5013476610183716,0.434996098279953,0.5014742612838745,0.4401288330554962,0.5135829448699951,0.4474245607852936,0.5187051296234131,0.44495445489883423,0.5278338193893433,0.435518741607666,0.5309265851974487,0.44133269786834717,0.5386666655540466,0.44775155186653137,0.5414574146270752,0.4406258761882782,0.5539745092391968,0.43649622797966003,0.5538222789764404,0.4421253800392151,0.5605297088623047,0.44746828079223633,0.5637850761413574
agarrar,11,17,0.4852510392665863,0.5738095641136169,0.47934529185295105,0.5269619226455688,0.46366754174232483,0.5001502633094788,0.4463054835796356,0.4972764551639557,0.4333501160144806,0.5069912672042847,0.4578700065612793,0.47907572984695435,0.4373507797718048,0.48004138469696045,0.44168367981910706,0.4964207112789154,0.4490613341331482,0.5020622611045837,0.4498942494392395,0.5018856525421143,0.43298324942588806,0.5075991153717041,0.43925169110298157,0.5205624103546143,0.4468947649002075,0.5240618586540222,0.4438912868499756,0.5288419127464294,0.4342450797557831,0.5366831421852112,0.44109395146369934,0.5450838208198547,0.4476439654827118,0.5465080142021179,0.4396214485168457,0.5551031827926636,0.43641239404678345,0.5589213967323303,0.4430962800979614,0.5650255084037781,0.4484708607196808,0.5662422180175781
agarrar,11,18,0.4845392107963562,0.5744830369949341,0.4795955717563629,0.5271953344345093,0.4644240736961365,0.5000253319740295,0.44795694947242737,0.4982183575630188,0.43620389699935913,0.5092902183532715,0.4572572112083435,0.47974202036857605,0.43607231974601746,0.4827296733856201,0.44050291180610657,0.49889737367630005,0.4481854736804962,0.5040012001991272,0.4498845934867859,0.5020940899848938,0.4323258697986603,0.5102388262748718,0.43842771649360657,0.5225978493690491,0.44636380672454834,0.525391697883606,0.4443032741546631,0.5285431146621704,0.4333851933479309,0.5372447967529297,0.4398787021636963,0.5451095104217529,0.44679996371269226,0.5459989309310913,0.4404074549674988,0.5544009208679199,0.43570414185523987,0.558743417263031,0.44173988699913025,0.5650442242622375,0.4471528232097626,0.5669679045677185
agarrar,11,19,0.48358067870140076,0.5728801488876343,0.4777565002441406,0.5259228348731995,0.46228376030921936,0.49841535091400146,0.4449739158153534,0.4965260326862335,0.4325942099094391,0.5079274773597717,0.45506221055984497,0.47873568534851074,0.43479791283607483,0.4818720519542694,0.4399299919605255,0.49654510617256165,0.4478982985019684,0.5016970634460449,0.44773927330970764,0.5010854601860046,0.43106648325920105,0.5099456906318665,0.43749022483825684,0.5209277868270874,0.445351243019104,0.5239211320877075,0.44241565465927124,0.5276449918746948,0.43210798501968384,0.5357033014297485,0.43856391310691833,0.5427610278129578,0.44532835483551025,0.5444278120994568,0.4386275112628937,0.5535421967506409,0.4341883659362793,0.5564858317375183,0.4403020441532135,0.562569260597229,0.44560903310775757,0.5648682713508606
agarrar,12,0,0.4807383120059967,0.48965349793434143,0.4798022210597992,0.44871044158935547,0.463945597410202,0.4132269322872162,0.4412895143032074,0.3978406488895416,0.4257325232028961,0.39382073283195496,0.46668344736099243,0.4007052183151245,0.43841496109962463,0.37509024143218994,0.439941942691803,0.3927772045135498,0.4476214051246643,0.40487465262413025,0.4569421708583832,0.42296773195266724,0.4303421378135681,0.4035255014896393,0.4345426559448242,0.41924288868904114,0.4428740441799164,0.4263659715652466,0.44781649112701416,0.44621244072914124,0.4294416904449463,0.4349161684513092,0.43544381856918335,0.4469916522502899,0.4429294168949127,0.4513988196849823,0.44002872705459595,0.46920230984687805,0.4290234446525574,0.4569224417209625,0.43477243185043335,0.46661674976348877,0.44037094712257385,0.4709904193878174
agarrar,12,1,0.4828090965747833,0.493073046207428,0.48130422830581665,0.4478287994861603,0.46640482544898987,0.41613245010375977,0.4457429349422455,0.40561366081237793,0.4313191771507263,0.40810802578926086,0.4660564064979553,0.4004904329776764,0.43802323937416077,0.3798745274543762,0.4411815106868744,0.39777126908302307,0.44975727796554565,0.40841174125671387,0.45586296916007996,0.4235696494579315,0.43048369884490967,0.40522903203964233,0.43557754158973694,0.4199621379375458,0.444356769323349,0.42748454213142395,0.44675198197364807,0.44735991954803467,0.43199992179870605,0.4384511411190033,0.43823158740997314,0.4495396912097931,0.44514113664627075,0.45456433296203613,0.43904298543930054,0.47103351354599,0.43158018589019775,0.46009987592697144,0.4374155104160309,0.4687548279762268,0.4426071047782898,0.4736163914203644
agarrar,12,2,0.48403823375701904,0.49765294790267944,0.4809390604496002,0.4518600404262543,0.46488872170448303,0.42113223671913147,0.44526609778404236,0.41282323002815247,0.4310421943664551,0.41564926505088806,0.464345782995224,0.40268799662590027,0.438606858253479,0.3862915635108948,0.4431019425392151,0.40323948860168457,0.451520174741745,0.4126884341239929,0.4547339677810669,0.42672452330589294,0.43179354071617126,0.41058021783828735,0.43728548288345337,0.42450663447380066,0.4453905522823334,0.4318031072616577,0.4461103081703186,0.45164746046066284,0.4328855872154236,0.4424116313457489,0.4393256902694702,0.45229777693748474,0.44580233097076416,0.45688483119010925,0.4390016198158264,0.475627601146698,0.43354758620262146,0.4637097120285034,0.4394124448299408,0.47263824939727783,0.4439544677734375,0.4779236316680908
agarrar,12,3,0.48160672187805176,0.5064994096755981,0.4795759916305542,0.46139782667160034,0.46367526054382324,0.42968007922172546,0.4425814151763916,0.4204727113246918,0.42725422978401184,0.4206838309764862,0.4637485146522522,0.4189903736114502,0.4411638677120209,0.39947080612182617,0.4465824067592621,0.4138115644454956,0.4544687867164612,0.4225724935531616,0.4545772671699524,0.4413866698741913,0.4361501634120941,0.4230346381664276,0.4424663782119751,0.43559423089027405,0.4492645561695099,0.4432929456233978,0.4468414783477783,0.46472135186195374,0.43477168679237366,0.4491105377674103,0.44091126322746277,0.4586283564567566,0.4463333487510681,0.46484288573265076,0.4404926002025604,0.4872630834579468,0.43572044372558594,0.4722368121147156,0.4413108825683594,0.479595810174942,0.4444758892059326,0.48508957028388977
agarrar,12,4,0.47941428422927856,0.5187165141105652,0.4792921841144562,0.47038716077804565,0.4658493101596832,0.4409380853176117,0.44625937938690186,0.4352946877479553,0.43224257230758667,0.44365763664245605,0.46187353134155273,0.43344646692276,0.440579891204834,0.4180167317390442,0.44617408514022827,0.43067121505737305,0.45415839552879333,0.4394751191139221,0.4523368179798126,0.45696115493774414,0.43538492918014526,0.44175735116004944,0.4417579174041748,0.4537103772163391,0.4485815167427063,0.4619497060775757,0.4453205168247223,0.4811440408229828,0.4348817467689514,0.4687681794166565,0.4405522346496582,0.47728607058525085,0.44566842913627625,0.4836496412754059,0.44011953473091125,0.5048393607139587,0.4360644221305847,0.49117347598075867,0.4410073757171631,0.4978349208831787,0.4438689649105072,0.5038739442825317
agarrar,12,5,0.48136642575263977,0.5350255966186523,0.4797126352787018,0.48771291971206665,0.46703511476516724,0.45887213945388794,0.4502931833267212,0.4554438889026642,0.43789994716644287,0.4668560326099396,0.459651917219162,0.45017009973526,0.4409710168838501,0.4373977482318878,0.4465347230434418,0.4496379494667053,0.4540645480155945,0.45905956625938416,0.4506986141204834,0.47150006890296936,0.43548086285591125,0.4596990942955017,0.4420050382614136,0.4710436463356018,0.4491293430328369,0.47925084829330444,0.4438657760620117,0.49579593539237976,0.43451398611068726,0.48682379722595215,0.44051775336265564,0.49502676725387573,0.4461357891559601,0.5009775757789612,0.4388231039047241,0.5204551219940186,0.43608710169792175,0.5126937627792358,0.44168761372566223,0.5183026790618896,0.4452935457229614,0.522957444190979
agarrar,12,6,0.4886872172355652,0.5653223991394043,0.4886170029640198,0.5215917825698853,0.4762810170650482,0.4891130030155182,0.4597111642360687,0.47991305589675903,0.44666850566864014,0.48450005054473877,0.46330392360687256,0.4608152508735657,0.44164106249809265,0.4571610987186432,0.4436412453651428,0.4738433063030243,0.45084014534950256,0.48402881622314453,0.4557984173297882,0.47827839851379395,0.43685489892959595,0.4826890528202057,0.44099149107933044,0.4967591166496277,0.44902125000953674,0.5034617185592651,0.4499664604663849,0.5033239126205444,0.4357104003429413,0.5079008936882019,0.44086310267448425,0.5185810923576355,0.4488515257835388,0.5218648314476013,0.4457929730415344,0.5299215912818909,0.4370921552181244,0.5358549356460571,0.44224342703819275,0.543874204158783,0.4484843909740448,0.5464840531349182
agarrar,12,7,0.4869612753391266,0.5669149160385132,0.4810960590839386,0.5180125832557678,0.465986967086792,0.49161139130592346,0.45173242688179016,0.49272528290748596,0.4417482614517212,0.5091602802276611,0.4557276964187622,0.47523564100265503,0.437311053276062,0.4798104465007782,0.4417669177055359,0.49276313185691833,0.44934138655662537,0.49834808707237244,0.44878557324409485,0.4993913471698761,0.4347767233848572,0.5078737139701843,0.4403448700904846,0.5175437331199646,0.4479624330997467,0.5205163955688477,0.4443248212337494,0.5277559161186218,0.43494701385498047,0.533003032207489,0.44060370326042175,0.539600133895874,0.4473896920681,0.5414420962333679,0.44145846366882324,0.5550522804260254,0.4360033869743347,0.55368572473526,0.4416230320930481,0.5586126446723938,0.4473808705806732,0.5611724853515625
agarrar,12,8,0.4889713525772095,0.571319043636322,0.48205870389938354,0.5218720436096191,0.46660250425338745,0.4950704276561737,0.45067039132118225,0.4961496889591217,0.4394780397415161,0.5110010504722595,0.45834386348724365,0.4765101969242096,0.43838727474212646,0.4805900454521179,0.44054239988327026,0.4953850209712982,0.44668805599212646,0.5014002323150635,0.4518403708934784,0.500385046005249,0.4358220398426056,0.5099417567253113,0.4404430687427521,0.520625650882721,0.44731056690216064,0.5237106084823608,0.44736456871032715,0.5281084179878235,0.43625569343566895,0.5349382162094116,0.44196566939353943,0.5418815612792969,0.4484773576259613,0.5428638458251953,0.44431525468826294,0.5540238618850708,0.4378981292247772,0.5547112226486206,0.44341567158699036,0.5603548288345337,0.44897064566612244,0.5629785656929016
agarrar,12,9,0.48741230368614197,0.5713222622871399,0.480938583612442,0.5216787457466125,0.4649007022380829,0.4949057996273041,0.44723448157310486,0.4955672025680542,0.43533432483673096,0.5093591809272766,0.4587997794151306,0.4759763479232788,0.4388699531555176,0.4780464768409729,0.4423910081386566,0.4931122958660126,0.4490419924259186,0.49834299087524414,0.45150622725486755,0.4984543025493622,0.43545570969581604,0.5065836906433105,0.4407370686531067,0.5173128247261047,0.447648823261261,0.5199607610702515,0.44593048095703125,0.5256589651107788,0.43538016080856323,0.5326441526412964,0.44152334332466125,0.539939284324646,0.4479442536830902,0.5411268472671509,0.4416714906692505,0.552327036857605,0.4365866184234619,0.5541768670082092,0.4425540566444397,0.5601920485496521,0.4479190707206726,0.5627704858779907
agarrar,12,10,0.48980945348739624,0.5716375112533569,0.4834176301956177,0.5223985910415649,0.4665471315383911,0.4953738749027252,0.4480944275856018,0.4948267936706543,0.4347708821296692,0.5062847137451172,0.46221861243247986,0.47560256719589233,0.4401226043701172,0.4723256528377533,0.4421538710594177,0.48823317885398865,0.4491022825241089,0.4942917823791504,0.454195499420166,0.4995611310005188,0.4360259175300598,0.5016916394233704,0.4402552843093872,0.513308584690094,0.44779130816459656,0.5174335837364197,0.4480138123035431,0.5261043310165405,0.43649110198020935,0.5297127962112427,0.44239872694015503,0.5373063683509827,0.44928380846977234,0.5392693281173706,0.4436136484146118,0.550958514213562,0.43791624903678894,0.5499787330627441,0.44386157393455505,0.5568699240684509,0.44972628355026245,0.5601212382316589
agarrar,12,11,0.4852643609046936,0.5727382302284241,0.48082953691482544,0.5229764580726624,0.4654862880706787,0.4959314465522766,0.44798147678375244,0.49487751722335815,0.43526890873908997,0.5052543878555298,0.45947933197021484,0.4785670042037964,0.43975386023521423,0.4744133949279785,0.4436706304550171,0.48873940110206604,0.45073097944259644,0.49424540996551514,0.45101842284202576,0.5013476610183716,0.434996098279953,0.5014742612838745,0.4401288330554962,0.5135829448699951,0.4474245607852936,0.5187051296234131,0.44495445489883423,0.5278338193893433,0.435518741607666,0.5309265851974487,0.44133269786834717,0.5386666655540466,0.44775155186653137,0.5414574146270752,0.4406258761882782,0.5539745092391968,0.43649622797966003,0.5538222789764404,0.4421253800392151,0.5605297088623047,0.44746828079223633,0.5637850761413574
agarrar,12,12,0.4852510392665863,0.5738095641136169,0.47934529185295105,0.5269619226455688,0.46366754174232483,0.5001502633094788,0.4463054835796356,0.4972764551639557,0.4333501160144806,0.5069912672042847,0.4578700065612793,0.47907572984695435,0.4373507797718048,0.48004138469696045,0.44168367981910706,0.4964207112789154,0.4490613341331482,0.5020622611045837,0.4498942494392395,0.5018856525421143,0.43298324942588806,0.5075991153717041,0.43925169110298157,0.5205624103546143,0.4468947649002075,0.5240618586540222,0.4438912868499756,0.5288419127464294,0.4342450797557831,0.5366831421852112,0.44109395146369934,0.5450838208198547,0.4476439654827118,0.5465080142021179,0.4396214485168457,0.5551031827926636,0.43641239404678345,0.5589213967323303,0.4430962800979614,0.5650255084037781,0.4484708607196808,0.5662422180175781
agarrar,12,13,0.4845392107963562,0.5744830369949341,0.4795955717563629,0.5271953344345093,0.4644240736961365,0.5000253319740295,0.44795694947242737,0.4982183575630188,0.43620389699935913,0.5092902183532715,0.4572572112083435,0.47974202036857605,0.43607231974601746,0.4827296733856201,0.44050291180610657,0.49889737367630005,0.4481854736804962,0.5040012001991272,0.4498845934867859,0.5020940899848938,0.4323258697986603,0.5102388262748718,0.43842771649360657,0.5225978493690491,0.44636380672454834,0.525391697883606,0.4443032741546631,0.5285431146621704,0.4333851933479309,0.5372447967529297,0.4398787021636963,0.5451095104217529,0.44679996371269226,0.5459989309310913,0.4404074549674988,0.5544009208679199,0.43570414185523987,0.558743417263031,0.44173988699913025,0.5650442242622375,0.4471528232097626,0.5669679045677185
agarrar,12,14,0.48358067870140076,0.5728801488876343,0.4777565002441406,0.5259228348731995,0.46228376030921936,0.49841535091400146,0.4449739158153534,0.4965260326862335,0.4325942099094391,0.5079274773597717,0.45506221055984497,0.47873568534851074,0.43479791283607483,0.4818720519542694,0.4399299919605255,0.49654510617256165,0.4478982985019684,0.5016970634460449,0.44773927330970764,0.5010854601860046,0.43106648325920105,0.5099456906318665,0.43749022483825684,0.5209277868270874,0.445351243019104,0.5239211320877075,0.44241565465927124,0.5276449918746948,0.43210798501968384,0.5357033014297485,0.43856391310691833,0.5427610278129578,0.44532835483551025,0.5444278120994568,0.4386275112628937,0.5535421967506409,0.4341883659362793,0.5564858317375183,0.4403020441532135,0.562569260597229,0.44560903310775757,0.5648682713508606
agarrar,12,15,0.4831843674182892,0.571778416633606,0.4784735441207886,0.5242800116539001,0.46278420090675354,0.4968670606613159,0.4446960389614105,0.4945385754108429,0.43201878666877747,0.5046266913414001,0.4559229016304016,0.47731736302375793,0.4349573254585266,0.477952241897583,0.4400438666343689,0.49308866262435913,0.44797956943511963,0.49908512830734253,0.44816845655441284,0.4995419383049011,0.43094033002853394,0.5054797530174255,0.43746158480644226,0.5167617797851562,0.4452393054962158,0.5201880931854248,0.44237151741981506,0.525678813457489,0.4317820072174072,0.5311645269393921,0.4382699131965637,0.5385919213294983,0.44483670592308044,0.5406959056854248,0.43827301263809204,0.5512833595275879,0.43335336446762085,0.5515952110290527,0.4392542839050293,0.558045506477356,0.4443191885948181,0.5611685514450073
agarrar,12,16,0.48218196630477905,0.5701966881752014,0.4773869812488556,0.5227317810058594,0.461899995803833,0.4949245750904083,0.4431307911872864,0.4934152066707611,0.4301888346672058,0.5038082003593445,0.45536115765571594,0.475970983505249,0.43481358885765076,0.4770718216896057,0.4399704933166504,0.4913695454597473,0.44776690006256104,0.49717262387275696,0.44760236144065857,0.49906668066978455,0.4308558702468872,0.504476010799408,0.43727466464042664,0.5151293873786926,0.44499075412750244,0.5188184380531311,0.4418856203556061,0.5255677103996277,0.43150779604911804,0.5302675366401672,0.43795299530029297,0.5372976064682007,0.44447341561317444,0.5397480130195618,0.4378669857978821,0.5512177348136902,0.432941198348999,0.5510625243186951,0.4390627145767212,0.5571823716163635,0.44420143961906433,0.5602670907974243
agarrar,12,17,0.48147261142730713,0.5698418617248535,0.477011114358902,0.5206931829452515,0.46199125051498413,0.4921853542327881,0.44475889205932617,0.490800678730011,0.4326191246509552,0.5038418173789978,0.4530942738056183,0.47645482420921326,0.43310368061065674,0.4765942394733429,0.4386884570121765,0.48990580439567566,0.44690653681755066,0.4956183433532715,0.4454542398452759,0.5007088780403137,0.42958423495292664,0.5052059292793274,0.4363783597946167,0.5148480534553528,0.4442327916622162,0.5182516574859619,0.44031062722206116,0.5278418660163879,0.4309380054473877,0.5315030217170715,0.4374891221523285,0.5371586680412292,0.4441155791282654,0.5390560030937195,0.436862587928772,0.5539638996124268,0.43296119570732117,0.5523568391799927,0.4391443729400635,0.5571877360343933,0.4443965256214142,0.5599797964096069
agarrar,12,18,0.4797767102718353,0.5684901475906372,0.4754922389984131,0.5211620926856995,0.46152815222740173,0.4928820729255676,0.44613027572631836,0.48939090967178345,0.43440523743629456,0.5013378858566284,0.45364731550216675,0.4748917520046234,0.4335481822490692,0.4759882092475891,0.4369545876979828,0.49102288484573364,0.44409099221229553,0.4970063269138336,0.445829838514328,0.4969680607318878,0.42966896295547485,0.5034725666046143,0.43499162793159485,0.5147659182548523,0.44264596700668335,0.5181126594543457,0.44014057517051697,0.5229284763336182,0.4304685890674591,0.5291661024093628,0.43637144565582275,0.5364205837249756,0.4431929290294647,0.5380590558052063,0.4361407160758972,0.5481369495391846,0.43225112557411194,0.5498737096786499,0.43819552659988403,0.5558180809020996,0.44380179047584534,0.5580881237983704
agarrar,12,19,0.4819129407405853,0.5691829919815063,0.476067453622818,0.5208077430725098,0.4616445004940033,0.4940037131309509,0.4469033479690552,0.4926743805408478,0.4356105327606201,0.5053424835205078,0.45371168851852417,0.475080281496048,0.43360424041748047,0.4775318503379822,0.43783682584762573,0.4920908808708191,0.4453220069408417,0.49771246314048767,0.44615471363067627,0.49632617831230164,0.429474413394928,0.5042803287506104,0.43516451120376587,0.5154268145561218,0.44292303919792175,0.5181924700737,0.44057369232177734,0.5223628282546997,0.42981311678886414,0.5286048054695129,0.435987263917923,0.5364683866500854,0.44296324253082275,0.5378883481025696,0.4366314709186554,0.5484788417816162,0.4315829575061798,0.5494131445884705,0.43748903274536133,0.5558115243911743,0.4431431293487549,0.558437168598175
agarrar,13,0,0.48136642575263977,0.5350255966186523,0.4797126352787018,0.48771291971206665,0.46703511476516724,0.45887213945388794,0.4502931833267212,0.4554438889026642,0.43789994716644287,0.4668560326099396,0.459651917219162,0.45017009973526,0.4409710168838501,0.4373977482318878,0.4465347230434418,0.4496379494667053,0.4540645480155945,0.45905956625938416,0.4506986141204834,0.47150006890296936,0.43548086285591125,0.4596990942955017,0.4420050382614136,0.4710436463356018,0.4491293430328369,0.47925084829330444,0.4438657760620117,0.49579593539237976,0.43451398611068726,0.48682379722595215,0.44051775336265564,0.49502676725387573,0.4461357891559601,0.5009775757789612,0.4388231039047241,0.5204551219940186,0.43608710169792175,0.5126937627792358,0.44168761372566223,0.5183026790618896,0.4452935457229614,0.522957444190979
agarrar,13,1,0.4886872172355652,0.5653223991394043,0.4886170029640198,0.5215917825698853,0.4762810170650482,0.4891130030155182,0.4597111642360687,0.47991305589675903,0.44666850566864014,0.48450005054473877,0.46330392360687256,0.4608152508735657,0.44164106249809265,0.4571610987186432,0.4436412453651428,0.4738433063030243,0.45084014534950256,0.48402881622314453,0.4557984173297882,0.47827839851379395,0.43685489892959595,0.4826890528202057,0.44099149107933044,0.4967591166496277,0.44902125000953674,0.5034617185592651,0.4499664604663849,0.5033239126205444,0.4357104003429413,0.5079008936882019,0.44086310267448425,0.5185810923576355,0.4488515257835388,0.5218648314476013,0.4457929730415344,0.5299215912818909,0.4370921552181244,0.5358549356460571,0.44224342703819275,0.543874204158783,0.4484843909740448,0.5464840531349182
agarrar,13,2,0.4869612753391266,0.5669149160385132,0.4810960590839386,0.5180125832557678,0.465986967086792,0.49161139130592346,0.45173242688179016,0.49272528290748596,0.4417482614517212,0.5091602802276611,0.4557276964187622,0.47523564100265503,0.437311053276062,0.4798104465007782,0.4417669177055359,0.49276313185691833,0.44934138655662537,0.49834808707237244,0.44878557324409485,0.4993913471698761,0.4347767233848572,0.5078737139701843,0.4403448700904846,0.5175437331199646,0.4479624330997467,0.5205163955688477,0.4443248212337494,0.5277559161186218,0.43494701385498047,0.533003032207489,0.44060370326042175,0.539600133895874,0.4473896920681,0.5414420962333679,0.44145846366882324,0.5550522804260254,0.4360033869743347,0.55368572473526,0.4416230320930481,0.5586126446723938,0.4473808705806732,0.5611724853515625
agarrar,13,3,0.4889713525772095,0.571319043636322,0.48205870389938354,0.5218720436096191,0.46660250425338745,0.4950704276561737,0.45067039132118225,0.4961496889591217,0.4394780397415161,0.5110010504722595,0.45834386348724365,0.4765101969242096,0.43838727474212646,0.4805900454521179,0.44054239988327026,0.4953850209712982,0.44668805599212646,0.5014002323150635,0.4518403708934784,0.500385046005249,0.4358220398426056,0.5099417567253113,0.4404430687427521,0.520625650882721,0.44731056690216064,0.5237106084823608,0.44736456871032715,0.5281084179878235,0.43625569343566895,0.5349382162094116,0.44196566939353943,0.5418815612792969,0.4484773576259613,0.5428638458251953,0.44431525468826294,0.5540238618850708,0.4378981292247772,0.5547112226486206,0.44341567158699036,0.5603548288345337,0.44897064566612244,0.5629785656929016
agarrar,13,4,0.48741230368614197,0.5713222622871399,0.480938583612442,0.5216787457466125,0.4649007022380829,0.4949057996273041,0.44723448157310486,0.4955672025680542,0.43533432483673096,0.5093591809272766,0.4587997794151306,0.4759763479232788,0.4388699531555176,0.4780464768409729,0.4423910081386566,0.4931122958660126,0.4490419924259186,0.49834299087524414,0.45150622725486755,0.4984543025493622,0.43545570969581604,0.5065836906433105,0.4407370686531067,0.5173128247261047,0.447648823261261,0.5199607610702515,0.44593048095703125,0.5256589651107788,0.43538016080856323,0.5326441526412964,0.44152334332466125,0.539939284324646,0.4479442536830902,0.5411268472671509,0.4416714906692505,0.552327036857605,0.4365866184234619,0.5541768670082092,0.4425540566444397,0.5601920485496521,0.4479190707206726,0.5627704858779907
agarrar,13,5,0.48980945348739624,0.5716375112533569,0.4834176301956177,0.5223985910415649,0.4665471315383911,0.4953738749027252,0.4480944275856018,0.4948267936706543,0.4347708821296692,0.5062847137451172,0.46221861243247986,0.47560256719589233,0.4401226043701172,0.4723256528377533,0.4421538710594177,0.48823317885398865,0.4491022825241089,0.4942917823791504,0.454195499420166,0.4995611310005188,0.4360259175300598,0.5016916394233704,0.4402552843093872,0.513308584690094,0.44779130816459656,0.5174335837364197,0.4480138123035431,0.5261043310165405,0.43649110198020935,0.5297127962112427,0.44239872694015503,0.5373063683509827,0.44928380846977234,0.5392693281173706,0.4436136484146118,0.550958514213562,0.43791624903678894,0.5499787330627441,0.44386157393455505,0.5568699240684509,0.44972628355026245,0.5601212382316589
agarrar,13,6,0.4852643609046936,0.5727382302284241,0.48082953691482544,0.5229764580726624,0.4654862880706787,0.4959314465522766,0.44798147678375244,0.49487751722335815,0.43526890873908997,0.5052543878555298,0.45947933197021484,0.4785670042037964,0.43975386023521423,0.4744133949279785,0.4436706304550171,0.48873940110206604,0.45073097944259644,0.49424540996551514,0.45101842284202576,0.5013476610183716,0.434996098279953,0.5014742612838745,0.4401288330554962,0.5135829448699951,0.4474245607852936,0.5187051296234131,0.44495445489883423,0.5278338193893433,0.435518741607666,0.5309265851974487,0.44133269786834717,0.5386666655540466,0.44775155186653137,0.5414574146270752,0.4406258761882782,0.5539745092391968,0.43649622797966003,0.5538222789764404,0.4421253800392151,0.5605297088623047,0.44746828079223633,0.5637850761413574
agarrar,13,7,0.4852510392665863,0.5738095641136169,0.47934529185295105,0.5269619226455688,0.46366754174232483,0.5001502633094788,0.4463054835796356,0.4972764551639557,0.4333501160144806,0.5069912672042847,0.4578700065612793,0.47907572984695435,0.4373507797718048,0.48004138469696045,0.44168367981910706,0.4964207112789154,0.4490613341331482,0.5020622611045837,0.4498942494392395,0.5018856525421143,0.43298324942588806,0.5075991153717041,0.43925169110298157,0.5205624103546143,0.4468947649002075,0.5240618586540222,0.4438912868499756,0.5288419127464294,0.4342450797557831,0.5366831421852112,0.44109395146369934,0.5450838208198547,0.4476439654827118,0.5465080142021179,0.4396214485168457,0.5551031827926636,0.43641239404678345,0.5589213967323303,0.4430962800979614,0.5650255084037781,0.4484708607196808,0.5662422180175781
agarrar,13,8,0.4845392107963562,0.5744830369949341,0.4795955717563629,0.5271953344345093,0.4644240736961365,0.5000253319740295,0.44795694947242737,0.4982183575630188,0.43620389699935913,0.5092902183532715,0.4572572112083435,0.47974202036857605,0.43607231974601746,0.4827296733856201,0.44050291180610657,0.49889737367630005,0.4481854736804962,0.5040012001991272,0.4498845934867859,0.5020940899848938,0.4323258697986603,0.5102388262748718,0.43842771649360657,0.5225978493690491,0.44636380672454834,0.525391697883606,0.4443032741546631,0.5285431146621704,0.4333851933479309,0.5372447967529297,0.4398787021636963,0.5451095104217529,0.44679996371269226,0.5459989309310913,0.4404074549674988,0.5544009208679199,0.43570414185523987,0.558743417263031,0.44173988699913025,0.5650442242622375,0.4471528232097626,0.5669679045677185
agarrar,13,9,0.48358067870140076,0.5728801488876343,0.4777565002441406,0.5259228348731995,0.46228376030921936,0.49841535091400146,0.4449739158153534,0.4965260326862335,0.4325942099094391,0.5079274773597717,0.45506221055984497,0.47873568534851074,0.43479791283607483,0.4818720519542694,0.4399299919605255,0.49654510617256165,0.4478982985019684,0.5016970634460449,0.44773927330970764,0.5010854601860046,0.43106648325920105,0.5099456906318665,0.43749022483825684,0.5209277868270874,0.445351243019104,0.5239211320877075,0.44241565465927124,0.5276449918746948,0.43210798501968384,0.5357033014297485,0.43856391310691833,0.5427610278129578,0.44532835483551025,0.5444278120994568,0.4386275112628937,0.5535421967506409,0.4341883659362793,0.5564858317375183,0.4403020441532135,0.562569260597229,0.44560903310775757,0.5648682713508606
agarrar,13,10,0.4831843674182892,0.571778416633606,0.4784735441207886,0.5242800116539001,0.46278420090675354,0.4968670606613159,0.4446960389614105,0.4945385754108429,0.43201878666877747,0.5046266913414001,0.4559229016304016,0.47731736302375793,0.4349573254585266,0.477952241897583,0.4400438666343689,0.49308866262435913,0.44797956943511963,0.49908512830734253,0.44816845655441284,0.4995419383049011,0.43094033002853394,0.5054797530174255,0.43746158480644226,0.5167617797851562,0.4452393054962158,0.5201880931854248,0.44237151741981506,0.525678813457489,0.4317820072174072,0.5311645269393921,0.4382699131965637,0.5385919213294983,0.44483670592308044,0.5406959056854248,0.43827301263809204,0.5512833595275879,0.43335336446762085,0.5515952110290527,0.4392542839050293,0.558045506477356,0.4443191885948181,0.5611685514450073
agarrar,13,11,0.48218196630477905,0.5701966881752014,0.4773869812488556,0.5227317810058594,0.461899995803833,0.4949245750904083,0.4431307911872864,0.4934152066707611,0.4301888346672058,0.5038082003593445,0.45536115765571594,0.475970983505249,0.43481358885765076,0.4770718216896057,0.4399704933166504,0.4913695454597473,0.44776690006256104,0.49717262387275696,0.44760236144065857,0.49906668066978455,0.4308558702468872,0.504476010799408,0.43727466464042664,0.5151293873786926,0.44499075412750244,0.5188184380531311,0.4418856203556061,0.5255677103996277,0.43150779604911804,0.5302675366401672,0.43795299530029297,0.5372976064682007,0.44447341561317444,0.5397480130195618,0.4378669857978821,0.5512177348136902,0.432941198348999,0.5510625243186951,0.4390627145767212,0.5571823716163635,0.44420143961906433,0.5602670907974243
agarrar,13,12,0.48147261142730713,0.5698418617248535,0.477011114358902,0.5206931829452515,0.46199125051498413,0.4921853542327881,0.44475889205932617,0.490800678730011,0.4326191246509552,0.5038418173789978,0.4530942738056183,0.47645482420921326,0.43310368061065674,0.4765942394733429,0.4386884570121765,0.48990580439567566,0.44690653681755066,0.4956183433532715,0.4454542398452759,0.5007088780403137,0.42958423495292664,0.5052059292793274,0.4363783597946167,0.5148480534553528,0.4442327916622162,0.5182516574859619,0.44031062722206116,0.5278418660163879,0.4309380054473877,0.5315030217170715,0.4374891221523285,0.5371586680412292,0.4441155791282654,0.5390560030937195,0.436862587928772,0.5539638996124268,0.43296119570732117,0.5523568391799927,0.4391443729400635,0.5571877360343933,0.4443965256214142,0.5599797964096069
agarrar,13,13,0.4797767102718353,0.5684901475906372,0.4754922389984131,0.5211620926856995,0.46152815222740173,0.4928820729255676,0.44613027572631836,0.48939090967178345,0.43440523743629456,0.5013378858566284,0.45364731550216675,0.4748917520046234,0.4335481822490692,0.4759882092475891,0.4369545876979828,0.49102288484573364,0.44409099221229553,0.4970063269138336,0.445829838514328,0.4969680607318878,0.42966896295547485,0.5034725666046143,0.43499162793159485,0.5147659182548523,0.44264596700668335,0.5181126594543457,0.44014057517051697,0.5229284763336182,0.4304685890674591,0.5291661024093628,0.43637144565582275,0.5364205837249756,0.4431929290294647,0.5380590558052063,0.4361407160758972,0.5481369495391846,0.43225112557411194,0.5498737096786499,0.43819552659988403,0.5558180809020996,0.44380179047584534,0.5580881237983704
agarrar,13,14,0.4819129407405853,0.5691829919815063,0.476067453622818,0.5208077430725098,0.4616445004940033,0.4940037131309509,0.4469033479690552,0.4926743805408478,0.4356105327606201,0.5053424835205078,0.45371168851852417,0.475080281496048,0.43360424041748047,0.4775318503379822,0.43783682584762573,0.4920908808708191,0.4453220069408417,0.49771246314048767,0.44615471363067627,0.49632617831230164,0.429474413394928,0.5042803287506104,0.43516451120376587,0.5154268145561218,0.44292303919792175,0.5181924700737,0.44057369232177734,0.5223628282546997,0.42981311678886414,0.5286048054695129,0.435987263917923,0.5364683866500854,0.44296324253082275,0.5378883481025696,0.4366314709186554,0.5484788417816162,0.4315829575061798,0.5494131445884705,0.43748903274536133,0.5558115243911743,0.4431431293487549,0.558437168598175
agarrar,13,15,0.479117751121521,0.568965494632721,0.4753721058368683,0.522301971912384,0.46248307824134827,0.4956681430339813,0.4481501579284668,0.493669331073761,0.4365946352481842,0.5049957036972046,0.4529113173484802,0.4751364290714264,0.43339061737060547,0.47552555799484253,0.43541717529296875,0.4917333126068115,0.44191715121269226,0.49897393584251404,0.44508978724479675,0.4956277906894684,0.42871400713920593,0.5039778351783752,0.43361330032348633,0.5167392492294312,0.44138842821121216,0.5206061005592346,0.43949395418167114,0.5212706923484802,0.42921021580696106,0.5299863815307617,0.43526166677474976,0.5388096570968628,0.4425061345100403,0.5408667922019958,0.4355328679084778,0.5468481183052063,0.4314367175102234,0.5523122549057007,0.43744033575057983,0.559097409248352,0.44325095415115356,0.5615713596343994
agarrar,13,16,0.48045843839645386,0.5706128478050232,0.475553035736084,0.5210310816764832,0.4621926546096802,0.4928094744682312,0.44795817136764526,0.49005892872810364,0.4372723400592804,0.5026174187660217,0.4523620903491974,0.4744871258735657,0.43263375759124756,0.4783553183078766,0.43615901470184326,0.4919210970401764,0.4432842433452606,0.4973762631416321,0.44555073976516724,0.496608167886734,0.429272323846817,0.5059980750083923,0.43407055735588074,0.5161577463150024,0.44173166155815125,0.5185898542404175,0.4406053423881531,0.5233599543571472,0.4297672212123871,0.5303246974945068,0.43525421619415283,0.5375425815582275,0.4425421357154846,0.5383787751197815,0.4371228516101837,0.5495307445526123,0.431764155626297,0.5516676306724548,0.43738213181495667,0.5573135018348694,0.44337671995162964,0.5595530867576599
agarrar,13,17,0.47881120443344116,0.5723975300788879,0.4755174517631531,0.5229286551475525,0.46338188648223877,0.49268707633018494,0.44917652010917664,0.4868867099285126,0.437468558549881,0.4958660304546356,0.4522447884082794,0.47683990001678467,0.4332779049873352,0.47817155718803406,0.43637096881866455,0.4929251968860626,0.4430135190486908,0.49889305233955383,0.4447786211967468,0.5001035332679749,0.42968690395355225,0.5072221159934998,0.43488991260528564,0.5188479423522949,0.44221267104148865,0.5225799679756165,0.4393235146999359,0.5268954038619995,0.4300270974636078,0.5334940552711487,0.4359012842178345,0.5415659546852112,0.4426417052745819,0.5434837341308594,0.4354446530342102,0.5518282651901245,0.43114233016967773,0.5549958348274231,0.4368424713611603,0.561186671257019,0.44220641255378723,0.5638523697853088
agarrar,13,18,0.4772040545940399,0.570507287979126,0.473524272441864,0.5202269554138184,0.46126067638397217,0.49189305305480957,0.44731634855270386,0.4879993498325348,0.43579620122909546,0.4990784525871277,0.4506356716156006,0.47722622752189636,0.43206652998924255,0.480098694562912,0.434036523103714,0.49506986141204834,0.44007450342178345,0.5010557770729065,0.44368383288383484,0.4997536540031433,0.4280279874801636,0.5103796124458313,0.4328392744064331,0.5220039486885071,0.4404858946800232,0.5246462821960449,0.4383907914161682,0.5264438986778259,0.4291926324367523,0.5374272465705872,0.43517109751701355,0.5454578399658203,0.44244903326034546,0.546191930770874,0.4345192015171051,0.5517799854278564,0.4308209717273712,0.5585275888442993,0.4364679455757141,0.5645874738693237,0.44202497601509094,0.5665969252586365
agarrar,13,19,0.4764420688152313,0.5722984671592712,0.4728243350982666,0.5231808423995972,0.46041667461395264,0.49622994661331177,0.4475824236869812,0.4937644600868225,0.43693625926971436,0.5043304562568665,0.4498283565044403,0.4788714349269867,0.4310990571975708,0.4797724783420563,0.4327016770839691,0.4945709705352783,0.4387085437774658,0.5006206035614014,0.44238242506980896,0.5016264319419861,0.4270692467689514,0.5098869204521179,0.43132099509239197,0.5220885276794434,0.4389705955982208,0.5257247090339661,0.4373452067375183,0.5289473533630371,0.42780980467796326,0.5373173952102661,0.43335583806037903,0.5455280542373657,0.44073018431663513,0.5473132729530334,0.43391555547714233,0.5555490255355835,0.42939257621765137,0.5600128173828125,0.43505242466926575,0.5653146505355835,0.4414154291152954,0.5672566890716553
agarrar,14,0,0.48980945348739624,0.5716375112533569,0.4834176301956177,0.5223985910415649,0.4665471315383911,0.4953738749027252,0.4480944275856018,0.4948267936706543,0.4347708821296692,0.5062847137451172,0.46221861243247986,0.47560256719589233,0.4401226043701172,0.4723256528377533,0.4421538710594177,0.48823317885398865,0.4491022825241089,0.4942917823791504,0.454195499420166,0.4995611310005188,0.4360259175300598,0.5016916394233704,0.4402552843093872,0.513308584690094,0.44779130816459656,0.5174335837364197,0.4480138123035431,0.5261043310165405,0.43649110198020935,0.5297127962112427,0.44239872694015503,0.5373063683509827,0.44928380846977234,0.5392693281173706,0.4436136484146118,0.550958514213562,0.43791624903678894,0.5499787330627441,0.44386157393455505,0.5568699240684509,0.44972628355026245,0.5601212382316589
agarrar,14,1,0.4852643609046936,0.5727382302284241,0.48082953691482544,0.5229764580726624,0.4654862880706787,0.4959314465522766,0.44798147678375244,0.49487751722335815,0.43526890873908997,0.5052543878555298,0.45947933197021484,0.4785670042037964,0.43975386023521423,0.4744133949279785,0.4436706304550171,0.48873940110206604,0.45073097944259644,0.49424540996551514,0.45101842284202576,0.5013476610183716,0.434996098279953,0.5014742612838745,0.4401288330554962,0.5135829448699951,0.4474245607852936,0.5187051296234131,0.44495445489883423,0.5278338193893433,0.435518741607666,0.5309265851974487,0.44133269786834717,0.5386666655540466,0.44775155186653137,0.5414574146270752,0.4406258761882782,0.5539745092391968,0.43649622797966003,0.5538222789764404,0.4421253800392151,0.5605297088623047,0.44746828079223633,0.5637850761413574
agarrar,14,2,0.4852510392665863,0.5738095641136169,0.47934529185295105,0.5269619226455688,0.46366754174232483,0.5001502633094788,0.4463054835796356,0.4972764551639557,0.4333501160144806,0.5069912672042847,0.4578700065612793,0.47907572984695435,0.4373507797718048,0.48004138469696045,0.44168367981910706,0.4964207112789154,0.4490613341331482,0.5020622611045837,0.4498942494392395,0.5018856525421143,0.43298324942588806,0.5075991153717041,0.43925169110298157,0.5205624103546143,0.4468947649002075,0.5240618586540222,0.4438912868499756,0.5288419127464294,0.4342450797557831,0.5366831421852112,0.44109395146369934,0.5450838208198547,0.4476439654827118,0.5465080142021179,0.4396214485168457,0.5551031827926636,0.43641239404678345,0.5589213967323303,0.4430962800979614,0.5650255084037781,0.4484708607196808,0.5662422180175781
agarrar,14,3,0.4845392107963562,0.5744830369949341,0.4795955717563629,0.5271953344345093,0.4644240736961365,0.5000253319740295,0.44795694947242737,0.4982183575630188,0.43620389699935913,0.5092902183532715,0.4572572112083435,0.47974202036857605,0.43607231974601746,0.4827296733856201,0.44050291180610657,0.49889737367630005,0.4481854736804962,0.5040012001991272,0.4498845934867859,0.5020940899848938,0.4323258697986603,0.5102388262748718,0.43842771649360657,0.5225978493690491,0.44636380672454834,0.525391697883606,0.4443032741546631,0.5285431146621704,0.4333851933479309,0.5372447967529297,0.4398787021636963,0.5451095104217529,0.44679996371269226,0.5459989309310913,0.4404074549674988,0.5544009208679199,0.43570414185523987,0.558743417263031,0.44173988699913025,0.5650442242622375,0.4471528232097626,0.5669679045677185
agarrar,14,4,0.48358067870140076,0.5728801488876343,0.4777565002441406,0.5259228348731995,0.46228376030921936,0.49841535091400146,0.4449739158153534,0.4965260326862335,0.4325942099094391,0.5079274773597717,0.45506221055984497,0.47873568534851074,0.43479791283607483,0.4818720519542694,0.4399299919605255,0.49654510617256165,0.4478982985019684,0.5016970634460449,0.44773927330970764,0.5010854601860046,0.43106648325920105,0.5099456906318665,0.43749022483825684,0.5209277868270874,0.445351243019104,0.5239211320877075,0.44241565465927124,0.5276449918746948,0.43210798501968384,0.5357033014297485,0.43856391310691833,0.5427610278129578,0.44532835483551025,0.5444278120994568,0.4386275112628937,0.5535421967506409,0.4341883659362793,0.5564858317375183,0.4403020441532135,0.562569260597229,0.44560903310775757,0.5648682713508606
agarrar,14,5,0.4831843674182892,0.571778416633606,0.4784735441207886,0.5242800116539001,0.46278420090675354,0.4968670606613159,0.4446960389614105,0.4945385754108429,0.43201878666877747,0.5046266913414001,0.4559229016304016,0.47731736302375793,0.4349573254585266,0.477952241897583,0.4400438666343689,0.49308866262435913,0.44797956943511963,0.49908512830734253,0.44816845655441284,0.4995419383049011,0.43094033002853394,0.5054797530174255,0.43746158480644226,0.5167617797851562,0.4452393054962158,0.5201880931854248,0.44237151741981506,0.525678813457489,0.4317820072174072,0.5311645269393921,0.4382699131965637,0.5385919213294983,0.44483670592308044,0.5406959056854248,0.43827301263809204,0.5512833595275879,0.43335336446762085,0.5515952110290527,0.4392542839050293,0.558045506477356,0.4443191885948181,0.5611685514450073
agarrar,14,6,0.48218196630477905,0.5701966881752014,0.4773869812488556,0.5227317810058594,0.461899995803833,0.4949245750904083,0.4431307911872864,0.4934152066707611,0.4301888346672058,0.5038082003593445,0.45536115765571594,0.475970983505249,0.43481358885765076,0.4770718216896057,0.4399704933166504,0.4913695454597473,0.44776690006256104,0.49717262387275696,0.44760236144065857,0.49906668066978455,0.4308558702468872,0.504476010799408,0.43727466464042664,0.5151293873786926,0.44499075412750244,0.5188184380531311,0.4418856203556061,0.5255677103996277,0.43150779604911804,0.5302675366401672,0.43795299530029297,0.5372976064682007,0.44447341561317444,0.5397480130195618,0.4378669857978821,0.5512177348136902,0.432941198348999,0.5510625243186951,0.4390627145767212,0.5571823716163635,0.44420143961906433,0.5602670907974243
agarrar,14,7,0.48147261142730713,0.5698418617248535,0.477011114358902,0.5206931829452515,0.46199125051498413,0.4921853542327881,0.44475889205932617,0.490800678730011,0.4326191246509552,0.5038418173789978,0.4530942738056183,0.47645482420921326,0.43310368061065674,0.4765942394733429,0.4386884570121765,0.48990580439567566,0.44690653681755066,0.4956183433532715,0.4454542398452759,0.5007088780403137,0.42958423495292664,0.5052059292793274,0.4363783597946167,0.5148480534553528,0.4442327916622162,0.5182516574859619,0.44031062722206116,0.5278418660163879,0.4309380054473877,0.5315030217170715,0.4374891221523285,0.5371586680412292,0.4441155791282654,0.5390560030937195,0.436862587928772,0.5539638996124268,0.43296119570732117,0.5523568391799927,0.4391443729400635,0.5571877360343933,0.4443965256214142,0.5599797964096069
agarrar,14,8,0.4797767102718353,0.5684901475906372,0.4754922389984131,0.5211620926856995,0.46152815222740173,0.4928820729255676,0.44613027572631836,0.48939090967178345,0.43440523743629456,0.5013378858566284,0.45364731550216675,0.4748917520046234,0.4335481822490692,0.4759882092475891,0.4369545876979828,0.49102288484573364,0.44409099221229553,0.4970063269138336,0.445829838514328,0.4969680607318878,0.42966896295547485,0.5034725666046143,0.43499162793159485,0.5147659182548523,0.44264596700668335,0.5181126594543457,0.44014057517051697,0.5229284763336182,0.4304685890674591,0.5291661024093628,0.43637144565582275,0.5364205837249756,0.4431929290294647,0.5380590558052063,0.4361407160758972,0.5481369495391846,0.43225112557411194,0.5498737096786499,0.43819552659988403,0.5558180809020996,0.44380179047584534,0.5580881237983704
agarrar,14,9,0.4819129407405853,0.5691829919815063,0.476067453622818,0.5208077430725098,0.4616445004940033,0.4940037131309509,0.4469033479690552,0.4926743805408478,0.4356105327606201,0.5053424835205078,0.45371168851852417,0.475080281496048,0.43360424041748047,0.4775318503379822,0.43783682584762573,0.4920908808708191,0.4453220069408417,0.49771246314048767,0.44615471363067627,0.49632617831230164,0.429474413394928,0.5042803287506104,0.43516451120376587,0.5154268145561218,0.44292303919792175,0.5181924700737,0.44057369232177734,0.5223628282546997,0.42981311678886414,0.5286048054695129,0.435987263917923,0.5364683866500854,0.44296324253082275,0.5378883481025696,0.4366314709186554,0.5484788417816162,0.4315829575061798,0.5494131445884705,0.43748903274536133,0.5558115243911743,0.4431431293487549,0.558437168598175
agarrar,14,10,0.479117751121521,0.568965494632721,0.4753721058368683,0.522301971912384,0.46248307824134827,0.4956681430339813,0.4481501579284668,0.493669331073761,0.4365946352481842,0.5049957036972046,0.4529113173484802,0.4751364290714264,0.43339061737060547,0.47552555799484253,0.43541717529296875,0.4917333126068115,0.44191715121269226,0.49897393584251404,0.44508978724479675,0.4956277906894684,0.42871400713920593,0.5039778351783752,0.43361330032348633,0.5167392492294312,0.44138842821121216,0.5206061005592346,0.43949395418167114,0.5212706923484802,0.42921021580696106,0.5299863815307617,0.43526166677474976,0.5388096570968628,0.4425061345100403,0.5408667922019958,0.4355328679084778,0.5468481183052063,0.4314367175102234,0.5523122549057007,0.43744033575057983,0.559097409248352,0.44325095415115356,0.5615713596343994
agarrar,14,11,0.48045843839645386,0.5706128478050232,0.475553035736084,0.5210310816764832,0.4621926546096802,0.4928094744682312,0.44795817136764526,0.49005892872810364,0.4372723400592804,0.5026174187660217,0.4523620903491974,0.4744871258735657,0.43263375759124756,0.4783553183078766,0.43615901470184326,0.4919210970401764,0.4432842433452606,0.4973762631416321,0.44555073976516724,0.496608167886734,0.429272323846817,0.5059980750083923,0.43407055735588074,0.5161577463150024,0.44173166155815125,0.5185898542404175,0.4406053423881531,0.5233599543571472,0.4297672212123871,0.5303246974945068,0.43525421619415283,0.5375425815582275,0.4425421357154846,0.5383787751197815,0.4371228516101837,0.5495307445526123,0.431764155626297,0.5516676306724548,0.43738213181495667,0.5573135018348694,0.44337671995162964,0.5595530867576599
agarrar,14,12,0.47881120443344116,0.5723975300788879,0.4755174517631531,0.5229286551475525,0.46338188648223877,0.49268707633018494,0.44917652010917664,0.4868867099285126,0.437468558549881,0.4958660304546356,0.4522447884082794,0.47683990001678467,0.4332779049873352,0.47817155718803406,0.43637096881866455,0.4929251968860626,0.4430135190486908,0.49889305233955383,0.4447786211967468,0.5001035332679749,0.42968690395355225,0.5072221159934998,0.43488991260528564,0.5188479423522949,0.44221267104148865,0.5225799679756165,0.4393235146999359,0.5268954038619995,0.4300270974636078,0.5334940552711487,0.4359012842178345,0.5415659546852112,0.4426417052745819,0.5434837341308594,0.4354446530342102,0.5518282651901245,0.43114233016967773,0.5549958348274231,0.4368424713611603,0.561186671257019,0.44220641255378723,0.5638523697853088
agarrar,14,13,0.4772040545940399,0.570507287979126,0.473524272441864,0.5202269554138184,0.46126067638397217,0.49189305305480957,0.44731634855270386,0.4879993498325348,0.43579620122909546,0.4990784525871277,0.4506356716156006,0.47722622752189636,0.43206652998924255,0.480098694562912,0.434036523103714,0.49506986141204834,0.44007450342178345,0.5010557770729065,0.44368383288383484,0.4997536540031433,0.4280279874801636,0.5103796124458313,0.4328392744064331,0.5220039486885071,0.4404858946800232,0.5246462821960449,0.4383907914161682,0.5264438986778259,0.4291926324367523,0.5374272465705872,0.43517109751701355,0.5454578399658203,0.44244903326034546,0.546191930770874,0.4345192015171051,0.5517799854278564,0.4308209717273712,0.5585275888442993,0.4364679455757141,0.5645874738693237,0.44202497601509094,0.5665969252586365
agarrar,14,14,0.4764420688152313,0.5722984671592712,0.4728243350982666,0.5231808423995972,0.46041667461395264,0.49622994661331177,0.4475824236869812,0.4937644600868225,0.43693625926971436,0.5043304562568665,0.4498283565044403,0.4788714349269867,0.4310990571975708,0.4797724783420563,0.4327016770839691,0.4945709705352783,0.4387085437774658,0.5006206035614014,0.44238242506980896,0.5016264319419861,0.4270692467689514,0.5098869204521179,0.43132099509239197,0.5220885276794434,0.4389705955982208,0.5257247090339661,0.4373452067375183,0.5289473533630371,0.42780980467796326,0.5373173952102661,0.43335583806037903,0.5455280542373657,0.44073018431663513,0.5473132729530334,0.43391555547714233,0.5555490255355835,0.42939257621765137,0.5600128173828125,0.43505242466926575,0.5653146505355835,0.4414154291152954,0.5672566890716553
agarrar,14,15,0.4756664037704468,0.5720139741897583,0.4714263677597046,0.5242031812667847,0.4587744474411011,0.4971281588077545,0.44536080956459045,0.4948287606239319,0.43451163172721863,0.50632643699646,0.4489075243473053,0.478681743144989,0.4298262894153595,0.4824049770832062,0.4334513545036316,0.4971574544906616,0.44059261679649353,0.5030768513679504,0.4414447247982025,0.5020179748535156,0.4260646402835846,0.5097973346710205,0.43107977509498596,0.5218670964241028,0.43863773345947266,0.5262171030044556,0.43639010190963745,0.5296616554260254,0.4267660081386566,0.536953866481781,0.43253111839294434,0.544762134552002,0.43967774510383606,0.5470547676086426,0.43292781710624695,0.5567531585693359,0.42855510115623474,0.5598797798156738,0.43435797095298767,0.5649464130401611,0.4402613937854767,0.5671836137771606
agarrar,14,16,0.4762304425239563,0.5720690488815308,0.4721415936946869,0.523992657661438,0.45845547318458557,0.4959177076816559,0.44409817457199097,0.49271640181541443,0.4330083131790161,0.5046936869621277,0.44764798879623413,0.4812690317630768,0.4291946291923523,0.48419538140296936,0.43451106548309326,0.4973037838935852,0.4424876570701599,0.5026446580886841,0.4403608739376068,0.5054262280464172,0.425982266664505,0.5121609568595886,0.4319201707839966,0.5221056342124939,0.43966683745384216,0.5259703993797302,0.43550604581832886,0.5328489542007446,0.4267866313457489,0.5376888513565063,0.4326106607913971,0.5439572334289551,0.4393761157989502,0.5461452603340149,0.4324112832546234,0.558722198009491,0.42877891659736633,0.5586841106414795,0.43451258540153503,0.5633535981178284,0.43999630212783813,0.5658713579177856
agarrar,14,17,0.47680994868278503,0.5738879442214966,0.4721986651420593,0.5225887894630432,0.4593384861946106,0.4945865273475647,0.4456002712249756,0.49041998386383057,0.434278279542923,0.5001591444015503,0.44865280389785767,0.4798416495323181,0.4307422637939453,0.48080354928970337,0.4335280656814575,0.4951508343219757,0.4402223229408264,0.5012587308883667,0.4407951533794403,0.5031240582466125,0.4275878667831421,0.5101839900016785,0.432628333568573,0.521500289440155,0.4402848482131958,0.5248569846153259,0.4354337453842163,0.5306215286254883,0.42822137475013733,0.5375323295593262,0.43382108211517334,0.5450222492218018,0.4406256675720215,0.5468834042549133,0.43182888627052307,0.5567583441734314,0.4290447533130646,0.5591505169868469,0.4344389736652374,0.5643318891525269,0.44008663296699524,0.5669423341751099
agarrar,14,18,0.4758334755897522,0.576612651348114,0.47308579087257385,0.526016116142273,0.46101367473602295,0.49523594975471497,0.4466862678527832,0.48922237753868103,0.43485739827156067,0.49835166335105896,0.4489879310131073,0.47975003719329834,0.43031927943229675,0.48068735003471375,0.4345817565917969,0.4945873022079468,0.4419522285461426,0.5002908706665039,0.44126683473587036,0.5033081769943237,0.42691871523857117,0.5092545747756958,0.43266308307647705,0.5202011466026306,0.44007202982902527,0.5238627195358276,0.43578314781188965,0.5300286412239075,0.427297443151474,0.5356748104095459,0.4335491955280304,0.5431063175201416,0.4404217004776001,0.544718861579895,0.4321194291114807,0.5551140308380127,0.4287215769290924,0.557834267616272,0.43482843041419983,0.5632540583610535,0.44031715393066406,0.5654814839363098
agarrar,14,19,0.4748370349407196,0.5739474296569824,0.47179216146469116,0.5234014987945557,0.4598345160484314,0.4939548969268799,0.44591212272644043,0.4886283874511719,0.4346608519554138,0.4975949823856354,0.44827765226364136,0.4795597493648529,0.4306679964065552,0.48038074374198914,0.433835506439209,0.49376851320266724,0.44067126512527466,0.5000454783439636,0.44062545895576477,0.5030466318130493,0.4272385835647583,0.508292019367218,0.4319879114627838,0.5182827711105347,0.4392737150192261,0.5216787457466125,0.43520331382751465,0.5300057530403137,0.42792877554893494,0.5347666144371033,0.4333797097206116,0.541483998298645,0.4399736523628235,0.5433759689331055,0.4315391778945923,0.5554250478744507,0.4291885793209076,0.5567225813865662,0.43462374806404114,0.5618494153022766,0.4398227334022522,0.5645766854286194
agarrar,15,0,0.4831843674182892,0.571778416633606,0.4784735441207886,0.5242800116539001,0.46278420090675354,0.4968670606613159,0.4446960389614105,0.4945385754108429,0.43201878666877747,0.5046266913414001,0.4559229016304016,0.47731736302375793,0.4349573254585266,0.477952241897583,0.4400438666343689,0.49308866262435913,0.44797956943511963,0.49908512830734253,0.44816845655441284,0.4995419383049011,0.43094033002853394,0.5054797530174255,0.43746158480644226,0.5167617797851562,0.4452393054962158,0.5201880931854248,0.44237151741981506,0.525678813457489,0.4317820072174072,0.5311645269393921,0.4382699131965637,0.5385919213294983,0.44483670592308044,0.5406959056854248,0.43827301263809204,0.5512833595275879,0.43335336446762085,0.5515952110290527,0.4392542839050293,0.558045506477356,0.4443191885948181,0.5611685514450073
agarrar,15,1,0.48218196630477905,0.5701966881752014,0.4773869812488556,0.5227317810058594,0.461899995803833,0.4949245750904083,0.4431307911872864,0.4934152066707611,0.4301888346672058,0.5038082003593445,0.45536115765571594,0.475970983505249,0.43481358885765076,0.4770718216896057,0.4399704933166504,0.4913695454597473,0.44776690006256104,0.49717262387275696,0.44760236144065857,0.49906668066978455,0.4308558702468872,0.504476010799408,0.43727466464042664,0.5151293873786926,0.44499075412750244,0.5188184380531311,0.4418856203556061,0.5255677103996277,0.43150779604911804,0.5302675366401672,0.43795299530029297,0.5372976064682007,0.44447341561317444,0.5397480130195618,0.4378669857978821,0.5512177348136902,0.432941198348999,0.5510625243186951,0.4390627145767212,0.5571823716163635,0.44420143961906433,0.5602670907974243
agarrar,15,2,0.48147261142730713,0.5698418617248535,0.477011114358902,0.5206931829452515,0.46199125051498413,0.4921853542327881,0.44475889205932617,0.490800678730011,0.4326191246509552,0.5038418173789978,0.4530942738056183,0.47645482420921326,0.43310368061065674,0.4765942394733429,0.4386884570121765,0.48990580439567566,0.44690653681755066,0.4956183433532715,0.4454542398452759,0.5007088780403137,0.42958423495292664,0.5052059292793274,0.4363783597946167,0.5148480534553528,0.4442327916622162,0.5182516574859619,0.44031062722206116,0.5278418660163879,0.4309380054473877,0.5315030217170715,0.4374891221523285,0.5371586680412292,0.4441155791282654,0.5390560030937195,0.436862587928772,0.5539638996124268,0.43296119570732117,0.5523568391799927,0.4391443729400635,0.5571877360343933,0.4443965256214142,0.5599797964096069
agarrar,15,3,0.4797767102718353,0.5684901475906372,0.4754922389984131,0.5211620926856995,0.46152815222740173,0.4928820729255676,0.44613027572631836,0.48939090967178345,0.43440523743629456,0.5013378858566284,0.45364731550216675,0.4748917520046234,0.4335481822490692,0.4759882092475891,0.4369545876979828,0.49102288484573364,0.44409099221229553,0.4970063269138336,0.445829838514328,0.4969680607318878,0.42966896295547485,0.5034725666046143,0.43499162793159485,0.5147659182548523,0.44264596700668335,0.5181126594543457,0.44014057517051697,0.5229284763336182,0.4304685890674591,0.5291661024093628,0.43637144565582275,0.5364205837249756,0.4431929290294647,0.5380590558052063,0.4361407160758972,0.5481369495391846,0.43225112557411194,0.5498737096786499,0.43819552659988403,0.5558180809020996,0.44380179047584534,0.5580881237983704
agarrar,15,4,0.4819129407405853,0.5691829919815063,0.476067453622818,0.5208077430725098,0.4616445004940033,0.4940037131309509,0.4469033479690552,0.4926743805408478,0.4356105327606201,0.5053424835205078,0.45371168851852417,0.475080281496048,0.43360424041748047,0.4775318503379822,0.43783682584762573,0.4920908808708191,0.4453220069408417,0.49771246314048767,0.44615471363067627,0.49632617831230164,0.429474413394928,0.5042803287506104,0.43516451120376587,0.5154268145561218,0.44292303919792175,0.5181924700737,0.44057369232177734,0.5223628282546997,0.42981311678886414,0.5286048054695129,0.435987263917923,0.5364683866500854,0.44296324253082275,0.5378883481025696,0.4366314709186554,0.5484788417816162,0.4315829575061798,0.5494131445884705,0.43748903274536133,0.5558115243911743,0.4431431293487549,0.558437168598175
agarrar,15,5,0.479117751121521,0.568965494632721,0.4753721058368683,0.522301971912384,0.46248307824134827,0.4956681430339813,0.4481501579284668,0.493669331073761,0.4365946352481842,0.5049957036972046,0.4529113173484802,0.4751364290714264,0.43339061737060547,0.47552555799484253,0.43541717529296875,0.4917333126068115,0.44191715121269226,0.49897393584251404,0.44508978724479675,0.4956277906894684,0.42871400713920593,0.5039778351783752,0.43361330032348633,0.5167392492294312,0.44138842821121216,0.5206061005592346,0.43949395418167114,0.5212706923484802,0.42921021580696106,0.5299863815307617,0.43526166677474976,0.5388096570968628,0.4425061345100403,0.5408667922019958,0.4355328679084778,0.5468481183052063,0.4314367175102234,0.5523122549057007,0.43744033575057983,0.559097409248352,0.44325095415115356,0.5615713596343994
agarrar,15,6,0.48045843839645386,0.5706128478050232,0.475553035736084,0.5210310816764832,0.4621926546096802,0.4928094744682312,0.44795817136764526,0.49005892872810364,0.4372723400592804,0.5026174187660217,0.4523620903491974,0.4744871258735657,0.43263375759124756,0.4783553183078766,0.43615901470184326,0.4919210970401764,0.4432842433452606,0.4973762631416321,0.44555073976516724,0.496608167886734,0.429272323846817,0.5059980750083923,0.43407055735588074,0.5161577463150024,0.44173166155815125,0.5185898542404175,0.4406053423881531,0.5233599543571472,0.4297672212123871,0.5303246974945068,0.43525421619415283,0.5375425815582275,0.4425421357154846,0.5383787751197815,0.4371228516101837,0.5495307445526123,0.431764155626297,0.5516676306724548,0.43738213181495667,0.5573135018348694,0.44337671995162964,0.5595530867576599
agarrar,15,7,0.47881120443344116,0.5723975300788879,0.4755174517631531,0.5229286551475525,0.46338188648223877,0.49268707633018494,0.44917652010917664,0.4868867099285126,0.437468558549881,0.4958660304546356,0.4522447884082794,0.47683990001678467,0.4332779049873352,0.47817155718803406,0.43637096881866455,0.4929251968860626,0.4430135190486908,0.49889305233955383,0.4447786211967468,0.5001035332679749,0.42968690395355225,0.5072221159934998,0.43488991260528564,0.5188479423522949,0.44221267104148865,0.5225799679756165,0.4393235146999359,0.5268954038619995,0.4300270974636078,0.5334940552711487,0.4359012842178345,0.5415659546852112,0.4426417052745819,0.5434837341308594,0.4354446530342102,0.5518282651901245,0.43114233016967773,0.5549958348274231,0.4368424713611603,0.561186671257019,0.44220641255378723,0.5638523697853088
agarrar,15,8,0.4772040545940399,0.570507287979126,0.473524272441864,0.5202269554138184,0.46126067638397217,0.49189305305480957,0.44731634855270386,0.4879993498325348,0.43579620122909546,0.4990784525871277,0.4506356716156006,0.47722622752189636,0.43206652998924255,0.480098694562912,0.434036523103714,0.49506986141204834,0.44007450342178345,0.5010557770729065,0.44368383288383484,0.4997536540031433,0.4280279874801636,0.5103796124458313,0.4328392744064331,0.5220039486885071,0.4404858946800232,0.5246462821960449,0.4383907914161682,0.5264438986778259,0.4291926324367523,0.5374272465705872,0.43517109751701355,0.5454578399658203,0.44244903326034546,0.546191930770874,0.4345192015171051,0.5517799854278564,0.4308209717273712,0.5585275888442993,0.4364679455757141,0.5645874738693237,0.44202497601509094,0.5665969252586365
agarrar,15,9,0.4764420688152313,0.5722984671592712,0.4728243350982666,0.5231808423995972,0.46041667461395264,0.49622994661331177,0.4475824236869812,0.4937644600868225,0.43693625926971436,0.5043304562568665,0.4498283565044403,0.4788714349269867,0.4310990571975708,0.4797724783420563,0.4327016770839691,0.4945709705352783,0.4387085437774658,0.5006206035614014,0.44238242506980896,0.5016264319419861,0.4270692467689514,0.5098869204521179,0.43132099509239197,0.5220885276794434,0.4389705955982208,0.5257247090339661,0.4373452067375183,0.5289473533630371,0.42780980467796326,0.5373173952102661,0.43335583806037903,0.5455280542373657,0.44073018431663513,0.5473132729530334,0.43391555547714233,0.5555490255355835,0.42939257621765137,0.5600128173828125,0.43505242466926575,0.5653146505355835,0.4414154291152954,0.5672566890716553
agarrar,15,10,0.4756664037704468,0.5720139741897583,0.4714263677597046,0.5242031812667847,0.4587744474411011,0.4971281588077545,0.44536080956459045,0.4948287606239319,0.43451163172721863,0.50632643699646,0.4489075243473053,0.478681743144989,0.4298262894153595,0.4824049770832062,0.4334513545036316,0.4971574544906616,0.44059261679649353,0.5030768513679504,0.4414447247982025,0.5020179748535156,0.4260646402835846,0.5097973346710205,0.43107977509498596,0.5218670964241028,0.43863773345947266,0.5262171030044556,0.43639010190963745,0.5296616554260254,0.4267660081386566,0.536953866481781,0.43253111839294434,0.544762134552002,0.43967774510383606,0.5470547676086426,0.43292781710624695,0.5567531585693359,0.42855510115623474,0.5598797798156738,0.43435797095298767,0.5649464130401611,0.4402613937854767,0.5671836137771606
agarrar,15,11,0.4762304425239563,0.5720690488815308,0.4721415936946869,0.523992657661438,0.45845547318458557,0.4959177076816559,0.44409817457199097,0.49271640181541443,0.4330083131790161,0.5046936869621277,0.44764798879623413,0.4812690317630768,0.4291946291923523,0.48419538140296936,0.43451106548309326,0.4973037838935852,0.4424876570701599,0.5026446580886841,0.4403608739376068,0.5054262280464172,0.425982266664505,0.5121609568595886,0.4319201707839966,0.5221056342124939,0.43966683745384216,0.5259703993797302,0.43550604581832886,0.5328489542007446,0.4267866313457489,0.5376888513565063,0.4326106607913971,0.5439572334289551,0.4393761157989502,0.5461452603340149,0.4324112832546234,0.558722198009491,0.42877891659736633,0.5586841106414795,0.43451258540153503,0.5633535981178284,0.43999630212783813,0.5658713579177856
agarrar,15,12,0.47680994868278503,0.5738879442214966,0.4721986651420593,0.5225887894630432,0.4593384861946106,0.4945865273475647,0.4456002712249756,0.49041998386383057,0.434278279542923,0.5001591444015503,0.44865280389785767,0.4798416495323181,0.4307422637939453,0.48080354928970337,0.4335280656814575,0.4951508343219757,0.4402223229408264,0.5012587308883667,0.4407951533794403,0.5031240582466125,0.4275878667831421,0.5101839900016785,0.432628333568573,0.521500289440155,0.4402848482131958,0.5248569846153259,0.4354337453842163,0.5306215286254883,0.42822137475013733,0.5375323295593262,0.43382108211517334,0.5450222492218018,0.4406256675720215,0.5468834042549133,0.43182888627052307,0.5567583441734314,0.4290447533130646,0.5591505169868469,0.4344389736652374,0.5643318891525269,0.44008663296699524,0.5669423341751099
agarrar,15,13,0.4758334755897522,0.576612651348114,0.47308579087257385,0.526016116142273,0.46101367473602295,0.49523594975471497,0.4466862678527832,0.48922237753868103,0.43485739827156067,0.49835166335105896,0.4489879310131073,0.47975003719329834,0.43031927943229675,0.48068735003471375,0.4345817565917969,0.4945873022079468,0.4419522285461426,0.5002908706665039,0.44126683473587036,0.5033081769943237,0.42691871523857117,0.5092545747756958,0.43266308307647705,0.5202011466026306,0.44007202982902527,0.5238627195358276,0.43578314781188965,0.5300286412239075,0.427297443151474,0.5356748104095459,0.4335491955280304,0.5431063175201416,0.4404217004776001,0.544718861579895,0.4321194291114807,0.5551140308380127,0.4287215769290924,0.557834267616272,0.43482843041419983,0.5632540583610535,0.44031715393066406,0.5654814839363098
agarrar,15,14,0.4748370349407196,0.5739474296569824,0.47179216146469116,0.5234014987945557,0.4598345160484314,0.4939548969268799,0.44591212272644043,0.4886283874511719,0.4346608519554138,0.4975949823856354,0.44827765226364136,0.4795597493648529,0.4306679964065552,0.48038074374198914,0.433835506439209,0.49376851320266724,0.44067126512527466,0.5000454783439636,0.44062545895576477,0.5030466318130493,0.4272385835647583,0.508292019367218,0.4319879114627838,0.5182827711105347,0.4392737150192261,0.5216787457466125,0.43520331382751465,0.5300057530403137,0.42792877554893494,0.5347666144371033,0.4333797097206116,0.541483998298645,0.4399736523628235,0.5433759689331055,0.4315391778945923,0.5554250478744507,0.4291885793209076,0.5567225813865662,0.43462374806404114,0.5618494153022766,0.4398227334022522,0.5645766854286194
agarrar,15,15,0.47545310854911804,0.5743088126182556,0.4721287190914154,0.5239332318305969,0.4599601626396179,0.49492907524108887,0.44608667492866516,0.4897105097770691,0.4348234236240387,0.49947139620780945,0.44860348105430603,0.4791789948940277,0.43054381012916565,0.479905366897583,0.4337819814682007,0.4934940040111542,0.4405933916568756,0.4999501407146454,0.44066834449768066,0.5021929740905762,0.4267006516456604,0.5074736475944519,0.4312317669391632,0.5175977349281311,0.4382532835006714,0.5211377739906311,0.4350963532924652,0.5290678143501282,0.4272933304309845,0.5343142151832581,0.43268728256225586,0.5409815311431885,0.43922996520996094,0.5426284074783325,0.4313393831253052,0.5546793341636658,0.4287887215614319,0.5565104484558105,0.4341830909252167,0.5617426633834839,0.43937477469444275,0.5643755793571472
agarrar,15,16,0.4745233952999115,0.5744836330413818,0.471904456615448,0.5247552990913391,0.45971858501434326,0.4953446388244629,0.4464298486709595,0.49003759026527405,0.4352942705154419,0.4984963536262512,0.4487464427947998,0.47976064682006836,0.4303208291530609,0.48030272126197815,0.4325603246688843,0.4947848320007324,0.43907707929611206,0.5008620023727417,0.4410751461982727,0.5030879974365234,0.4261128306388855,0.5094503164291382,0.43063801527023315,0.5204769968986511,0.4384467601776123,0.523891806602478,0.43529343605041504,0.5302965044975281,0.42671412229537964,0.5372338891029358,0.43223464488983154,0.5445510745048523,0.43952178955078125,0.5460228323936462,0.43117624521255493,0.5558182597160339,0.4280531108379364,0.5586103796958923,0.4333595037460327,0.5642179250717163,0.4389452338218689,0.5670149326324463
agarrar,15,17,0.4743986427783966,0.5752509832382202,0.47258323431015015,0.5254532694816589,0.4604441225528717,0.4955194890499115,0.4466351270675659,0.4904842674732208,0.4353075921535492,0.4980258047580719,0.4489721357822418,0.47920769453048706,0.4309360682964325,0.4796818196773529,0.4324859380722046,0.4944566786289215,0.43867769837379456,0.501384437084198,0.44080838561058044,0.5015237331390381,0.4260551631450653,0.5090603232383728,0.4305095076560974,0.5207768082618713,0.4381890892982483,0.524348258972168,0.4348626136779785,0.5284296870231628,0.4265175461769104,0.5378077626228333,0.4325794577598572,0.545742392539978,0.4401707649230957,0.5468345284461975,0.43082213401794434,0.5541402101516724,0.4282070994377136,0.5604307651519775,0.43407389521598816,0.5661465525627136,0.44002819061279297,0.5681333541870117
agarrar,15,18,0.4738900661468506,0.5760782957077026,0.47197017073631287,0.528637707233429,0.46036478877067566,0.5006728768348694,0.4471784234046936,0.4939860701560974,0.4358407258987427,0.49968940019607544,0.44963356852531433,0.48076948523521423,0.43085208535194397,0.47664615511894226,0.4317891001701355,0.49195927381515503,0.4374498426914215,0.49956539273262024,0.44107773900032043,0.5014849305152893,0.42497289180755615,0.503875195980072,0.4289438724517822,0.5170131325721741,0.43636059761047363,0.5220525860786438,0.4347156286239624,0.5270252823829651,0.42543303966522217,0.532016396522522,0.4306608736515045,0.5412588715553284,0.4374096095561981,0.5446232557296753,0.43011248111724854,0.5524162650108337,0.42641758918762207,0.5548446178436279,0.4318699538707733,0.5613567233085632,0.43748077750205994,0.5644070506095886
agarrar,15,19,0.4747196435928345,0.5768329501152039,0.4727298319339752,0.5285975337028503,0.46041932702064514,0.49992743134498596,0.445743203163147,0.494327574968338,0.4338316023349762,0.5021367073059082,0.45014965534210205,0.48039084672927856,0.43020305037498474,0.4776833653450012,0.43290624022483826,0.4939365088939667,0.4398385286331177,0.5013368725776672,0.4416288137435913,0.5018815398216248,0.4249381124973297,0.5054190158843994,0.4299711287021637,0.5187022089958191,0.4377081096172333,0.5232278108596802,0.435285747051239,0.5276634097099304,0.4255553185939789,0.5337003469467163,0.431321918964386,0.542607843875885,0.43826133012771606,0.5448610782623291,0.4307425916194916,0.5529563426971436,0.42679721117019653,0.5558661818504333,0.43269285559654236,0.5625594258308411,0.4383687674999237,0.5651001334190369
agarrar,16,0,0.479117751121521,0.568965494632721,0.4753721058368683,0.522301971912384,0.46248307824134827,0.4956681430339813,0.4481501579284668,0.493669331073761,0.4365946352481842,0.5049957036972046,0.4529113173484802,0.4751364290714264,0.43339061737060547,0.47552555799484253,0.43541717529296875,0.4917333126068115,0.44191715121269226,0.49897393584251404,0.44508978724479675,0.4956277906894684,0.42871400713920593,0.5039778351783752,0.43361330032348633,0.5167392492294312,0.44138842821121216,0.5206061005592346,0.43949395418167114,0.5212706923484802,0.42921021580696106,0.5299863815307617,0.43526166677474976,0.5388096570968628,0.4425061345100403,0.5408667922019958,0.4355328679084778,0.5468481183052063,0.4314367175102234,0.5523122549057007,0.43744033575057983,0.559097409248352,0.44325095415115356,0.5615713596343994
agarrar,16,1,0.48045843839645386,0.5706128478050232,0.475553035736084,0.5210310816764832,0.4621926546096802,0.4928094744682312,0.44795817136764526,0.49005892872810364,0.4372723400592804,0.5026174187660217,0.4523620903491974,0.4744871258735657,0.43263375759124756,0.4783553183078766,0.43615901470184326,0.4919210970401764,0.4432842433452606,0.4973762631416321,0.44555073976516724,0.496608167886734,0.429272323846817,0.5059980750083923,0.43407055735588074,0.5161577463150024,0.44173166155815125,0.5185898542404175,0.4406053423881531,0.5233599543571472,0.4297672212123871,0.5303246974945068,0.43525421619415283,0.5375425815582275,0.4425421357154846,0.5383787751197815,0.4371228516101837,0.5495307445526123,0.431764155626297,0.5516676306724548,0.43738213181495667,0.5573135018348694,0.44337671995162964,0.5595530867576599
agarrar,16,2,0.47881120443344116,0.5723975300788879,0.4755174517631531,0.5229286551475525,0.46338188648223877,0.49268707633018494,0.44917652010917664,0.4868867099285126,0.437468558549881,0.4958660304546356,0.4522447884082794,0.47683990001678467,0.4332779049873352,0.47817155718803406,0.43637096881866455,0.4929251968860626,0.4430135190486908,0.49889305233955383,0.4447786211967468,0.5001035332679749,0.42968690395355225,0.5072221159934998,0.43488991260528564,0.5188479423522949,0.44221267104148865,0.5225799679756165,0.4393235146999359,0.5268954038619995,0.4300270974636078,0.5334940552711487,0.4359012842178345,0.5415659546852112,0.4426417052745819,0.5434837341308594,0.4354446530342102,0.5518282651901245,0.43114233016967773,0.5549958348274231,0.4368424713611603,0.561186671257019,0.44220641255378723,0.5638523697853088
agarrar,16,3,0.4772040545940399,0.570507287979126,0.473524272441864,0.5202269554138184,0.46126067638397217,0.49189305305480957,0.44731634855270386,0.4879993498325348,0.43579620122909546,0.4990784525871277,0.4506356716156006,0.47722622752189636,0.43206652998924255,0.480098694562912,0.434036523103714,0.49506986141204834,0.44007450342178345,0.5010557770729065,0.44368383288383484,0.4997536540031433,0.4280279874801636,0.5103796124458313,0.4328392744064331,0.5220039486885071,0.4404858946800232,0.5246462821960449,0.4383907914161682,0.5264438986778259,0.4291926324367523,0.5374272465705872,0.43517109751701355,0.5454578399658203,0.44244903326034546,0.546191930770874,0.4345192015171051,0.5517799854278564,0.4308209717273712,0.5585275888442993,0.4364679455757141,0.5645874738693237,0.44202497601509094,0.5665969252586365
agarrar,16,4,0.4764420688152313,0.5722984671592712,0.4728243350982666,0.5231808423995972,0.46041667461395264,0.49622994661331177,0.4475824236869812,0.4937644600868225,0.43693625926971436,0.5043304562568665,0.4498283565044403,0.4788714349269867,0.4310990571975708,0.4797724783420563,0.4327016770839691,0.4945709705352783,0.4387085437774658,0.5006206035614014,0.44238242506980896,0.5016264319419861,0.4270692467689514,0.5098869204521179,0.43132099509239197,0.5220885276794434,0.4389705955982208,0.5257247090339661,0.4373452067375183,0.5289473533630371,0.42780980467796326,0.5373173952102661,0.43335583806037903,0.5455280542373657,0.44073018431663513,0.5473132729530334,0.43391555547714233,0.5555490255355835,0.42939257621765137,0.5600128173828125,0.43505242466926575,0.5653146505355835,0.4414154291152954,0.5672566890716553
agarrar,16,5,0.4756664037704468,0.5720139741897583,0.4714263677597046,0.5242031812667847,0.4587744474411011,0.4971281588077545,0.44536080956459045,0.4948287606239319,0.43451163172721863,0.50632643699646,0.4489075243473053,0.478681743144989,0.4298262894153595,0.4824049770832062,0.4334513545036316,0.4971574544906616,0.44059261679649353,0.5030768513679504,0.4414447247982025,0.5020179748535156,0.4260646402835846,0.5097973346710205,0.43107977509498596,0.5218670964241028,0.43863773345947266,0.5262171030044556,0.43639010190963745,0.5296616554260254,0.4267660081386566,0.536953866481781,0.43253111839294434,0.544762134552002,0.43967774510383606,0.5470547676086426,0.43292781710624695,0.5567531585693359,0.42855510115623474,0.5598797798156738,0.43435797095298767,0.5649464130401611,0.4402613937854767,0.5671836137771606
agarrar,16,6,0.4762304425239563,0.5720690488815308,0.4721415936946869,0.523992657661438,0.45845547318458557,0.4959177076816559,0.44409817457199097,0.49271640181541443,0.4330083131790161,0.5046936869621277,0.44764798879623413,0.4812690317630768,0.4291946291923523,0.48419538140296936,0.43451106548309326,0.4973037838935852,0.4424876570701599,0.5026446580886841,0.4403608739376068,0.5054262280464172,0.425982266664505,0.5121609568595886,0.4319201707839966,0.5221056342124939,0.43966683745384216,0.5259703993797302,0.43550604581832886,0.5328489542007446,0.4267866313457489,0.5376888513565063,0.4326106607913971,0.5439572334289551,0.4393761157989502,0.5461452603340149,0.4324112832546234,0.558722198009491,0.42877891659736633,0.5586841106414795,0.43451258540153503,0.5633535981178284,0.43999630212783813,0.5658713579177856
agarrar,16,7,0.47680994868278503,0.5738879442214966,0.4721986651420593,0.5225887894630432,0.4593384861946106,0.4945865273475647,0.4456002712249756,0.49041998386383057,0.434278279542923,0.5001591444015503,0.44865280389785767,0.4798416495323181,0.4307422637939453,0.48080354928970337,0.4335280656814575,0.4951508343219757,0.4402223229408264,0.5012587308883667,0.4407951533794403,0.5031240582466125,0.4275878667831421,0.5101839900016785,0.432628333568573,0.521500289440155,0.4402848482131958,0.5248569846153259,0.4354337453842163,0.5306215286254883,0.42822137475013733,0.5375323295593262,0.43382108211517334,0.5450222492218018,0.4406256675720215,0.5468834042549133,0.43182888627052307,0.5567583441734314,0.4290447533130646,0.5591505169868469,0.4344389736652374,0.5643318891525269,0.44008663296699524,0.5669423341751099
agarrar,16,8,0.4758334755897522,0.576612651348114,0.47308579087257385,0.526016116142273,0.46101367473602295,0.49523594975471497,0.4466862678527832,0.48922237753868103,0.43485739827156067,0.49835166335105896,0.4489879310131073,0.47975003719329834,0.43031927943229675,0.48068735003471375,0.4345817565917969,0.4945873022079468,0.4419522285461426,0.5002908706665039,0.44126683473587036,0.5033081769943237,0.42691871523857117,0.5092545747756958,0.43266308307647705,0.5202011466026306,0.44007202982902527,0.5238627195358276,0.43578314781188965,0.5300286412239075,0.427297443151474,0.5356748104095459,0.4335491955280304,0.5431063175201416,0.4404217004776001,0.544718861579895,0.4321194291114807,0.5551140308380127,0.4287215769290924,0.557834267616272,0.43482843041419983,0.5632540583610535,0.44031715393066406,0.5654814839363098
agarrar,16,9,0.4748370349407196,0.5739474296569824,0.47179216146469116,0.5234014987945557,0.4598345160484314,0.4939548969268799,0.44591212272644043,0.4886283874511719,0.4346608519554138,0.4975949823856354,0.44827765226364136,0.4795597493648529,0.4306679964065552,0.48038074374198914,0.433835506439209,0.49376851320266724,0.44067126512527466,0.5000454783439636,0.44062545895576477,0.5030466318130493,0.4272385835647583,0.508292019367218,0.4319879114627838,0.5182827711105347,0.4392737150192261,0.5216787457466125,0.43520331382751465,0.5300057530403137,0.42792877554893494,0.5347666144371033,0.4333797097206116,0.541483998298645,0.4399736523628235,0.5433759689331055,0.4315391778945923,0.5554250478744507,0.4291885793209076,0.5567225813865662,0.43462374806404114,0.5618494153022766,0.4398227334022522,0.5645766854286194
agarrar,16,10,0.47545310854911804,0.5743088126182556,0.4721287190914154,0.5239332318305969,0.4599601626396179,0.49492907524108887,0.44608667492866516,0.4897105097770691,0.4348234236240387,0.49947139620780945,0.44860348105430603,0.4791789948940277,0.43054381012916565,0.479905366897583,0.4337819814682007,0.4934940040111542,0.4405933916568756,0.4999501407146454,0.44066834449768066,0.5021929740905762,0.4267006516456604,0.5074736475944519,0.4312317669391632,0.5175977349281311,0.4382532835006714,0.5211377739906311,0.4350963532924652,0.5290678143501282,0.4272933304309845,0.5343142151832581,0.43268728256225586,0.5409815311431885,0.43922996520996094,0.5426284074783325,0.4313393831253052,0.5546793341636658,0.4287887215614319,0.5565104484558105,0.4341830909252167,0.5617426633834839,0.43937477469444275,0.5643755793571472
agarrar,16,11,0.4745233952999115,0.5744836330413818,0.471904456615448,0.5247552990913391,0.45971858501434326,0.4953446388244629,0.4464298486709595,0.49003759026527405,0.4352942705154419,0.4984963536262512,0.4487464427947998,0.47976064682006836,0.4303208291530609,0.48030272126197815,0.4325603246688843,0.4947848320007324,0.43907707929611206,0.5008620023727417,0.4410751461982727,0.5030879974365234,0.4261128306388855,0.5094503164291382,0.43063801527023315,0.5204769968986511,0.4384467601776123,0.523891806602478,0.43529343605041504,0.5302965044975281,0.42671412229537964,0.5372338891029358,0.43223464488983154,0.5445510745048523,0.43952178955078125,0.5460228323936462,0.43117624521255493,0.5558182597160339,0.4280531108379364,0.5586103796958923,0.4333595037460327,0.5642179250717163,0.4389452338218689,0.5670149326324463
agarrar,16,12,0.4743986427783966,0.5752509832382202,0.47258323431015015,0.5254532694816589,0.4604441225528717,0.4955194890499115,0.4466351270675659,0.4904842674732208,0.4353075921535492,0.4980258047580719,0.4489721357822418,0.47920769453048706,0.4309360682964325,0.4796818196773529,0.4324859380722046,0.4944566786289215,0.43867769837379456,0.501384437084198,0.44080838561058044,0.5015237331390381,0.4260551631450653,0.5090603232383728,0.4305095076560974,0.5207768082618713,0.4381890892982483,0.524348258972168,0.4348626136779785,0.5284296870231628,0.4265175461769104,0.5378077626228333,0.4325794577598572,0.545742392539978,0.4401707649230957,0.5468345284461975,0.43082213401794434,0.5541402101516724,0.4282070994377136,0.5604307651519775,0.43407389521598816,0.5661465525627136,0.44002819061279297,0.5681333541870117
agarrar,16,13,0.4738900661468506,0.5760782957077026,0.47197017073631287,0.528637707233429,0.46036478877067566,0.5006728768348694,0.4471784234046936,0.4939860701560974,0.4358407258987427,0.49968940019607544,0.44963356852531433,0.48076948523521423,0.43085208535194397,0.47664615511894226,0.4317891001701355,0.49195927381515503,0.4374498426914215,0.49956539273262024,0.44107773900032043,0.5014849305152893,0.42497289180755615,0.503875195980072,0.4289438724517822,0.5170131325721741,0.43636059761047363,0.5220525860786438,0.4347156286239624,0.5270252823829651,0.42543303966522217,0.532016396522522,0.4306608736515045,0.5412588715553284,0.4374096095561981,0.5446232557296753,0.43011248111724854,0.5524162650108337,0.42641758918762207,0.5548446178436279,0.4318699538707733,0.5613567233085632,0.43748077750205994,0.5644070506095886
agarrar,16,14,0.4747196435928345,0.5768329501152039,0.4727298319339752,0.5285975337028503,0.46041932702064514,0.49992743134498596,0.445743203163147,0.494327574968338,0.4338316023349762,0.5021367073059082,0.45014965534210205,0.48039084672927856,0.43020305037498474,0.4776833653450012,0.43290624022483826,0.4939365088939667,0.4398385286331177,0.5013368725776672,0.4416288137435913,0.5018815398216248,0.4249381124973297,0.5054190158843994,0.4299711287021637,0.5187022089958191,0.4377081096172333,0.5232278108596802,0.435285747051239,0.5276634097099304,0.4255553185939789,0.5337003469467163,0.431321918964386,0.542607843875885,0.43826133012771606,0.5448610782623291,0.4307425916194916,0.5529563426971436,0.42679721117019653,0.5558661818504333,0.43269285559654236,0.5625594258308411,0.4383687674999237,0.5651001334190369
agarrar,16,15,0.47650325298309326,0.5780412554740906,0.4734477400779724,0.5312111973762512,0.4609248638153076,0.5035362839698792,0.4471423327922821,0.49731481075286865,0.4355418384075165,0.5034674406051636,0.45243537425994873,0.4817873239517212,0.4316476285457611,0.4743349850177765,0.43328872323036194,0.4912096858024597,0.43989497423171997,0.4987042248249054,0.443589985370636,0.50276118516922,0.42564260959625244,0.5014853477478027,0.4298774003982544,0.5158186554908752,0.43784141540527344,0.5206671953201294,0.4366673529148102,0.5276255011558533,0.42622238397598267,0.53225177526474,0.4316983222961426,0.5416641235351562,0.43894001841545105,0.5435433983802795,0.43153178691864014,0.552225649356842,0.42696860432624817,0.5549370050430298,0.4329064190387726,0.5621418952941895,0.4392578899860382,0.5641447305679321
agarrar,16,16,0.47895246744155884,0.5797375440597534,0.4745934009552002,0.5334489345550537,0.46152105927467346,0.5035192966461182,0.4478233754634857,0.49743542075157166,0.4363221228122711,0.5055444836616516,0.45442506670951843,0.480640709400177,0.43276289105415344,0.473441481590271,0.43456581234931946,0.4908490478992462,0.44144847989082336,0.4985637664794922,0.4453889727592468,0.49984192848205566,0.42534199357032776,0.499508798122406,0.42988651990890503,0.5145882368087769,0.43826380372047424,0.5189658403396606,0.43788430094718933,0.5235013961791992,0.42513203620910645,0.5288351774215698,0.4310714602470398,0.5392611026763916,0.4387815296649933,0.5409191846847534,0.43205365538597107,0.5475324392318726,0.42618313431739807,0.5495027899742126,0.43223148584365845,0.5577442646026611,0.4387134611606598,0.5599073767662048
agarrar,16,17,0.481695294380188,0.5776023268699646,0.47607097029685974,0.5349043011665344,0.461459755897522,0.5064200162887573,0.44606655836105347,0.4997141659259796,0.4337276518344879,0.5048768520355225,0.45802995562553406,0.48324328660964966,0.43428662419319153,0.4684605300426483,0.43591412901878357,0.4871760606765747,0.4433518648147583,0.496320515871048,0.44893282651901245,0.5030137300491333,0.42657217383384705,0.4944714307785034,0.4306807219982147,0.5118153691291809,0.43931901454925537,0.5171427130699158,0.4408300220966339,0.5259064435958862,0.42615967988967896,0.5269426107406616,0.4318290650844574,0.5391610860824585,0.4397121071815491,0.5407652258872986,0.43439051508903503,0.549390435218811,0.4262171983718872,0.5478085279464722,0.43188926577568054,0.558000922203064,0.4386603832244873,0.5607856512069702
agarrar,16,18,0.4828290343284607,0.5765153169631958,0.4781832695007324,0.5342932939529419,0.4639292359352112,0.5055800080299377,0.4475092887878418,0.4962436854839325,0.4341241717338562,0.4986570179462433,0.4601081907749176,0.48445838689804077,0.4356970191001892,0.46796470880508423,0.437882661819458,0.4839845895767212,0.4454890191555023,0.49299752712249756,0.45075109601020813,0.5051644444465637,0.4275740385055542,0.49228692054748535,0.4319002628326416,0.5065897107124329,0.44045349955558777,0.5129343271255493,0.4423861801624298,0.5284806489944458,0.4268842339515686,0.5239075422286987,0.4328988194465637,0.5340394377708435,0.44031575322151184,0.5372670888900757,0.43571704626083374,0.5523265600204468,0.42691221833229065,0.5456699728965759,0.4330900013446808,0.5544082522392273,0.4396688640117645,0.5576908588409424
agarrar,16,19,0.4882703423500061,0.5781529545783997,0.4824535548686981,0.5381643176078796,0.465430349111557,0.5064272284507751,0.4456532597541809,0.4955066442489624,0.43105918169021606,0.49466827511787415,0.46431195735931396,0.48459771275520325,0.4376138150691986,0.4710499048233032,0.4389587938785553,0.4876788854598999,0.44627606868743896,0.49527788162231445,0.4560834765434265,0.505746066570282,0.4296821057796478,0.49326783418655396,0.43363282084465027,0.5092682838439941,0.44214746356010437,0.5163410902023315,0.44854649901390076,0.5293680429458618,0.4279497563838959,0.524663507938385,0.43362265825271606,0.5361717343330383,0.4415426254272461,0.5396933555603027,0.44227543473243713,0.5536747574806213,0.4289109706878662,0.547909140586853,0.4350042939186096,0.5573773980140686,0.4421720504760742,0.5606520175933838
agarrar,17,0,0.4756664037704468,0.5720139741897583,0.4714263677597046,0.5242031812667847,0.4587744474411011,0.4971281588077545,0.44536080956459045,0.4948287606239319,0.43451163172721863,0.50632643699646,0.4489075243473053,0.478681743144989,0.4298262894153595,0.4824049770832062,0.4334513545036316,0.4971574544906616,0.44059261679649353,0.5030768513679504,0.4414447247982025,0.5020179748535156,0.4260646402835846,0.5097973346710205,0.43107977509498596,0.5218670964241028,0.43863773345947266,0.5262171030044556,0.43639010190963745,0.5296616554260254,0.4267660081386566,0.536953866481781,0.43253111839294434,0.544762134552002,0.43967774510383606,0.5470547676086426,0.43292781710624695,0.5567531585693359,0.42855510115623474,0.5598797798156738,0.43435797095298767,0.5649464130401611,0.4402613937854767,0.5671836137771606
agarrar,17,1,0.4762304425239563,0.5720690488815308,0.4721415936946869,0.523992657661438,0.45845547318458557,0.4959177076816559,0.44409817457199097,0.49271640181541443,0.4330083131790161,0.5046936869621277,0.44764798879623413,0.4812690317630768,0.4291946291923523,0.48419538140296936,0.43451106548309326,0.4973037838935852,0.4424876570701599,0.5026446580886841,0.4403608739376068,0.5054262280464172,0.425982266664505,0.5121609568595886,0.4319201707839966,0.5221056342124939,0.43966683745384216,0.5259703993797302,0.43550604581832886,0.5328489542007446,0.4267866313457489,0.5376888513565063,0.4326106607913971,0.5439572334289551,0.4393761157989502,0.5461452603340149,0.4324112832546234,0.558722198009491,0.42877891659736633,0.5586841106414795,0.43451258540153503,0.5633535981178284,0.43999630212783813,0.5658713579177856
agarrar,17,2,0.47680994868278503,0.5738879442214966,0.4721986651420593,0.5225887894630432,0.4593384861946106,0.4945865273475647,0.4456002712249756,0.49041998386383057,0.434278279542923,0.5001591444015503,0.44865280389785767,0.4798416495323181,0.4307422637939453,0.48080354928970337,0.4335280656814575,0.4951508343219757,0.4402223229408264,0.5012587308883667,0.4407951533794403,0.5031240582466125,0.4275878667831421,0.5101839900016785,0.432628333568573,0.521500289440155,0.4402848482131958,0.5248569846153259,0.4354337453842163,0.5306215286254883,0.42822137475013733,0.5375323295593262,0.43382108211517334,0.5450222492218018,0.4406256675720215,0.5468834042549133,0.43182888627052307,0.5567583441734314,0.4290447533130646,0.5591505169868469,0.4344389736652374,0.5643318891525269,0.44008663296699524,0.5669423341751099
agarrar,17,3,0.4758334755897522,0.576612651348114,0.47308579087257385,0.526016116142273,0.46101367473602295,0.49523594975471497,0.4466862678527832,0.48922237753868103,0.43485739827156067,0.49835166335105896,0.4489879310131073,0.47975003719329834,0.43031927943229675,0.48068735003471375,0.4345817565917969,0.4945873022079468,0.4419522285461426,0.5002908706665039,0.44126683473587036,0.5033081769943237,0.42691871523857117,0.5092545747756958,0.43266308307647705,0.5202011466026306,0.44007202982902527,0.5238627195358276,0.43578314781188965,0.5300286412239075,0.427297443151474,0.5356748104095459,0.4335491955280304,0.5431063175201416,0.4404217004776001,0.544718861579895,0.4321194291114807,0.5551140308380127,0.4287215769290924,0.557834267616272,0.43482843041419983,0.5632540583610535,0.44031715393066406,0.5654814839363098
agarrar,17,4,0.4748370349407196,0.5739474296569824,0.47179216146469116,0.5234014987945557,0.4598345160484314,0.4939548969268799,0.44591212272644043,0.4886283874511719,0.4346608519554138,0.4975949823856354,0.44827765226364136,0.4795597493648529,0.4306679964065552,0.48038074374198914,0.433835506439209,0.49376851320266724,0.44067126512527466,0.5000454783439636,0.44062545895576477,0.5030466318130493,0.4272385835647583,0.508292019367218,0.4319879114627838,0.5182827711105347,0.4392737150192261,0.5216787457466125,0.43520331382751465,0.5300057530403137,0.42792877554893494,0.5347666144371033,0.4333797097206116,0.541483998298645,0.4399736523628235,0.5433759689331055,0.4315391778945923,0.5554250478744507,0.4291885793209076,0.5567225813865662,0.43462374806404114,0.5618494153022766,0.4398227334022522,0.5645766854286194
agarrar,17,5,0.47545310854911804,0.5743088126182556,0.4721287190914154,0.5239332318305969,0.4599601626396179,0.49492907524108887,0.44608667492866516,0.4897105097770691,0.4348234236240387,0.49947139620780945,0.44860348105430603,0.4791789948940277,0.43054381012916565,0.479905366897583,0.4337819814682007,0.4934940040111542,0.4405933916568756,0.4999501407146454,0.44066834449768066,0.5021929740905762,0.4267006516456604,0.5074736475944519,0.4312317669391632,0.5175977349281311,0.4382532835006714,0.5211377739906311,0.4350963532924652,0.5290678143501282,0.4272933304309845,0.5343142151832581,0.43268728256225586,0.5409815311431885,0.43922996520996094,0.5426284074783325,0.4313393831253052,0.5546793341636658,0.4287887215614319,0.5565104484558105,0.4341830909252167,0.5617426633834839,0.43937477469444275,0.5643755793571472
agarrar,17,6,0.4745233952999115,0.5744836330413818,0.471904456615448,0.5247552990913391,0.45971858501434326,0.4953446388244629,0.4464298486709595,0.49003759026527405,0.4352942705154419,0.4984963536262512,0.4487464427947998,0.47976064682006836,0.4303208291530609,0.48030272126197815,0.4325603246688843,0.4947848320007324,0.43907707929611206,0.5008620023727417,0.4410751461982727,0.5030879974365234,0.4261128306388855,0.5094503164291382,0.43063801527023315,0.5204769968986511,0.4384467601776123,0.523891806602478,0.43529343605041504,0.5302965044975281,0.42671412229537964,0.5372338891029358,0.43223464488983154,0.5445510745048523,0.43952178955078125,0.5460228323936462,0.43117624521255493,0.5558182597160339,0.4280531108379364,0.5586103796958923,0.4333595037460327,0.5642179250717163,0.4389452338218689,0.5670149326324463
agarrar,17,7,0.4743986427783966,0.5752509832382202,0.47258323431015015,0.5254532694816589,0.4604441225528717,0.4955194890499115,0.4466351270675659,0.4904842674732208,0.4353075921535492,0.4980258047580719,0.4489721357822418,0.47920769453048706,0.4309360682964325,0.4796818196773529,0.4324859380722046,0.4944566786289215,0.43867769837379456,0.501384437084198,0.44080838561058044,0.5015237331390381,0.4260551631450653,0.5090603232383728,0.4305095076560974,0.5207768082618713,0.4381890892982483,0.524348258972168,0.4348626136779785,0.5284296870231628,0.4265175461769104,0.5378077626228333,0.4325794577598572,0.545742392539978,0.4401707649230957,0.5468345284461975,0.43082213401794434,0.5541402101516724,0.4282070994377136,0.5604307651519775,0.43407389521598816,0.5661465525627136,0.44002819061279297,0.5681333541870117
agarrar,17,8,0.4738900661468506,0.5760782957077026,0.47197017073631287,0.528637707233429,0.46036478877067566,0.5006728768348694,0.4471784234046936,0.4939860701560974,0.4358407258987427,0.49968940019607544,0.44963356852531433,0.48076948523521423,0.43085208535194397,0.47664615511894226,0.4317891001701355,0.49195927381515503,0.4374498426914215,0.49956539273262024,0.44107773900032043,0.5014849305152893,0.42497289180755615,0.503875195980072,0.4289438724517822,0.5170131325721741,0.43636059761047363,0.5220525860786438,0.4347156286239624,0.5270252823829651,0.42543303966522217,0.532016396522522,0.4306608736515045,0.5412588715553284,0.4374096095561981,0.5446232557296753,0.43011248111724854,0.5524162650108337,0.42641758918762207,0.5548446178436279,0.4318699538707733,0.5613567233085632,0.43748077750205994,0.5644070506095886
agarrar,17,9,0.4747196435928345,0.5768329501152039,0.4727298319339752,0.5285975337028503,0.46041932702064514,0.49992743134498596,0.445743203163147,0.494327574968338,0.4338316023349762,0.5021367073059082,0.45014965534210205,0.48039084672927856,0.43020305037498474,0.4776833653450012,0.43290624022483826,0.4939365088939667,0.4398385286331177,0.5013368725776672,0.4416288137435913,0.5018815398216248,0.4249381124973297,0.5054190158843994,0.4299711287021637,0.5187022089958191,0.4377081096172333,0.5232278108596802,0.435285747051239,0.5276634097099304,0.4255553185939789,0.5337003469467163,0.431321918964386,0.542607843875885,0.43826133012771606,0.5448610782623291,0.4307425916194916,0.5529563426971436,0.42679721117019653,0.5558661818504333,0.43269285559654236,0.5625594258308411,0.4383687674999237,0.5651001334190369
agarrar,17,10,0.47650325298309326,0.5780412554740906,0.4734477400779724,0.5312111973762512,0.4609248638153076,0.5035362839698792,0.4471423327922821,0.49731481075286865,0.4355418384075165,0.5034674406051636,0.45243537425994873,0.4817873239517212,0.4316476285457611,0.4743349850177765,0.43328872323036194,0.4912096858024597,0.43989497423171997,0.4987042248249054,0.443589985370636,0.50276118516922,0.42564260959625244,0.5014853477478027,0.4298774003982544,0.5158186554908752,0.43784141540527344,0.5206671953201294,0.4366673529148102,0.5276255011558533,0.42622238397598267,0.53225177526474,0.4316983222961426,0.5416641235351562,0.43894001841545105,0.5435433983802795,0.43153178691864014,0.552225649356842,0.42696860432624817,0.5549370050430298,0.4329064190387726,0.5621418952941895,0.4392578899860382,0.5641447305679321
agarrar,17,11,0.47895246744155884,0.5797375440597534,0.4745934009552002,0.5334489345550537,0.46152105927467346,0.5035192966461182,0.4478233754634857,0.49743542075157166,0.4363221228122711,0.5055444836616516,0.45442506670951843,0.480640709400177,0.43276289105415344,0.473441481590271,0.43456581234931946,0.4908490478992462,0.44144847989082336,0.4985637664794922,0.4453889727592468,0.49984192848205566,0.42534199357032776,0.499508798122406,0.42988651990890503,0.5145882368087769,0.43826380372047424,0.5189658403396606,0.43788430094718933,0.5235013961791992,0.42513203620910645,0.5288351774215698,0.4310714602470398,0.5392611026763916,0.4387815296649933,0.5409191846847534,0.43205365538597107,0.5475324392318726,0.42618313431739807,0.5495027899742126,0.43223148584365845,0.5577442646026611,0.4387134611606598,0.5599073767662048
agarrar,17,12,0.481695294380188,0.5776023268699646,0.47607097029685974,0.5349043011665344,0.461459755897522,0.5064200162887573,0.44606655836105347,0.4997141659259796,0.4337276518344879,0.5048768520355225,0.45802995562553406,0.48324328660964966,0.43428662419319153,0.4684605300426483,0.43591412901878357,0.4871760606765747,0.4433518648147583,0.496320515871048,0.44893282651901245,0.5030137300491333,0.42657217383384705,0.4944714307785034,0.4306807219982147,0.5118153691291809,0.43931901454925537,0.5171427130699158,0.4408300220966339,0.5259064435958862,0.42615967988967896,0.5269426107406616,0.4318290650844574,0.5391610860824585,0.4397121071815491,0.5407652258872986,0.43439051508903503,0.549390435218811,0.4262171983718872,0.5478085279464722,0.43188926577568054,0.558000922203064,0.4386603832244873,0.5607856512069702
agarrar,17,13,0.4828290343284607,0.5765153169631958,0.4781832695007324,0.5342932939529419,0.4639292359352112,0.5055800080299377,0.4475092887878418,0.4962436854839325,0.4341241717338562,0.4986570179462433,0.4601081907749176,0.48445838689804077,0.4356970191001892,0.46796470880508423,0.437882661819458,0.4839845895767212,0.4454890191555023,0.49299752712249756,0.45075109601020813,0.5051644444465637,0.4275740385055542,0.49228692054748535,0.4319002628326416,0.5065897107124329,0.44045349955558777,0.5129343271255493,0.4423861801624298,0.5284806489944458,0.4268842339515686,0.5239075422286987,0.4328988194465637,0.5340394377708435,0.44031575322151184,0.5372670888900757,0.43571704626083374,0.5523265600204468,0.42691221833229065,0.5456699728965759,0.4330900013446808,0.5544082522392273,0.4396688640117645,0.5576908588409424
agarrar,17,14,0.4882703423500061,0.5781529545783997,0.4824535548686981,0.5381643176078796,0.465430349111557,0.5064272284507751,0.4456532597541809,0.4955066442489624,0.43105918169021606,0.49466827511787415,0.46431195735931396,0.48459771275520325,0.4376138150691986,0.4710499048233032,0.4389587938785553,0.4876788854598999,0.44627606868743896,0.49527788162231445,0.4560834765434265,0.505746066570282,0.4296821057796478,0.49326783418655396,0.43363282084465027,0.5092682838439941,0.44214746356010437,0.5163410902023315,0.44854649901390076,0.5293680429458618,0.4279497563838959,0.524663507938385,0.43362265825271606,0.5361717343330383,0.4415426254272461,0.5396933555603027,0.44227543473243713,0.5536747574806213,0.4289109706878662,0.547909140586853,0.4350042939186096,0.5573773980140686,0.4421720504760742,0.5606520175933838
agarrar,17,15,0.49477407336235046,0.5822908878326416,0.4866597056388855,0.5388778448104858,0.4688306450843811,0.5061566829681396,0.4479978680610657,0.4919761121273041,0.43246304988861084,0.4881967604160309,0.46869534254074097,0.4857251048088074,0.4399104118347168,0.4697587788105011,0.4409479796886444,0.4877391755580902,0.4487186670303345,0.49664151668548584,0.46117275953292847,0.5079501867294312,0.4330591559410095,0.4938834011554718,0.43630450963974,0.5097550749778748,0.44489720463752747,0.5165970325469971,0.45421314239501953,0.5327504873275757,0.43214893341064453,0.5249814391136169,0.4371618628501892,0.5367637872695923,0.44508054852485657,0.5408849120140076,0.4485652446746826,0.5570915937423706,0.4326893389225006,0.546872079372406,0.437942773103714,0.5562288761138916,0.44516077637672424,0.5606157183647156
agarrar,17,16,0.50053471326828,0.5823625326156616,0.4914546310901642,0.5411663055419922,0.47015875577926636,0.5084550380706787,0.446555495262146,0.495792031288147,0.4313303232192993,0.4886438250541687,0.47334691882133484,0.48867353796958923,0.4435449242591858,0.47134721279144287,0.44414493441581726,0.4907152056694031,0.45186442136764526,0.5009766221046448,0.46682801842689514,0.5116998553276062,0.4365518093109131,0.49777257442474365,0.44049331545829773,0.5144733786582947,0.44952598214149475,0.5210410356521606,0.4604072868824005,0.5368046760559082,0.43508702516555786,0.5285742282867432,0.44108396768569946,0.5405967831611633,0.4500000774860382,0.5440409183502197,0.4550074636936188,0.5614458918571472,0.436567485332489,0.5534636974334717,0.4425785541534424,0.5623269081115723,0.4505508840084076,0.5652499198913574
agarrar,17,17,0.5079874396324158,0.5888048410415649,0.49881336092948914,0.5484613180160522,0.47767937183380127,0.5121861696243286,0.453830748796463,0.49510645866394043,0.43771564960479736,0.4858350455760956,0.47883009910583496,0.491485059261322,0.44842463731765747,0.47550705075263977,0.4498444199562073,0.49326950311660767,0.45818695425987244,0.5008528828620911,0.4732697606086731,0.5148749351501465,0.44203123450279236,0.49997150897979736,0.4462181329727173,0.5158032774925232,0.45507532358169556,0.5226405262947083,0.4679490029811859,0.5401386022567749,0.4403393268585205,0.5311926603317261,0.4466549754142761,0.5429776906967163,0.45600926876068115,0.5463280081748962,0.46405941247940063,0.5649126768112183,0.4432806074619293,0.5562705397605896,0.4495052695274353,0.5645122528076172,0.45823854207992554,0.5670917630195618
agarrar,17,18,0.5088817477226257,0.5873985290527344,0.5040452480316162,0.549619197845459,0.4838743507862091,0.5157530903816223,0.4590880870819092,0.49848026037216187,0.4415108263492584,0.4919930696487427,0.48752450942993164,0.48962992429733276,0.4542343020439148,0.47415316104888916,0.454418808221817,0.4949089288711548,0.463431715965271,0.5032054781913757,0.4836922287940979,0.5147911310195923,0.44733381271362305,0.502569854259491,0.4514104723930359,0.5191256403923035,0.46124041080474854,0.5251961350440979,0.4793223440647125,0.5407211184501648,0.44739967584609985,0.5351673364639282,0.4548030197620392,0.5472955703735352,0.4651015102863312,0.5495851635932922,0.4758398234844208,0.5647169947624207,0.45135682821273804,0.5580876469612122,0.4575188159942627,0.5678046345710754,0.467051237821579,0.5714592933654785
agarrar,17,19,0.5022833943367004,0.5735613107681274,0.5029998421669006,0.5280442237854004,0.5135394334793091,0.49456825852394104,0.5272777080535889,0.47978436946868896,0.5387003421783447,0.478005588054657,0.5312232375144958,0.4743174612522125,0.5571732521057129,0.46687665581703186,0.5541426539421082,0.47908809781074524,0.5446589589118958,0.48754292726516724,0.5377146005630493,0.49383780360221863,0.56155925989151,0.49384671449661255,0.5560768246650696,0.5047951340675354,0.5467303395271301,0.5097212195396423,0.542616605758667,0.5179858207702637,0.5624275803565979,0.5198459029197693,0.5561131834983826,0.5285734534263611,0.5469844937324524,0.5317069292068481,0.5452977418899536,0.54327392578125,0.5611761808395386,0.542261004447937,0.5544863939285278,0.548641562461853,0.5457247495651245,0.5517985224723816
agarrar,18,0,0.47545310854911804,0.5743088126182556,0.4721287190914154,0.5239332318305969,0.4599601626396179,0.49492907524108887,0.44608667492866516,0.4897105097770691,0.4348234236240387,0.49947139620780945,0.44860348105430603,0.4791789948940277,0.43054381012916565,0.479905366897583,0.4337819814682007,0.4934940040111542,0.4405933916568756,0.4999501407146454,0.44066834449768066,0.5021929740905762,0.4267006516456604,0.5074736475944519,0.4312317669391632,0.5175977349281311,0.4382532835006714,0.5211377739906311,0.4350963532924652,0.5290678143501282,0.4272933304309845,0.5343142151832581,0.43268728256225586,0.5409815311431885,0.43922996520996094,0.5426284074783325,0.4313393831253052,0.5546793341636658,0.4287887215614319,0.5565104484558105,0.4341830909252167,0.5617426633834839,0.43937477469444275,0.5643755793571472
agarrar,18,1,0.4745233952999115,0.5744836330413818,0.471904456615448,0.5247552990913391,0.45971858501434326,0.4953446388244629,0.4464298486709595,0.49003759026527405,0.4352942705154419,0.4984963536262512,0.4487464427947998,0.47976064682006836,0.4303208291530609,0.48030272126197815,0.4325603246688843,0.4947848320007324,0.43907707929611206,0.5008620023727417,0.4410751461982727,0.5030879974365234,0.4261128306388855,0.5094503164291382,0.43063801527023315,0.5204769968986511,0.4384467601776123,0.523891806602478,0.43529343605041504,0.5302965044975281,0.42671412229537964,0.5372338891029358,0.43223464488983154,0.5445510745048523,0.43952178955078125,0.5460228323936462,0.43117624521255493,0.5558182597160339,0.4280531108379364,0.5586103796958923,0.4333595037460327,0.5642179250717163,0.4389452338218689,0.5670149326324463
agarrar,18,2,0.4743986427783966,0.5752509832382202,0.47258323431015015,0.5254532694816589,0.4604441225528717,0.4955194890499115,0.4466351270675659,0.4904842674732208,0.4353075921535492,0.4980258047580719,0.4489721357822418,0.47920769453048706,0.4309360682964325,0.4796818196773529,0.4324859380722046,0.4944566786289215,0.43867769837379456,0.501384437084198,0.44080838561058044,0.5015237331390381,0.4260551631450653,0.5090603232383728,0.4305095076560974,0.5207768082618713,0.4381890892982483,0.524348258972168,0.4348626136779785,0.5284296870231628,0.4265175461769104,0.5378077626228333,0.4325794577598572,0.545742392539978,0.4401707649230957,0.5468345284461975,0.43082213401794434,0.5541402101516724,0.4282070994377136,0.5604307651519775,0.43407389521598816,0.5661465525627136,0.44002819061279297,0.5681333541870117
agarrar,18,3,0.4738900661468506,0.5760782957077026,0.47197017073631287,0.528637707233429,0.46036478877067566,0.5006728768348694,0.4471784234046936,0.4939860701560974,0.4358407258987427,0.49968940019607544,0.44963356852531433,0.48076948523521423,0.43085208535194397,0.47664615511894226,0.4317891001701355,0.49195927381515503,0.4374498426914215,0.49956539273262024,0.44107773900032043,0.5014849305152893,0.42497289180755615,0.503875195980072,0.4289438724517822,0.5170131325721741,0.43636059761047363,0.5220525860786438,0.4347156286239624,0.5270252823829651,0.42543303966522217,0.532016396522522,0.4306608736515045,0.5412588715553284,0.4374096095561981,0.5446232557296753,0.43011248111724854,0.5524162650108337,0.42641758918762207,0.5548446178436279,0.4318699538707733,0.5613567233085632,0.43748077750205994,0.5644070506095886
agarrar,18,4,0.4747196435928345,0.5768329501152039,0.4727298319339752,0.5285975337028503,0.46041932702064514,0.49992743134498596,0.445743203163147,0.494327574968338,0.4338316023349762,0.5021367073059082,0.45014965534210205,0.48039084672927856,0.43020305037498474,0.4776833653450012,0.43290624022483826,0.4939365088939667,0.4398385286331177,0.5013368725776672,0.4416288137435913,0.5018815398216248,0.4249381124973297,0.5054190158843994,0.4299711287021637,0.5187022089958191,0.4377081096172333,0.5232278108596802,0.435285747051239,0.5276634097099304,0.4255553185939789,0.5337003469467163,0.431321918964386,0.542607843875885,0.43826133012771606,0.5448610782623291,0.4307425916194916,0.5529563426971436,0.42679721117019653,0.5558661818504333,0.43269285559654236,0.5625594258308411,0.4383687674999237,0.5651001334190369
agarrar,18,5,0.47650325298309326,0.5780412554740906,0.4734477400779724,0.5312111973762512,0.4609248638153076,0.5035362839698792,0.4471423327922821,0.49731481075286865,0.4355418384075165,0.5034674406051636,0.45243537425994873,0.4817873239517212,0.4316476285457611,0.4743349850177765,0.43328872323036194,0.4912096858024597,0.43989497423171997,0.4987042248249054,0.443589985370636,0.50276118516922,0.42564260959625244,0.5014853477478027,0.4298774003982544,0.5158186554908752,0.43784141540527344,0.5206671953201294,0.4366673529148102,0.5276255011558533,0.42622238397598267,0.53225177526474,0.4316983222961426,0.5416641235351562,0.43894001841545105,0.5435433983802795,0.43153178691864014,0.552225649356842,0.42696860432624817,0.5549370050430298,0.4329064190387726,0.5621418952941895,0.4392578899860382,0.5641447305679321
agarrar,18,6,0.47895246744155884,0.5797375440597534,0.4745934009552002,0.5334489345550537,0.46152105927467346,0.5035192966461182,0.4478233754634857,0.49743542075157166,0.4363221228122711,0.5055444836616516,0.45442506670951843,0.480640709400177,0.43276289105415344,0.473441481590271,0.43456581234931946,0.4908490478992462,0.44144847989082336,0.4985637664794922,0.4453889727592468,0.49984192848205566,0.42534199357032776,0.499508798122406,0.42988651990890503,0.5145882368087769,0.43826380372047424,0.5189658403396606,0.43788430094718933,0.5235013961791992,0.42513203620910645,0.5288351774215698,0.4310714602470398,0.5392611026763916,0.4387815296649933,0.5409191846847534,0.43205365538597107,0.5475324392318726,0.42618313431739807,0.5495027899742126,0.43223148584365845,0.5577442646026611,0.4387134611606598,0.5599073767662048
agarrar,18,7,0.481695294380188,0.5776023268699646,0.47607097029685974,0.5349043011665344,0.461459755897522,0.5064200162887573,0.44606655836105347,0.4997141659259796,0.4337276518344879,0.5048768520355225,0.45802995562553406,0.48324328660964966,0.43428662419319153,0.4684605300426483,0.43591412901878357,0.4871760606765747,0.4433518648147583,0.496320515871048,0.44893282651901245,0.5030137300491333,0.42657217383384705,0.4944714307785034,0.4306807219982147,0.5118153691291809,0.43931901454925537,0.5171427130699158,0.4408300220966339,0.5259064435958862,0.42615967988967896,0.5269426107406616,0.4318290650844574,0.5391610860824585,0.4397121071815491,0.5407652258872986,0.43439051508903503,0.549390435218811,0.4262171983718872,0.5478085279464722,0.43188926577568054,0.558000922203064,0.4386603832244873,0.5607856512069702
agarrar,18,8,0.4828290343284607,0.5765153169631958,0.4781832695007324,0.5342932939529419,0.4639292359352112,0.5055800080299377,0.4475092887878418,0.4962436854839325,0.4341241717338562,0.4986570179462433,0.4601081907749176,0.48445838689804077,0.4356970191001892,0.46796470880508423,0.437882661819458,0.4839845895767212,0.4454890191555023,0.49299752712249756,0.45075109601020813,0.5051644444465637,0.4275740385055542,0.49228692054748535,0.4319002628326416,0.5065897107124329,0.44045349955558777,0.5129343271255493,0.4423861801624298,0.5284806489944458,0.4268842339515686,0.5239075422286987,0.4328988194465637,0.5340394377708435,0.44031575322151184,0.5372670888900757,0.43571704626083374,0.5523265600204468,0.42691221833229065,0.5456699728965759,0.4330900013446808,0.5544082522392273,0.4396688640117645,0.5576908588409424
agarrar,18,9,0.4882703423500061,0.5781529545783997,0.4824535548686981,0.5381643176078796,0.465430349111557,0.5064272284507751,0.4456532597541809,0.4955066442489624,0.43105918169021606,0.49466827511787415,0.46431195735931396,0.48459771275520325,0.4376138150691986,0.4710499048233032,0.4389587938785553,0.4876788854598999,0.44627606868743896,0.49527788162231445,0.4560834765434265,0.505746066570282,0.4296821057796478,0.49326783418655396,0.43363282084465027,0.5092682838439941,0.44214746356010437,0.5163410902023315,0.44854649901390076,0.5293680429458618,0.4279497563838959,0.524663507938385,0.43362265825271606,0.5361717343330383,0.4415426254272461,0.5396933555603027,0.44227543473243713,0.5536747574806213,0.4289109706878662,0.547909140586853,0.4350042939186096,0.5573773980140686,0.4421720504760742,0.5606520175933838
agarrar,18,10,0.49477407336235046,0.5822908878326416,0.4866597056388855,0.5388778448104858,0.4688306450843811,0.5061566829681396,0.4479978680610657,0.4919761121273041,0.43246304988861084,0.4881967604160309,0.46869534254074097,0.4857251048088074,0.4399104118347168,0.4697587788105011,0.4409479796886444,0.4877391755580902,0.4487186670303345,0.49664151668548584,0.46117275953292847,0.5079501867294312,0.4330591559410095,0.4938834011554718,0.43630450963974,0.5097550749778748,0.44489720463752747,0.5165970325469971,0.45421314239501953,0.5327504873275757,0.43214893341064453,0.5249814391136169,0.4371618628501892,0.5367637872695923,0.44508054852485657,0.5408849120140076,0.4485652446746826,0.5570915937423706,0.4326893389225006,0.546872079372406,0.437942773103714,0.5562288761138916,0.44516077637672424,0.5606157183647156
agarrar,18,11,0.50053471326828,0.5823625326156616,0.4914546310901642,0.5411663055419922,0.47015875577926636,0.5084550380706787,0.446555495262146,0.495792031288147,0.4313303232192993,0.4886438250541687,0.47334691882133484,0.48867353796958923,0.4435449242591858,0.47134721279144287,0.44414493441581726,0.4907152056694031,0.45186442136764526,0.5009766221046448,0.46682801842689514,0.5116998553276062,0.4365518093109131,0.49777257442474365,0.44049331545829773,0.5144733786582947,0.44952598214149475,0.5210410356521606,0.4604072868824005,0.5368046760559082,0.43508702516555786,0.5285742282867432,0.44108396768569946,0.5405967831611633,0.4500000774860382,0.5440409183502197,0.4550074636936188,0.5614458918571472,0.436567485332489,0.5534636974334717,0.4425785541534424,0.5623269081115723,0.4505508840084076,0.5652499198913574
agarrar,18,12,0.5079874396324158,0.5888048410415649,0.49881336092948914,0.5484613180160522,0.47767937183380127,0.5121861696243286,0.453830748796463,0.49510645866394043,0.43771564960479736,0.4858350455760956,0.47883009910583496,0.491485059261322,0.44842463731765747,0.47550705075263977,0.4498444199562073,0.49326950311660767,0.45818695425987244,0.5008528828620911,0.4732697606086731,0.5148749351501465,0.44203123450279236,0.49997150897979736,0.4462181329727173,0.5158032774925232,0.45507532358169556,0.5226405262947083,0.4679490029811859,0.5401386022567749,0.4403393268585205,0.5311926603317261,0.4466549754142761,0.5429776906967163,0.45600926876068115,0.5463280081748962,0.46405941247940063,0.5649126768112183,0.4432806074619293,0.5562705397605896,0.4495052695274353,0.5645122528076172,0.45823854207992554,0.5670917630195618
agarrar,18,13,0.5088817477226257,0.5873985290527344,0.5040452480316162,0.549619197845459,0.4838743507862091,0.5157530903816223,0.4590880870819092,0.49848026037216187,0.4415108263492584,0.4919930696487427,0.48752450942993164,0.48962992429733276,0.4542343020439148,0.47415316104888916,0.454418808221817,0.4949089288711548,0.463431715965271,0.5032054781913757,0.4836922287940979,0.5147911310195923,0.44733381271362305,0.502569854259491,0.4514104723930359,0.5191256403923035,0.46124041080474854,0.5251961350440979,0.4793223440647125,0.5407211184501648,0.44739967584609985,0.5351673364639282,0.4548030197620392,0.5472955703735352,0.4651015102863312,0.5495851635932922,0.4758398234844208,0.5647169947624207,0.45135682821273804,0.5580876469612122,0.4575188159942627,0.5678046345710754,0.467051237821579,0.5714592933654785
agarrar,18,14,0.5022833943367004,0.5735613107681274,0.5029998421669006,0.5280442237854004,0.5135394334793091,0.49456825852394104,0.5272777080535889,0.47978436946868896,0.5387003421783447,0.478005588054657,0.5312232375144958,0.4743174612522125,0.5571732521057129,0.46687665581703186,0.5541426539421082,0.47908809781074524,0.5446589589118958,0.48754292726516724,0.5377146005630493,0.49383780360221863,0.56155925989151,0.49384671449661255,0.5560768246650696,0.5047951340675354,0.5467303395271301,0.5097212195396423,0.542616605758667,0.5179858207702637,0.5624275803565979,0.5198459029197693,0.5561131834983826,0.5285734534263611,0.5469844937324524,0.5317069292068481,0.5452977418899536,0.54327392578125,0.5611761808395386,0.542261004447937,0.5544863939285278,0.548641562461853,0.5457247495651245,0.5517985224723816
agarrar,18,15,0.5049112439155579,0.586897075176239,0.49957576394081116,0.5430058240890503,0.502295970916748,0.5049010515213013,0.505781888961792,0.48217740654945374,0.5073004961013794,0.4727267622947693,0.5255107283592224,0.4828251004219055,0.5520544648170471,0.46761220693588257,0.5450626015663147,0.4814707934856415,0.5340490341186523,0.488100528717041,0.5317659378051758,0.501497745513916,0.5548406839370728,0.49166712164878845,0.5470659136772156,0.5012387037277222,0.5376957654953003,0.5075029730796814,0.5362715721130371,0.523459255695343,0.5551570057868958,0.5171714425086975,0.547743022441864,0.5256615877151489,0.5391709208488464,0.5314688086509705,0.5394793748855591,0.546599268913269,0.5547316670417786,0.5383197665214539,0.5474644899368286,0.5443951487541199,0.5394516587257385,0.5496811866760254
agarrar,18,16,0.0,0.0,0.0,0.0,0.0,0.0,0.0,0.0,0.0,0.0,0.0,0.0,0.0,0.0,0.0,0.0,0.0,0.0,0.0,0.0,0.0,0.0,0.0,0.0,0.0,0.0,0.0,0.0,0.0,0.0,0.0,0.0,0.0,0.0,0.0,0.0,0.0,0.0,0.0,0.0,0.0,0.0
agarrar,18,17,0.0,0.0,0.0,0.0,0.0,0.0,0.0,0.0,0.0,0.0,0.0,0.0,0.0,0.0,0.0,0.0,0.0,0.0,0.0,0.0,0.0,0.0,0.0,0.0,0.0,0.0,0.0,0.0,0.0,0.0,0.0,0.0,0.0,0.0,0.0,0.0,0.0,0.0,0.0,0.0,0.0,0.0
agarrar,18,18,0.0,0.0,0.0,0.0,0.0,0.0,0.0,0.0,0.0,0.0,0.0,0.0,0.0,0.0,0.0,0.0,0.0,0.0,0.0,0.0,0.0,0.0,0.0,0.0,0.0,0.0,0.0,0.0,0.0,0.0,0.0,0.0,0.0,0.0,0.0,0.0,0.0,0.0,0.0,0.0,0.0,0.0
agarrar,18,19,0.4743683934211731,0.6019367575645447,0.47646188735961914,0.5540011525154114,0.49087557196617126,0.5179736614227295,0.5084684491157532,0.4976230561733246,0.5222429633140564,0.4853638708591461,0.5030985474586487,0.517366349697113,0.5268861055374146,0.5109228491783142,0.5303357243537903,0.5201788544654846,0.5286315679550171,0.527824342250824,0.5099784135818481,0.5399065017700195,0.5324791669845581,0.5340045094490051,0.5338831543922424,0.5414713621139526,0.5313169360160828,0.5481842756271362,0.5154708623886108,0.5659145712852478,0.5369805097579956,0.5579588413238525,0.536965548992157,0.564402163028717,0.5332313776016235,0.5711634159088135,0.51978600025177,0.5918645858764648,0.5370867848396301,0.5833207368850708,0.5375312566757202,0.5878142714500427,0.5345579981803894,0.5927982926368713
agarrar,19,0,0.47650325298309326,0.5780412554740906,0.4734477400779724,0.5312111973762512,0.4609248638153076,0.5035362839698792,0.4471423327922821,0.49731481075286865,0.4355418384075165,0.5034674406051636,0.45243537425994873,0.4817873239517212,0.4316476285457611,0.4743349850177765,0.43328872323036194,0.4912096858024597,0.43989497423171997,0.4987042248249054,0.443589985370636,0.50276118516922,0.42564260959625244,0.5014853477478027,0.4298774003982544,0.5158186554908752,0.43784141540527344,0.5206671953201294,0.4366673529148102,0.5276255011558533,0.42622238397598267,0.53225177526474,0.4316983222961426,0.5416641235351562,0.43894001841545105,0.5435433983802795,0.43153178691864014,0.552225649356842,0.42696860432624817,0.5549370050430298,0.4329064190387726,0.5621418952941895,0.4392578899860382,0.5641447305679321
agarrar,19,1,0.47895246744155884,0.5797375440597534,0.4745934009552002,0.5334489345550537,0.46152105927467346,0.5035192966461182,0.4478233754634857,0.49743542075157166,0.4363221228122711,0.5055444836616516,0.45442506670951843,0.480640709400177,0.43276289105415344,0.473441481590271,0.43456581234931946,0.4908490478992462,0.44144847989082336,0.4985637664794922,0.4453889727592468,0.49984192848205566,0.42534199357032776,0.499508798122406,0.42988651990890503,0.5145882368087769,0.43826380372047424,0.5189658403396606,0.43788430094718933,0.5235013961791992,0.42513203620910645,0.5288351774215698,0.4310714602470398,0.5392611026763916,0.4387815296649933,0.5409191846847534,0.43205365538597107,0.5475324392318726,0.42618313431739807,0.5495027899742126,0.43223148584365845,0.5577442646026611,0.4387134611606598,0.5599073767662048
agarrar,19,2,0.481695294380188,0.5776023268699646,0.47607097029685974,0.5349043011665344,0.461459755897522,0.5064200162887573,0.44606655836105347,0.4997141659259796,0.4337276518344879,0.5048768520355225,0.45802995562553406,0.48324328660964966,0.43428662419319153,0.4684605300426483,0.43591412901878357,0.4871760606765747,0.4433518648147583,0.496320515871048,0.44893282651901245,0.5030137300491333,0.42657217383384705,0.4944714307785034,0.4306807219982147,0.5118153691291809,0.43931901454925537,0.5171427130699158,0.4408300220966339,0.5259064435958862,0.42615967988967896,0.5269426107406616,0.4318290650844574,0.5391610860824585,0.4397121071815491,0.5407652258872986,0.43439051508903503,0.549390435218811,0.4262171983718872,0.5478085279464722,0.43188926577568054,0.558000922203064,0.4386603832244873,0.5607856512069702
agarrar,19,3,0.4828290343284607,0.5765153169631958,0.4781832695007324,0.5342932939529419,0.4639292359352112,0.5055800080299377,0.4475092887878418,0.4962436854839325,0.4341241717338562,0.4986570179462433,0.4601081907749176,0.48445838689804077,0.4356970191001892,0.46796470880508423,0.437882661819458,0.4839845895767212,0.4454890191555023,0.49299752712249756,0.45075109601020813,0.5051644444465637,0.4275740385055542,0.49228692054748535,0.4319002628326416,0.5065897107124329,0.44045349955558777,0.5129343271255493,0.4423861801624298,0.5284806489944458,0.4268842339515686,0.5239075422286987,0.4328988194465637,0.5340394377708435,0.44031575322151184,0.5372670888900757,0.43571704626083374,0.5523265600204468,0.42691221833229065,0.5456699728965759,0.4330900013446808,0.5544082522392273,0.4396688640117645,0.5576908588409424
agarrar,19,4,0.4882703423500061,0.5781529545783997,0.4824535548686981,0.5381643176078796,0.465430349111557,0.5064272284507751,0.4456532597541809,0.4955066442489624,0.43105918169021606,0.49466827511787415,0.46431195735931396,0.48459771275520325,0.4376138150691986,0.4710499048233032,0.4389587938785553,0.4876788854598999,0.44627606868743896,0.49527788162231445,0.4560834765434265,0.505746066570282,0.4296821057796478,0.49326783418655396,0.43363282084465027,0.5092682838439941,0.44214746356010437,0.5163410902023315,0.44854649901390076,0.5293680429458618,0.4279497563838959,0.524663507938385,0.43362265825271606,0.5361717343330383,0.4415426254272461,0.5396933555603027,0.44227543473243713,0.5536747574806213,0.4289109706878662,0.547909140586853,0.4350042939186096,0.5573773980140686,0.4421720504760742,0.5606520175933838
agarrar,19,5,0.49477407336235046,0.5822908878326416,0.4866597056388855,0.5388778448104858,0.4688306450843811,0.5061566829681396,0.4479978680610657,0.4919761121273041,0.43246304988861084,0.4881967604160309,0.46869534254074097,0.4857251048088074,0.4399104118347168,0.4697587788105011,0.4409479796886444,0.4877391755580902,0.4487186670303345,0.49664151668548584,0.46117275953292847,0.5079501867294312,0.4330591559410095,0.4938834011554718,0.43630450963974,0.5097550749778748,0.44489720463752747,0.5165970325469971,0.45421314239501953,0.5327504873275757,0.43214893341064453,0.5249814391136169,0.4371618628501892,0.5367637872695923,0.44508054852485657,0.5408849120140076,0.4485652446746826,0.5570915937423706,0.4326893389225006,0.546872079372406,0.437942773103714,0.5562288761138916,0.44516077637672424,0.5606157183647156
agarrar,19,6,0.50053471326828,0.5823625326156616,0.4914546310901642,0.5411663055419922,0.47015875577926636,0.5084550380706787,0.446555495262146,0.495792031288147,0.4313303232192993,0.4886438250541687,0.47334691882133484,0.48867353796958923,0.4435449242591858,0.47134721279144287,0.44414493441581726,0.4907152056694031,0.45186442136764526,0.5009766221046448,0.46682801842689514,0.5116998553276062,0.4365518093109131,0.49777257442474365,0.44049331545829773,0.5144733786582947,0.44952598214149475,0.5210410356521606,0.4604072868824005,0.5368046760559082,0.43508702516555786,0.5285742282867432,0.44108396768569946,0.5405967831611633,0.4500000774860382,0.5440409183502197,0.4550074636936188,0.5614458918571472,0.436567485332489,0.5534636974334717,0.4425785541534424,0.5623269081115723,0.4505508840084076,0.5652499198913574
agarrar,19,7,0.5079874396324158,0.5888048410415649,0.49881336092948914,0.5484613180160522,0.47767937183380127,0.5121861696243286,0.453830748796463,0.49510645866394043,0.43771564960479736,0.4858350455760956,0.47883009910583496,0.491485059261322,0.44842463731765747,0.47550705075263977,0.4498444199562073,0.49326950311660767,0.45818695425987244,0.5008528828620911,0.4732697606086731,0.5148749351501465,0.44203123450279236,0.49997150897979736,0.4462181329727173,0.5158032774925232,0.45507532358169556,0.5226405262947083,0.4679490029811859,0.5401386022567749,0.4403393268585205,0.5311926603317261,0.4466549754142761,0.5429776906967163,0.45600926876068115,0.5463280081748962,0.46405941247940063,0.5649126768112183,0.4432806074619293,0.5562705397605896,0.4495052695274353,0.5645122528076172,0.45823854207992554,0.5670917630195618
agarrar,19,8,0.5088817477226257,0.5873985290527344,0.5040452480316162,0.549619197845459,0.4838743507862091,0.5157530903816223,0.4590880870819092,0.49848026037216187,0.4415108263492584,0.4919930696487427,0.48752450942993164,0.48962992429733276,0.4542343020439148,0.47415316104888916,0.454418808221817,0.4949089288711548,0.463431715965271,0.5032054781913757,0.4836922287940979,0.5147911310195923,0.44733381271362305,0.502569854259491,0.4514104723930359,0.5191256403923035,0.46124041080474854,0.5251961350440979,0.4793223440647125,0.5407211184501648,0.44739967584609985,0.5351673364639282,0.4548030197620392,0.5472955703735352,0.4651015102863312,0.5495851635932922,0.4758398234844208,0.5647169947624207,0.45135682821273804,0.5580876469612122,0.4575188159942627,0.5678046345710754,0.467051237821579,0.5714592933654785
agarrar,19,9,0.5022833943367004,0.5735613107681274,0.5029998421669006,0.5280442237854004,0.5135394334793091,0.49456825852394104,0.5272777080535889,0.47978436946868896,0.5387003421783447,0.478005588054657,0.5312232375144958,0.4743174612522125,0.5571732521057129,0.46687665581703186,0.5541426539421082,0.47908809781074524,0.5446589589118958,0.48754292726516724,0.5377146005630493,0.49383780360221863,0.56155925989151,0.49384671449661255,0.5560768246650696,0.5047951340675354,0.5467303395271301,0.5097212195396423,0.542616605758667,0.5179858207702637,0.5624275803565979,0.5198459029197693,0.5561131834983826,0.5285734534263611,0.5469844937324524,0.5317069292068481,0.5452977418899536,0.54327392578125,0.5611761808395386,0.542261004447937,0.5544863939285278,0.548641562461853,0.5457247495651245,0.5517985224723816
agarrar,19,10,0.5049112439155579,0.586897075176239,0.49957576394081116,0.5430058240890503,0.502295970916748,0.5049010515213013,0.505781888961792,0.48217740654945374,0.5073004961013794,0.4727267622947693,0.5255107283592224,0.4828251004219055,0.5520544648170471,0.46761220693588257,0.5450626015663147,0.4814707934856415,0.5340490341186523,0.488100528717041,0.5317659378051758,0.501497745513916,0.5548406839370728,0.49166712164878845,0.5470659136772156,0.5012387037277222,0.5376957654953003,0.5075029730796814,0.5362715721130371,0.523459255695343,0.5551570057868958,0.5171714425086975,0.547743022441864,0.5256615877151489,0.5391709208488464,0.5314688086509705,0.5394793748855591,0.546599268913269,0.5547316670417786,0.5383197665214539,0.5474644899368286,0.5443951487541199,0.5394516587257385,0.5496811866760254
agarrar,19,11,0.0,0.0,0.0,0.0,0.0,0.0,0.0,0.0,0.0,0.0,0.0,0.0,0.0,0.0,0.0,0.0,0.0,0.0,0.0,0.0,0.0,0.0,0.0,0.0,0.0,0.0,0.0,0.0,0.0,0.0,0.0,0.0,0.0,0.0,0.0,0.0,0.0,0.0,0.0,0.0,0.0,0.0
agarrar,19,12,0.0,0.0,0.0,0.0,0.0,0.0,0.0,0.0,0.0,0.0,0.0,0.0,0.0,0.0,0.0,0.0,0.0,0.0,0.0,0.0,0.0,0.0,0.0,0.0,0.0,0.0,0.0,0.0,0.0,0.0,0.0,0.0,0.0,0.0,0.0,0.0,0.0,0.0,0.0,0.0,0.0,0.0
agarrar,19,13,0.0,0.0,0.0,0.0,0.0,0.0,0.0,0.0,0.0,0.0,0.0,0.0,0.0,0.0,0.0,0.0,0.0,0.0,0.0,0.0,0.0,0.0,0.0,0.0,0.0,0.0,0.0,0.0,0.0,0.0,0.0,0.0,0.0,0.0,0.0,0.0,0.0,0.0,0.0,0.0,0.0,0.0
agarrar,19,14,0.4743683934211731,0.6019367575645447,0.47646188735961914,0.5540011525154114,0.49087557196617126,0.5179736614227295,0.5084684491157532,0.4976230561733246,0.5222429633140564,0.4853638708591461,0.5030985474586487,0.517366349697113,0.5268861055374146,0.5109228491783142,0.5303357243537903,0.5201788544654846,0.5286315679550171,0.527824342250824,0.5099784135818481,0.5399065017700195,0.5324791669845581,0.5340045094490051,0.5338831543922424,0.5414713621139526,0.5313169360160828,0.5481842756271362,0.5154708623886108,0.5659145712852478,0.5369805097579956,0.5579588413238525,0.536965548992157,0.564402163028717,0.5332313776016235,0.5711634159088135,0.51978600025177,0.5918645858764648,0.5370867848396301,0.5833207368850708,0.5375312566757202,0.5878142714500427,0.5345579981803894,0.5927982926368713
agarrar,19,15,0.5619482398033142,0.6528691053390503,0.5481866002082825,0.603981614112854,0.5364059805870056,0.5588057041168213,0.5241225361824036,0.5269400477409363,0.5192837119102478,0.4985928535461426,0.5581892728805542,0.5290778279304504,0.5283527970314026,0.5164332985877991,0.5127385258674622,0.5193526744842529,0.5039404630661011,0.520588755607605,0.5608099699020386,0.5504918098449707,0.5201584100723267,0.5429490804672241,0.5142992734909058,0.5563456416130066,0.5159586668014526,0.5633376240730286,0.5597392916679382,0.576914370059967,0.5211187601089478,0.5721048712730408,0.522361159324646,0.5866276025772095,0.5290997624397278,0.5926948189735413,0.5556966066360474,0.6029457449913025,0.5267031788825989,0.5971434712409973,0.527543306350708,0.6062134504318237,0.53396075963974,0.6103742718696594
agarrar,19,16,0.576489269733429,0.6564010977745056,0.5533415079116821,0.6104719042778015,0.5394366383552551,0.5685114860534668,0.5263850092887878,0.539945125579834,0.5145918130874634,0.5178995132446289,0.563867449760437,0.5371973514556885,0.5333824157714844,0.5220600366592407,0.5217717885971069,0.5343557000160217,0.5189186334609985,0.5412991642951965,0.5679251551628113,0.5595604181289673,0.5303786993026733,0.5509978532791138,0.5264784693717957,0.5710865259170532,0.5320409536361694,0.5807014107704163,0.5682032108306885,0.586251437664032,0.532646656036377,0.5779441595077515,0.5297573804855347,0.5953092575073242,0.5345932841300964,0.6034592986106873,0.5655489563941956,0.6130003333091736,0.5369501709938049,0.6051194667816162,0.5337005257606506,0.6143409013748169,0.5373058319091797,0.6193662881851196
agarrar,19,17,0.5832421779632568,0.668459951877594,0.5574195981025696,0.6256493330001831,0.5449343919754028,0.5814633369445801,0.5339224338531494,0.5476976633071899,0.5219780206680298,0.5222412347793579,0.5681254863739014,0.543167769908905,0.536372184753418,0.5279842615127563,0.5282708406448364,0.5544328093528748,0.5307865738868713,0.5703043937683105,0.573139488697052,0.5641614198684692,0.5348717570304871,0.5549086928367615,0.5297293066978455,0.5810033082962036,0.5353416800498962,0.5929839611053467,0.5745502710342407,0.5905563235282898,0.5385028719902039,0.5831233263015747,0.5345340371131897,0.6045706868171692,0.540164053440094,0.6127418875694275,0.5734553933143616,0.6177679300308228,0.5456854104995728,0.6125002503395081,0.5424311757087708,0.6237425804138184,0.5475659370422363,0.6281651854515076
agarrar,19,18,0.5859147906303406,0.6832592487335205,0.5610191226005554,0.6357132792472839,0.5488832592964172,0.5924357175827026,0.5385395288467407,0.5591682195663452,0.5285658836364746,0.5319720506668091,0.5718353390693665,0.5514718890190125,0.5412021279335022,0.5363539457321167,0.5317237377166748,0.5634171366691589,0.532960832118988,0.5809226036071777,0.5779295563697815,0.5721742510795593,0.5413860082626343,0.5621049404144287,0.5323576331138611,0.5905144214630127,0.5351501703262329,0.6055895090103149,0.5803925395011902,0.5986118912696838,0.546106219291687,0.5883501172065735,0.538723886013031,0.6124894022941589,0.5425522327423096,0.6246076226234436,0.5805182456970215,0.626111626625061,0.553058385848999,0.6180769801139832,0.5470017194747925,0.6301195621490479,0.5507155060768127,0.6371633410453796
agarrar,19,19,0.5846426486968994,0.6961855888366699,0.562102735042572,0.6468619108200073,0.5491947531700134,0.6031013131141663,0.5388663411140442,0.5688050389289856,0.5320466756820679,0.5400901436805725,0.5741238594055176,0.5595189929008484,0.5422045588493347,0.5454893112182617,0.5314511060714722,0.5767022371292114,0.5328106880187988,0.5968007445335388,0.5816794633865356,0.5782613158226013,0.5436315536499023,0.565934956073761,0.533214807510376,0.5991172194480896,0.5370250940322876,0.615655243396759,0.5853872299194336,0.6041528582572937,0.5495918989181519,0.5920575261116028,0.540625274181366,0.6198698282241821,0.5452828407287598,0.6319800615310669,0.5864359140396118,0.6327253580093384,0.5562997460365295,0.6247645020484924,0.548577606678009,0.6396888494491577,0.5525011420249939,0.6477698087692261
agarrar,20,0,0.49477407336235046,0.5822908878326416,0.4866597056388855,0.5388778448104858,0.4688306450843811,0.5061566829681396,0.4479978680610657,0.4919761121273041,0.43246304988861084,0.4881967604160309,0.46869534254074097,0.4857251048088074,0.4399104118347168,0.4697587788105011,0.4409479796886444,0.4877391755580902,0.4487186670303345,0.49664151668548584,0.46117275953292847,0.5079501867294312,0.4330591559410095,0.4938834011554718,0.43630450963974,0.5097550749778748,0.44489720463752747,0.5165970325469971,0.45421314239501953,0.5327504873275757,0.43214893341064453,0.5249814391136169,0.4371618628501892,0.5367637872695923,0.44508054852485657,0.5408849120140076,0.4485652446746826,0.5570915937423706,0.4326893389225006,0.546872079372406,0.437942773103714,0.5562288761138916,0.44516077637672424,0.5606157183647156
agarrar,20,1,0.50053471326828,0.5823625326156616,0.4914546310901642,0.5411663055419922,0.47015875577926636,0.5084550380706787,0.446555495262146,0.495792031288147,0.4313303232192993,0.4886438250541687,0.47334691882133484,0.48867353796958923,0.4435449242591858,0.47134721279144287,0.44414493441581726,0.4907152056694031,0.45186442136764526,0.5009766221046448,0.46682801842689514,0.5116998553276062,0.4365518093109131,0.49777257442474365,0.44049331545829773,0.5144733786582947,0.44952598214149475,0.5210410356521606,0.4604072868824005,0.5368046760559082,0.43508702516555786,0.5285742282867432,0.44108396768569946,0.5405967831611633,0.4500000774860382,0.5440409183502197,0.4550074636936188,0.5614458918571472,0.436567485332489,0.5534636974334717,0.4425785541534424,0.5623269081115723,0.4505508840084076,0.5652499198913574
agarrar,20,2,0.5079874396324158,0.5888048410415649,0.49881336092948914,0.5484613180160522,0.47767937183380127,0.5121861696243286,0.453830748796463,0.49510645866394043,0.43771564960479736,0.4858350455760956,0.47883009910583496,0.491485059261322,0.44842463731765747,0.47550705075263977,0.4498444199562073,0.49326950311660767,0.45818695425987244,0.5008528828620911,0.4732697606086731,0.5148749351501465,0.44203123450279236,0.49997150897979736,0.4462181329727173,0.5158032774925232,0.45507532358169556,0.5226405262947083,0.4679490029811859,0.5401386022567749,0.4403393268585205,0.5311926603317261,0.4466549754142761,0.5429776906967163,0.45600926876068115,0.5463280081748962,0.46405941247940063,0.5649126768112183,0.4432806074619293,0.5562705397605896,0.4495052695274353,0.5645122528076172,0.45823854207992554,0.5670917630195618
agarrar,20,3,0.5088817477226257,0.5873985290527344,0.5040452480316162,0.549619197845459,0.4838743507862091,0.5157530903816223,0.4590880870819092,0.49848026037216187,0.4415108263492584,0.4919930696487427,0.48752450942993164,0.48962992429733276,0.4542343020439148,0.47415316104888916,0.454418808221817,0.4949089288711548,0.463431715965271,0.5032054781913757,0.4836922287940979,0.5147911310195923,0.44733381271362305,0.502569854259491,0.4514104723930359,0.5191256403923035,0.46124041080474854,0.5251961350440979,0.4793223440647125,0.5407211184501648,0.44739967584609985,0.5351673364639282,0.4548030197620392,0.5472955703735352,0.4651015102863312,0.5495851635932922,0.4758398234844208,0.5647169947624207,0.45135682821273804,0.5580876469612122,0.4575188159942627,0.5678046345710754,0.467051237821579,0.5714592933654785
agarrar,20,4,0.5022833943367004,0.5735613107681274,0.5029998421669006,0.5280442237854004,0.5135394334793091,0.49456825852394104,0.5272777080535889,0.47978436946868896,0.5387003421783447,0.478005588054657,0.5312232375144958,0.4743174612522125,0.5571732521057129,0.46687665581703186,0.5541426539421082,0.47908809781074524,0.5446589589118958,0.48754292726516724,0.5377146005630493,0.49383780360221863,0.56155925989151,0.49384671449661255,0.5560768246650696,0.5047951340675354,0.5467303395271301,0.5097212195396423,0.542616605758667,0.5179858207702637,0.5624275803565979,0.5198459029197693,0.5561131834983826,0.5285734534263611,0.5469844937324524,0.5317069292068481,0.5452977418899536,0.54327392578125,0.5611761808395386,0.542261004447937,0.5544863939285278,0.548641562461853,0.5457247495651245,0.5517985224723816
agarrar,20,5,0.5049112439155579,0.586897075176239,0.49957576394081116,0.5430058240890503,0.502295970916748,0.5049010515213013,0.505781888961792,0.48217740654945374,0.5073004961013794,0.4727267622947693,0.5255107283592224,0.4828251004219055,0.5520544648170471,0.46761220693588257,0.5450626015663147,0.4814707934856415,0.5340490341186523,0.488100528717041,0.5317659378051758,0.501497745513916,0.5548406839370728,0.49166712164878845,0.5470659136772156,0.5012387037277222,0.5376957654953003,0.5075029730796814,0.5362715721130371,0.523459255695343,0.5551570057868958,0.5171714425086975,0.547743022441864,0.5256615877151489,0.5391709208488464,0.5314688086509705,0.5394793748855591,0.546599268913269,0.5547316670417786,0.5383197665214539,0.5474644899368286,0.5443951487541199,0.5394516587257385,0.5496811866760254
agarrar,20,6,0.0,0.0,0.0,0.0,0.0,0.0,0.0,0.0,0.0,0.0,0.0,0.0,0.0,0.0,0.0,0.0,0.0,0.0,0.0,0.0,0.0,0.0,0.0,0.0,0.0,0.0,0.0,0.0,0.0,0.0,0.0,0.0,0.0,0.0,0.0,0.0,0.0,0.0,0.0,0.0,0.0,0.0
agarrar,20,7,0.0,0.0,0.0,0.0,0.0,0.0,0.0,0.0,0.0,0.0,0.0,0.0,0.0,0.0,0.0,0.0,0.0,0.0,0.0,0.0,0.0,0.0,0.0,0.0,0.0,0.0,0.0,0.0,0.0,0.0,0.0,0.0,0.0,0.0,0.0,0.0,0.0,0.0,0.0,0.0,0.0,0.0
agarrar,20,8,0.0,0.0,0.0,0.0,0.0,0.0,0.0,0.0,0.0,0.0,0.0,0.0,0.0,0.0,0.0,0.0,0.0,0.0,0.0,0.0,0.0,0.0,0.0,0.0,0.0,0.0,0.0,0.0,0.0,0.0,0.0,0.0,0.0,0.0,0.0,0.0,0.0,0.0,0.0,0.0,0.0,0.0
agarrar,20,9,0.4743683934211731,0.6019367575645447,0.47646188735961914,0.5540011525154114,0.49087557196617126,0.5179736614227295,0.5084684491157532,0.4976230561733246,0.5222429633140564,0.4853638708591461,0.5030985474586487,0.517366349697113,0.5268861055374146,0.5109228491783142,0.5303357243537903,0.5201788544654846,0.5286315679550171,0.527824342250824,0.5099784135818481,0.5399065017700195,0.5324791669845581,0.5340045094490051,0.5338831543922424,0.5414713621139526,0.5313169360160828,0.5481842756271362,0.5154708623886108,0.5659145712852478,0.5369805097579956,0.5579588413238525,0.536965548992157,0.564402163028717,0.5332313776016235,0.5711634159088135,0.51978600025177,0.5918645858764648,0.5370867848396301,0.5833207368850708,0.5375312566757202,0.5878142714500427,0.5345579981803894,0.5927982926368713
agarrar,20,10,0.5619482398033142,0.6528691053390503,0.5481866002082825,0.603981614112854,0.5364059805870056,0.5588057041168213,0.5241225361824036,0.5269400477409363,0.5192837119102478,0.4985928535461426,0.5581892728805542,0.5290778279304504,0.5283527970314026,0.5164332985877991,0.5127385258674622,0.5193526744842529,0.5039404630661011,0.520588755607605,0.5608099699020386,0.5504918098449707,0.5201584100723267,0.5429490804672241,0.5142992734909058,0.5563456416130066,0.5159586668014526,0.5633376240730286,0.5597392916679382,0.576914370059967,0.5211187601089478,0.5721048712730408,0.522361159324646,0.5866276025772095,0.5290997624397278,0.5926948189735413,0.5556966066360474,0.6029457449913025,0.5267031788825989,0.5971434712409973,0.527543306350708,0.6062134504318237,0.53396075963974,0.6103742718696594
agarrar,20,11,0.576489269733429,0.6564010977745056,0.5533415079116821,0.6104719042778015,0.5394366383552551,0.5685114860534668,0.5263850092887878,0.539945125579834,0.5145918130874634,0.5178995132446289,0.563867449760437,0.5371973514556885,0.5333824157714844,0.5220600366592407,0.5217717885971069,0.5343557000160217,0.5189186334609985,0.5412991642951965,0.5679251551628113,0.5595604181289673,0.5303786993026733,0.5509978532791138,0.5264784693717957,0.5710865259170532,0.5320409536361694,0.5807014107704163,0.5682032108306885,0.586251437664032,0.532646656036377,0.5779441595077515,0.5297573804855347,0.5953092575073242,0.5345932841300964,0.6034592986106873,0.5655489563941956,0.6130003333091736,0.5369501709938049,0.6051194667816162,0.5337005257606506,0.6143409013748169,0.5373058319091797,0.6193662881851196
agarrar,20,12,0.5832421779632568,0.668459951877594,0.5574195981025696,0.6256493330001831,0.5449343919754028,0.5814633369445801,0.5339224338531494,0.5476976633071899,0.5219780206680298,0.5222412347793579,0.5681254863739014,0.543167769908905,0.536372184753418,0.5279842615127563,0.5282708406448364,0.5544328093528748,0.5307865738868713,0.5703043937683105,0.573139488697052,0.5641614198684692,0.5348717570304871,0.5549086928367615,0.5297293066978455,0.5810033082962036,0.5353416800498962,0.5929839611053467,0.5745502710342407,0.5905563235282898,0.5385028719902039,0.5831233263015747,0.5345340371131897,0.6045706868171692,0.540164053440094,0.6127418875694275,0.5734553933143616,0.6177679300308228,0.5456854104995728,0.6125002503395081,0.5424311757087708,0.6237425804138184,0.5475659370422363,0.6281651854515076
agarrar,20,13,0.5859147906303406,0.6832592487335205,0.5610191226005554,0.6357132792472839,0.5488832592964172,0.5924357175827026,0.5385395288467407,0.5591682195663452,0.5285658836364746,0.5319720506668091,0.5718353390693665,0.5514718890190125,0.5412021279335022,0.5363539457321167,0.5317237377166748,0.5634171366691589,0.532960832118988,0.5809226036071777,0.5779295563697815,0.5721742510795593,0.5413860082626343,0.5621049404144287,0.5323576331138611,0.5905144214630127,0.5351501703262329,0.6055895090103149,0.5803925395011902,0.5986118912696838,0.546106219291687,0.5883501172065735,0.538723886013031,0.6124894022941589,0.5425522327423096,0.6246076226234436,0.5805182456970215,0.626111626625061,0.553058385848999,0.6180769801139832,0.5470017194747925,0.6301195621490479,0.5507155060768127,0.6371633410453796
agarrar,20,14,0.5846426486968994,0.6961855888366699,0.562102735042572,0.6468619108200073,0.5491947531700134,0.6031013131141663,0.5388663411140442,0.5688050389289856,0.5320466756820679,0.5400901436805725,0.5741238594055176,0.5595189929008484,0.5422045588493347,0.5454893112182617,0.5314511060714722,0.5767022371292114,0.5328106880187988,0.5968007445335388,0.5816794633865356,0.5782613158226013,0.5436315536499023,0.565934956073761,0.533214807510376,0.5991172194480896,0.5370250940322876,0.615655243396759,0.5853872299194336,0.6041528582572937,0.5495918989181519,0.5920575261116028,0.540625274181366,0.6198698282241821,0.5452828407287598,0.6319800615310669,0.5864359140396118,0.6327253580093384,0.5562997460365295,0.6247645020484924,0.548577606678009,0.6396888494491577,0.5525011420249939,0.6477698087692261
agarrar,20,15,0.4432099759578705,0.7193154692649841,0.4503268301486969,0.6671507358551025,0.4724259376525879,0.640677809715271,0.49710702896118164,0.6314317584037781,0.513278067111969,0.6212843656539917,0.4907605051994324,0.6993857026100159,0.5198588371276855,0.6611201167106628,0.5139991044998169,0.6384937167167664,0.5059002041816711,0.6320317983627319,0.49567028880119324,0.7227666974067688,0.5218365788459778,0.6805089712142944,0.5137677192687988,0.660495400428772,0.5049326419830322,0.6596888899803162,0.4963555634021759,0.733389139175415,0.5184931755065918,0.690421998500824,0.5109062194824219,0.674607515335083,0.5016767978668213,0.6758922934532166,0.49602848291397095,0.7343987226486206,0.5136021375656128,0.6998891830444336,0.5092530250549316,0.6856859922409058,0.5023945569992065,0.685826301574707
agarrar,20,16,0.438070684671402,0.7307018041610718,0.4473337233066559,0.6865156888961792,0.46975699067115784,0.6665364503860474,0.49510693550109863,0.6627101898193359,0.5094375610351562,0.6652815937995911,0.48810407519340515,0.7325053215026855,0.5163930058479309,0.703004002571106,0.5122786164283752,0.6768909692764282,0.5046294331550598,0.6647629141807556,0.49107059836387634,0.750003457069397,0.5168312788009644,0.714979350566864,0.5107662677764893,0.6890456080436707,0.5016631484031677,0.6803731918334961,0.490757554769516,0.7541426420211792,0.513447105884552,0.7186470627784729,0.5078324675559998,0.6967469453811646,0.49839404225349426,0.690771758556366,0.4899381101131439,0.75054931640625,0.5079582333564758,0.7223137021064758,0.5058204531669617,0.7040868997573853,0.49932751059532166,0.6987641453742981
agarrar,20,17,0.4397873282432556,0.7401485443115234,0.4477347731590271,0.7052874565124512,0.4667932689189911,0.6929314732551575,0.48828455805778503,0.6956851482391357,0.5024443864822388,0.6991294622421265,0.4838252663612366,0.7539263367652893,0.5133625268936157,0.7341747879981995,0.5094103813171387,0.7056095600128174,0.4998137056827545,0.6947640180587769,0.48569098114967346,0.7644162178039551,0.5124064087867737,0.7396095991134644,0.5085898637771606,0.7123751044273376,0.5001732110977173,0.703616201877594,0.4861902892589569,0.7642583250999451,0.5105190277099609,0.7377570867538452,0.5063974857330322,0.7143772840499878,0.49778133630752563,0.7070869207382202,0.4867030680179596,0.758146345615387,0.5062024593353271,0.7349962592124939,0.5047298073768616,0.716259777545929,0.49860456585884094,0.7100356817245483
agarrar,20,18,0.5978173613548279,0.7126124501228333,0.5676869750022888,0.6868554353713989,0.5507793426513672,0.6472191214561462,0.5405323505401611,0.6181197166442871,0.531938374042511,0.5929093360900879,0.5678585767745972,0.6036722660064697,0.5398985147476196,0.5973726511001587,0.5278780460357666,0.623874306678772,0.5263354778289795,0.644403874874115,0.5767183303833008,0.6154055595397949,0.545383870601654,0.6096384525299072,0.5332646369934082,0.6383863091468811,0.5329083800315857,0.6577365398406982,0.5834054350852966,0.6361029744148254,0.5545859932899475,0.6283997893333435,0.5428803563117981,0.6532937288284302,0.5420695543289185,0.6704565286636353,0.5876848101615906,0.6619910001754761,0.5667468905448914,0.6543934941291809,0.5558765530586243,0.6646219491958618,0.552152693271637,0.6749053597450256
agarrar,20,19,0.5946762561798096,0.7163963317871094,0.565825879573822,0.6959202289581299,0.5488772392272949,0.6579353213310242,0.5382388830184937,0.6306616067886353,0.5281481146812439,0.6084029674530029,0.563471257686615,0.6137803792953491,0.5355208516120911,0.6117597818374634,0.5232477784156799,0.6388528347015381,0.5211176872253418,0.6599137187004089,0.572152316570282,0.6239763498306274,0.541626513004303,0.6235756874084473,0.5289660692214966,0.6525963544845581,0.5277364253997803,0.6724013090133667,0.5790175199508667,0.6431484818458557,0.5513637661933899,0.6399263739585876,0.539057731628418,0.6651824712753296,0.5373497009277344,0.6822327971458435,0.5841978192329407,0.6678165793418884,0.5636060237884521,0.6639569401741028,0.5524641871452332,0.6761160492897034,0.5484398603439331,0.6867479681968689
agarrar,21,0,0.5049112439155579,0.586897075176239,0.49957576394081116,0.5430058240890503,0.502295970916748,0.5049010515213013,0.505781888961792,0.48217740654945374,0.5073004961013794,0.4727267622947693,0.5255107283592224,0.4828251004219055,0.5520544648170471,0.46761220693588257,0.5450626015663147,0.4814707934856415,0.5340490341186523,0.488100528717041,0.5317659378051758,0.501497745513916,0.5548406839370728,0.49166712164878845,0.5470659136772156,0.5012387037277222,0.5376957654953003,0.5075029730796814,0.5362715721130371,0.523459255695343,0.5551570057868958,0.5171714425086975,0.547743022441864,0.5256615877151489,0.5391709208488464,0.5314688086509705,0.5394793748855591,0.546599268913269,0.5547316670417786,0.5383197665214539,0.5474644899368286,0.5443951487541199,0.5394516587257385,0.5496811866760254
agarrar,21,1,0.0,0.0,0.0,0.0,0.0,0.0,0.0,0.0,0.0,0.0,0.0,0.0,0.0,0.0,0.0,0.0,0.0,0.0,0.0,0.0,0.0,0.0,0.0,0.0,0.0,0.0,0.0,0.0,0.0,0.0,0.0,0.0,0.0,0.0,0.0,0.0,0.0,0.0,0.0,0.0,0.0,0.0
agarrar,21,2,0.0,0.0,0.0,0.0,0.0,0.0,0.0,0.0,0.0,0.0,0.0,0.0,0.0,0.0,0.0,0.0,0.0,0.0,0.0,0.0,0.0,0.0,0.0,0.0,0.0,0.0,0.0,0.0,0.0,0.0,0.0,0.0,0.0,0.0,0.0,0.0,0.0,0.0,0.0,0.0,0.0,0.0
agarrar,21,3,0.0,0.0,0.0,0.0,0.0,0.0,0.0,0.0,0.0,0.0,0.0,0.0,0.0,0.0,0.0,0.0,0.0,0.0,0.0,0.0,0.0,0.0,0.0,0.0,0.0,0.0,0.0,0.0,0.0,0.0,0.0,0.0,0.0,0.0,0.0,0.0,0.0,0.0,0.0,0.0,0.0,0.0
agarrar,21,4,0.4743683934211731,0.6019367575645447,0.47646188735961914,0.5540011525154114,0.49087557196617126,0.5179736614227295,0.5084684491157532,0.4976230561733246,0.5222429633140564,0.4853638708591461,0.5030985474586487,0.517366349697113,0.5268861055374146,0.5109228491783142,0.5303357243537903,0.5201788544654846,0.5286315679550171,0.527824342250824,0.5099784135818481,0.5399065017700195,0.5324791669845581,0.5340045094490051,0.5338831543922424,0.5414713621139526,0.5313169360160828,0.5481842756271362,0.5154708623886108,0.5659145712852478,0.5369805097579956,0.5579588413238525,0.536965548992157,0.564402163028717,0.5332313776016235,0.5711634159088135,0.51978600025177,0.5918645858764648,0.5370867848396301,0.5833207368850708,0.5375312566757202,0.5878142714500427,0.5345579981803894,0.5927982926368713
agarrar,21,5,0.5619482398033142,0.6528691053390503,0.5481866002082825,0.603981614112854,0.5364059805870056,0.5588057041168213,0.5241225361824036,0.5269400477409363,0.5192837119102478,0.4985928535461426,0.5581892728805542,0.5290778279304504,0.5283527970314026,0.5164332985877991,0.5127385258674622,0.5193526744842529,0.5039404630661011,0.520588755607605,0.5608099699020386,0.5504918098449707,0.5201584100723267,0.5429490804672241,0.5142992734909058,0.5563456416130066,0.5159586668014526,0.5633376240730286,0.5597392916679382,0.576914370059967,0.5211187601089478,0.5721048712730408,0.522361159324646,0.5866276025772095,0.5290997624397278,0.5926948189735413,0.5556966066360474,0.6029457449913025,0.5267031788825989,0.5971434712409973,0.527543306350708,0.6062134504318237,0.53396075963974,0.6103742718696594
agarrar,21,6,0.576489269733429,0.6564010977745056,0.5533415079116821,0.6104719042778015,0.5394366383552551,0.5685114860534668,0.5263850092887878,0.539945125579834,0.5145918130874634,0.5178995132446289,0.563867449760437,0.5371973514556885,0.5333824157714844,0.5220600366592407,0.5217717885971069,0.5343557000160217,0.5189186334609985,0.5412991642951965,0.5679251551628113,0.5595604181289673,0.5303786993026733,0.5509978532791138,0.5264784693717957,0.5710865259170532,0.5320409536361694,0.5807014107704163,0.5682032108306885,0.586251437664032,0.532646656036377,0.5779441595077515,0.5297573804855347,0.5953092575073242,0.5345932841300964,0.6034592986106873,0.5655489563941956,0.6130003333091736,0.5369501709938049,0.6051194667816162,0.5337005257606506,0.6143409013748169,0.5373058319091797,0.6193662881851196
agarrar,21,7,0.5832421779632568,0.668459951877594,0.5574195981025696,0.6256493330001831,0.5449343919754028,0.5814633369445801,0.5339224338531494,0.5476976633071899,0.5219780206680298,0.5222412347793579,0.5681254863739014,0.543167769908905,0.536372184753418,0.5279842615127563,0.5282708406448364,0.5544328093528748,0.5307865738868713,0.5703043937683105,0.573139488697052,0.5641614198684692,0.5348717570304871,0.5549086928367615,0.5297293066978455,0.5810033082962036,0.5353416800498962,0.5929839611053467,0.5745502710342407,0.5905563235282898,0.5385028719902039,0.5831233263015747,0.5345340371131897,0.6045706868171692,0.540164053440094,0.6127418875694275,0.5734553933143616,0.6177679300308228,0.5456854104995728,0.6125002503395081,0.5424311757087708,0.6237425804138184,0.5475659370422363,0.6281651854515076
agarrar,21,8,0.5859147906303406,0.6832592487335205,0.5610191226005554,0.6357132792472839,0.5488832592964172,0.5924357175827026,0.5385395288467407,0.5591682195663452,0.5285658836364746,0.5319720506668091,0.5718353390693665,0.5514718890190125,0.5412021279335022,0.5363539457321167,0.5317237377166748,0.5634171366691589,0.532960832118988,0.5809226036071777,0.5779295563697815,0.5721742510795593,0.5413860082626343,0.5621049404144287,0.5323576331138611,0.5905144214630127,0.5351501703262329,0.6055895090103149,0.5803925395011902,0.5986118912696838,0.546106219291687,0.5883501172065735,0.538723886013031,0.6124894022941589,0.5425522327423096,0.6246076226234436,0.5805182456970215,0.626111626625061,0.553058385848999,0.6180769801139832,0.5470017194747925,0.6301195621490479,0.5507155060768127,0.6371633410453796
agarrar,21,9,0.5846426486968994,0.6961855888366699,0.562102735042572,0.6468619108200073,0.5491947531700134,0.6031013131141663,0.5388663411140442,0.5688050389289856,0.5320466756820679,0.5400901436805725,0.5741238594055176,0.5595189929008484,0.5422045588493347,0.5454893112182617,0.5314511060714722,0.5767022371292114,0.5328106880187988,0.5968007445335388,0.5816794633865356,0.5782613158226013,0.5436315536499023,0.565934956073761,0.533214807510376,0.5991172194480896,0.5370250940322876,0.615655243396759,0.5853872299194336,0.6041528582572937,0.5495918989181519,0.5920575261116028,0.540625274181366,0.6198698282241821,0.5452828407287598,0.6319800615310669,0.5864359140396118,0.6327253580093384,0.5562997460365295,0.6247645020484924,0.548577606678009,0.6396888494491577,0.5525011420249939,0.6477698087692261
agarrar,21,10,0.4432099759578705,0.7193154692649841,0.4503268301486969,0.6671507358551025,0.4724259376525879,0.640677809715271,0.49710702896118164,0.6314317584037781,0.513278067111969,0.6212843656539917,0.4907605051994324,0.6993857026100159,0.5198588371276855,0.6611201167106628,0.5139991044998169,0.6384937167167664,0.5059002041816711,0.6320317983627319,0.49567028880119324,0.7227666974067688,0.5218365788459778,0.6805089712142944,0.5137677192687988,0.660495400428772,0.5049326419830322,0.6596888899803162,0.4963555634021759,0.733389139175415,0.5184931755065918,0.690421998500824,0.5109062194824219,0.674607515335083,0.5016767978668213,0.6758922934532166,0.49602848291397095,0.7343987226486206,0.5136021375656128,0.6998891830444336,0.5092530250549316,0.6856859922409058,0.5023945569992065,0.685826301574707
agarrar,21,11,0.438070684671402,0.7307018041610718,0.4473337233066559,0.6865156888961792,0.46975699067115784,0.6665364503860474,0.49510693550109863,0.6627101898193359,0.5094375610351562,0.6652815937995911,0.48810407519340515,0.7325053215026855,0.5163930058479309,0.703004002571106,0.5122786164283752,0.6768909692764282,0.5046294331550598,0.6647629141807556,0.49107059836387634,0.750003457069397,0.5168312788009644,0.714979350566864,0.5107662677764893,0.6890456080436707,0.5016631484031677,0.6803731918334961,0.490757554769516,0.7541426420211792,0.513447105884552,0.7186470627784729,0.5078324675559998,0.6967469453811646,0.49839404225349426,0.690771758556366,0.4899381101131439,0.75054931640625,0.5079582333564758,0.7223137021064758,0.5058204531669617,0.7040868997573853,0.49932751059532166,0.6987641453742981
agarrar,21,12,0.4397873282432556,0.7401485443115234,0.4477347731590271,0.7052874565124512,0.4667932689189911,0.6929314732551575,0.48828455805778503,0.6956851482391357,0.5024443864822388,0.6991294622421265,0.4838252663612366,0.7539263367652893,0.5133625268936157,0.7341747879981995,0.5094103813171387,0.7056095600128174,0.4998137056827545,0.6947640180587769,0.48569098114967346,0.7644162178039551,0.5124064087867737,0.7396095991134644,0.5085898637771606,0.7123751044273376,0.5001732110977173,0.703616201877594,0.4861902892589569,0.7642583250999451,0.5105190277099609,0.7377570867538452,0.5063974857330322,0.7143772840499878,0.49778133630752563,0.7070869207382202,0.4867030680179596,0.758146345615387,0.5062024593353271,0.7349962592124939,0.5047298073768616,0.716259777545929,0.49860456585884094,0.7100356817245483
agarrar,21,13,0.5978173613548279,0.7126124501228333,0.5676869750022888,0.6868554353713989,0.5507793426513672,0.6472191214561462,0.5405323505401611,0.6181197166442871,0.531938374042511,0.5929093360900879,0.5678585767745972,0.6036722660064697,0.5398985147476196,0.5973726511001587,0.5278780460357666,0.623874306678772,0.5263354778289795,0.644403874874115,0.5767183303833008,0.6154055595397949,0.545383870601654,0.6096384525299072,0.5332646369934082,0.6383863091468811,0.5329083800315857,0.6577365398406982,0.5834054350852966,0.6361029744148254,0.5545859932899475,0.6283997893333435,0.5428803563117981,0.6532937288284302,0.5420695543289185,0.6704565286636353,0.5876848101615906,0.6619910001754761,0.5667468905448914,0.6543934941291809,0.5558765530586243,0.6646219491958618,0.552152693271637,0.6749053597450256
agarrar,21,14,0.5946762561798096,0.7163963317871094,0.565825879573822,0.6959202289581299,0.5488772392272949,0.6579353213310242,0.5382388830184937,0.6306616067886353,0.5281481146812439,0.6084029674530029,0.563471257686615,0.6137803792953491,0.5355208516120911,0.6117597818374634,0.5232477784156799,0.6388528347015381,0.5211176872253418,0.6599137187004089,0.572152316570282,0.6239763498306274,0.541626513004303,0.6235756874084473,0.5289660692214966,0.6525963544845581,0.5277364253997803,0.6724013090133667,0.5790175199508667,0.6431484818458557,0.5513637661933899,0.6399263739585876,0.539057731628418,0.6651824712753296,0.5373497009277344,0.6822327971458435,0.5841978192329407,0.6678165793418884,0.5636060237884521,0.6639569401741028,0.5524641871452332,0.6761160492897034,0.5484398603439331,0.6867479681968689
agarrar,21,15,0.5972689390182495,0.7320551872253418,0.5646345019340515,0.7135294079780579,0.5472347140312195,0.6759001612663269,0.5361252427101135,0.6490491032600403,0.5261643528938293,0.6269823908805847,0.5619669556617737,0.6262562870979309,0.5326714515686035,0.625092089176178,0.5208888053894043,0.6533424258232117,0.5197391510009766,0.6744682192802429,0.5701793432235718,0.6362821459770203,0.5383574962615967,0.6341122984886169,0.5258578658103943,0.6652694344520569,0.5253667831420898,0.6862666010856628,0.576430082321167,0.6554582715034485,0.5470740795135498,0.6500952243804932,0.5347177386283875,0.6776341795921326,0.5337804555892944,0.696430504322052,0.5805554986000061,0.680426836013794,0.5580553412437439,0.6744202375411987,0.547680675983429,0.6885539889335632,0.5453956127166748,0.7020485401153564
agarrar,21,16,0.5967196226119995,0.737933874130249,0.5629280805587769,0.7239536046981812,0.5449272394180298,0.6890997886657715,0.5338661074638367,0.6640699505805969,0.5240105986595154,0.6464391350746155,0.5574517250061035,0.6381976008415222,0.5270570516586304,0.6405399441719055,0.5158455967903137,0.6698992252349854,0.5149976015090942,0.6909969449043274,0.5648072957992554,0.646735668182373,0.5324798822402954,0.649549126625061,0.5204623341560364,0.6813147068023682,0.5200626850128174,0.7019219398498535,0.5700638890266418,0.6643402576446533,0.5401776432991028,0.6652352809906006,0.528462290763855,0.692579448223114,0.5275701880455017,0.7102994322776794,0.5731816291809082,0.6883575916290283,0.550958514213562,0.6881561875343323,0.541544497013092,0.702935516834259,0.539649486541748,0.7156035900115967
agarrar,21,17,0.5929828882217407,0.7461485266685486,0.5612320303916931,0.7363592982292175,0.5427436828613281,0.7038097977638245,0.5312657356262207,0.6802296042442322,0.5208709239959717,0.6648074388504028,0.5537226796150208,0.6542975902557373,0.5238459706306458,0.6562919616699219,0.5125518441200256,0.6846230626106262,0.511511504650116,0.7057437896728516,0.5605962872505188,0.6614775061607361,0.528313398361206,0.664723813533783,0.515761137008667,0.6942800283432007,0.5145683884620667,0.7150254845619202,0.5652828812599182,0.6777995228767395,0.5350067019462585,0.6820873618125916,0.5224851369857788,0.7077896595001221,0.5201965570449829,0.7253382205963135,0.5680769085884094,0.700309693813324,0.5460824370384216,0.7037434577941895,0.5362550020217896,0.7180535793304443,0.532967746257782,0.7309017777442932
agarrar,21,18,0.5939528346061707,0.7559934258460999,0.562530517578125,0.7545245289802551,0.5441184043884277,0.7269658446311951,0.5330535173416138,0.7075412273406982,0.5229793787002563,0.696132242679596,0.5506919026374817,0.670135498046875,0.5199759006500244,0.6732385754585266,0.5078304409980774,0.7017146348953247,0.5051789283752441,0.724616289138794,0.5561804175376892,0.6757369637489319,0.5229012966156006,0.6786684989929199,0.5098152160644531,0.7085724472999573,0.5081058740615845,0.7316567897796631,0.5601231455802917,0.6912866830825806,0.5294824838638306,0.6938151717185974,0.5168838500976562,0.7207520008087158,0.5148398876190186,0.7408000230789185,0.5624521374702454,0.7139649987220764,0.5400094389915466,0.7172613739967346,0.5301503539085388,0.7329472303390503,0.5276083946228027,0.7481622695922852
agarrar,21,19,0.592683732509613,0.7653213143348694,0.5619917511940002,0.7677124738693237,0.5436777472496033,0.7423626780509949,0.5322743654251099,0.7245159149169922,0.5217856168746948,0.7159793972969055,0.5463296175003052,0.6848040223121643,0.5154467821121216,0.6913159489631653,0.5038804411888123,0.7204204201698303,0.5019164085388184,0.7440154552459717,0.5505226850509644,0.6894160509109497,0.5161566138267517,0.6948793530464172,0.5044360756874084,0.7262011170387268,0.5042224526405334,0.7502112984657288,0.5542010068893433,0.7042077779769897,0.5226008296012878,0.7090200185775757,0.511094331741333,0.7366357445716858,0.5100807547569275,0.7568637728691101,0.5567813515663147,0.7262480854988098,0.53407883644104,0.7304109334945679,0.5255312919616699,0.7461667656898499,0.5241353511810303,0.7615723013877869
agarrar,22,0,0.5619482398033142,0.6528691053390503,0.5481866002082825,0.603981614112854,0.5364059805870056,0.5588057041168213,0.5241225361824036,0.5269400477409363,0.5192837119102478,0.4985928535461426,0.5581892728805542,0.5290778279304504,0.5283527970314026,0.5164332985877991,0.5127385258674622,0.5193526744842529,0.5039404630661011,0.520588755607605,0.5608099699020386,0.5504918098449707,0.5201584100723267,0.5429490804672241,0.5142992734909058,0.5563456416130066,0.5159586668014526,0.5633376240730286,0.5597392916679382,0.576914370059967,0.5211187601089478,0.5721048712730408,0.522361159324646,0.5866276025772095,0.5290997624397278,0.5926948189735413,0.5556966066360474,0.6029457449913025,0.5267031788825989,0.5971434712409973,0.527543306350708,0.6062134504318237,0.53396075963974,0.6103742718696594
agarrar,22,1,0.576489269733429,0.6564010977745056,0.5533415079116821,0.6104719042778015,0.5394366383552551,0.5685114860534668,0.5263850092887878,0.539945125579834,0.5145918130874634,0.5178995132446289,0.563867449760437,0.5371973514556885,0.5333824157714844,0.5220600366592407,0.5217717885971069,0.5343557000160217,0.5189186334609985,0.5412991642951965,0.5679251551628113,0.5595604181289673,0.5303786993026733,0.5509978532791138,0.5264784693717957,0.5710865259170532,0.5320409536361694,0.5807014107704163,0.5682032108306885,0.586251437664032,0.532646656036377,0.5779441595077515,0.5297573804855347,0.5953092575073242,0.5345932841300964,0.6034592986106873,0.5655489563941956,0.6130003333091736,0.5369501709938049,0.6051194667816162,0.5337005257606506,0.6143409013748169,0.5373058319091797,0.6193662881851196
agarrar,22,2,0.5832421779632568,0.668459951877594,0.5574195981025696,0.6256493330001831,0.5449343919754028,0.5814633369445801,0.5339224338531494,0.5476976633071899,0.5219780206680298,0.5222412347793579,0.5681254863739014,0.543167769908905,0.536372184753418,0.5279842615127563,0.5282708406448364,0.5544328093528748,0.5307865738868713,0.5703043937683105,0.573139488697052,0.5641614198684692,0.5348717570304871,0.5549086928367615,0.5297293066978455,0.5810033082962036,0.5353416800498962,0.5929839611053467,0.5745502710342407,0.5905563235282898,0.5385028719902039,0.5831233263015747,0.5345340371131897,0.6045706868171692,0.540164053440094,0.6127418875694275,0.5734553933143616,0.6177679300308228,0.5456854104995728,0.6125002503395081,0.5424311757087708,0.6237425804138184,0.5475659370422363,0.6281651854515076
agarrar,22,3,0.5859147906303406,0.6832592487335205,0.5610191226005554,0.6357132792472839,0.5488832592964172,0.5924357175827026,0.5385395288467407,0.5591682195663452,0.5285658836364746,0.5319720506668091,0.5718353390693665,0.5514718890190125,0.5412021279335022,0.5363539457321167,0.5317237377166748,0.5634171366691589,0.532960832118988,0.5809226036071777,0.5779295563697815,0.5721742510795593,0.5413860082626343,0.5621049404144287,0.5323576331138611,0.5905144214630127,0.5351501703262329,0.6055895090103149,0.5803925395011902,0.5986118912696838,0.546106219291687,0.5883501172065735,0.538723886013031,0.6124894022941589,0.5425522327423096,0.6246076226234436,0.5805182456970215,0.626111626625061,0.553058385848999,0.6180769801139832,0.5470017194747925,0.6301195621490479,0.5507155060768127,0.6371633410453796
agarrar,22,4,0.5846426486968994,0.6961855888366699,0.562102735042572,0.6468619108200073,0.5491947531700134,0.6031013131141663,0.5388663411140442,0.5688050389289856,0.5320466756820679,0.5400901436805725,0.5741238594055176,0.5595189929008484,0.5422045588493347,0.5454893112182617,0.5314511060714722,0.5767022371292114,0.5328106880187988,0.5968007445335388,0.5816794633865356,0.5782613158226013,0.5436315536499023,0.565934956073761,0.533214807510376,0.5991172194480896,0.5370250940322876,0.615655243396759,0.5853872299194336,0.6041528582572937,0.5495918989181519,0.5920575261116028,0.540625274181366,0.6198698282241821,0.5452828407287598,0.6319800615310669,0.5864359140396118,0.6327253580093384,0.5562997460365295,0.6247645020484924,0.548577606678009,0.6396888494491577,0.5525011420249939,0.6477698087692261
agarrar,22,5,0.4432099759578705,0.7193154692649841,0.4503268301486969,0.6671507358551025,0.4724259376525879,0.640677809715271,0.49710702896118164,0.6314317584037781,0.513278067111969,0.6212843656539917,0.4907605051994324,0.6993857026100159,0.5198588371276855,0.6611201167106628,0.5139991044998169,0.6384937167167664,0.5059002041816711,0.6320317983627319,0.49567028880119324,0.7227666974067688,0.5218365788459778,0.6805089712142944,0.5137677192687988,0.660495400428772,0.5049326419830322,0.6596888899803162,0.4963555634021759,0.733389139175415,0.5184931755065918,0.690421998500824,0.5109062194824219,0.674607515335083,0.5016767978668213,0.6758922934532166,0.49602848291397095,0.7343987226486206,0.5136021375656128,0.6998891830444336,0.5092530250549316,0.6856859922409058,0.5023945569992065,0.685826301574707
agarrar,22,6,0.438070684671402,0.7307018041610718,0.4473337233066559,0.6865156888961792,0.46975699067115784,0.6665364503860474,0.49510693550109863,0.6627101898193359,0.5094375610351562,0.6652815937995911,0.48810407519340515,0.7325053215026855,0.5163930058479309,0.703004002571106,0.5122786164283752,0.6768909692764282,0.5046294331550598,0.6647629141807556,0.49107059836387634,0.750003457069397,0.5168312788009644,0.714979350566864,0.5107662677764893,0.6890456080436707,0.5016631484031677,0.6803731918334961,0.490757554769516,0.7541426420211792,0.513447105884552,0.7186470627784729,0.5078324675559998,0.6967469453811646,0.49839404225349426,0.690771758556366,0.4899381101131439,0.75054931640625,0.5079582333564758,0.7223137021064758,0.5058204531669617,0.7040868997573853,0.49932751059532166,0.6987641453742981
agarrar,22,7,0.4397873282432556,0.7401485443115234,0.4477347731590271,0.7052874565124512,0.4667932689189911,0.6929314732551575,0.48828455805778503,0.6956851482391357,0.5024443864822388,0.6991294622421265,0.4838252663612366,0.7539263367652893,0.5133625268936157,0.7341747879981995,0.5094103813171387,0.7056095600128174,0.4998137056827545,0.6947640180587769,0.48569098114967346,0.7644162178039551,0.5124064087867737,0.7396095991134644,0.5085898637771606,0.7123751044273376,0.5001732110977173,0.703616201877594,0.4861902892589569,0.7642583250999451,0.5105190277099609,0.7377570867538452,0.5063974857330322,0.7143772840499878,0.49778133630752563,0.7070869207382202,0.4867030680179596,0.758146345615387,0.5062024593353271,0.7349962592124939,0.5047298073768616,0.716259777545929,0.49860456585884094,0.7100356817245483
agarrar,22,8,0.5978173613548279,0.7126124501228333,0.5676869750022888,0.6868554353713989,0.5507793426513672,0.6472191214561462,0.5405323505401611,0.6181197166442871,0.531938374042511,0.5929093360900879,0.5678585767745972,0.6036722660064697,0.5398985147476196,0.5973726511001587,0.5278780460357666,0.623874306678772,0.5263354778289795,0.644403874874115,0.5767183303833008,0.6154055595397949,0.545383870601654,0.6096384525299072,0.5332646369934082,0.6383863091468811,0.5329083800315857,0.6577365398406982,0.5834054350852966,0.6361029744148254,0.5545859932899475,0.6283997893333435,0.5428803563117981,0.6532937288284302,0.5420695543289185,0.6704565286636353,0.5876848101615906,0.6619910001754761,0.5667468905448914,0.6543934941291809,0.5558765530586243,0.6646219491958618,0.552152693271637,0.6749053597450256
agarrar,22,9,0.5946762561798096,0.7163963317871094,0.565825879573822,0.6959202289581299,0.5488772392272949,0.6579353213310242,0.5382388830184937,0.6306616067886353,0.5281481146812439,0.6084029674530029,0.563471257686615,0.6137803792953491,0.5355208516120911,0.6117597818374634,0.5232477784156799,0.6388528347015381,0.5211176872253418,0.6599137187004089,0.572152316570282,0.6239763498306274,0.541626513004303,0.6235756874084473,0.5289660692214966,0.6525963544845581,0.5277364253997803,0.6724013090133667,0.5790175199508667,0.6431484818458557,0.5513637661933899,0.6399263739585876,0.539057731628418,0.6651824712753296,0.5373497009277344,0.6822327971458435,0.5841978192329407,0.6678165793418884,0.5636060237884521,0.6639569401741028,0.5524641871452332,0.6761160492897034,0.5484398603439331,0.6867479681968689
agarrar,22,10,0.5972689390182495,0.7320551872253418,0.5646345019340515,0.7135294079780579,0.5472347140312195,0.6759001612663269,0.5361252427101135,0.6490491032600403,0.5261643528938293,0.6269823908805847,0.5619669556617737,0.6262562870979309,0.5326714515686035,0.625092089176178,0.5208888053894043,0.6533424258232117,0.5197391510009766,0.6744682192802429,0.5701793432235718,0.6362821459770203,0.5383574962615967,0.6341122984886169,0.5258578658103943,0.6652694344520569,0.5253667831420898,0.6862666010856628,0.576430082321167,0.6554582715034485,0.5470740795135498,0.6500952243804932,0.5347177386283875,0.6776341795921326,0.5337804555892944,0.696430504322052,0.5805554986000061,0.680426836013794,0.5580553412437439,0.6744202375411987,0.547680675983429,0.6885539889335632,0.5453956127166748,0.7020485401153564
agarrar,22,11,0.5967196226119995,0.737933874130249,0.5629280805587769,0.7239536046981812,0.5449272394180298,0.6890997886657715,0.5338661074638367,0.6640699505805969,0.5240105986595154,0.6464391350746155,0.5574517250061035,0.6381976008415222,0.5270570516586304,0.6405399441719055,0.5158455967903137,0.6698992252349854,0.5149976015090942,0.6909969449043274,0.5648072957992554,0.646735668182373,0.5324798822402954,0.649549126625061,0.5204623341560364,0.6813147068023682,0.5200626850128174,0.7019219398498535,0.5700638890266418,0.6643402576446533,0.5401776432991028,0.6652352809906006,0.528462290763855,0.692579448223114,0.5275701880455017,0.7102994322776794,0.5731816291809082,0.6883575916290283,0.550958514213562,0.6881561875343323,0.541544497013092,0.702935516834259,0.539649486541748,0.7156035900115967
agarrar,22,12,0.5929828882217407,0.7461485266685486,0.5612320303916931,0.7363592982292175,0.5427436828613281,0.7038097977638245,0.5312657356262207,0.6802296042442322,0.5208709239959717,0.6648074388504028,0.5537226796150208,0.6542975902557373,0.5238459706306458,0.6562919616699219,0.5125518441200256,0.6846230626106262,0.511511504650116,0.7057437896728516,0.5605962872505188,0.6614775061607361,0.528313398361206,0.664723813533783,0.515761137008667,0.6942800283432007,0.5145683884620667,0.7150254845619202,0.5652828812599182,0.6777995228767395,0.5350067019462585,0.6820873618125916,0.5224851369857788,0.7077896595001221,0.5201965570449829,0.7253382205963135,0.5680769085884094,0.700309693813324,0.5460824370384216,0.7037434577941895,0.5362550020217896,0.7180535793304443,0.532967746257782,0.7309017777442932
agarrar,22,13,0.5939528346061707,0.7559934258460999,0.562530517578125,0.7545245289802551,0.5441184043884277,0.7269658446311951,0.5330535173416138,0.7075412273406982,0.5229793787002563,0.696132242679596,0.5506919026374817,0.670135498046875,0.5199759006500244,0.6732385754585266,0.5078304409980774,0.7017146348953247,0.5051789283752441,0.724616289138794,0.5561804175376892,0.6757369637489319,0.5229012966156006,0.6786684989929199,0.5098152160644531,0.7085724472999573,0.5081058740615845,0.7316567897796631,0.5601231455802917,0.6912866830825806,0.5294824838638306,0.6938151717185974,0.5168838500976562,0.7207520008087158,0.5148398876190186,0.7408000230789185,0.5624521374702454,0.7139649987220764,0.5400094389915466,0.7172613739967346,0.5301503539085388,0.7329472303390503,0.5276083946228027,0.7481622695922852
agarrar,22,14,0.592683732509613,0.7653213143348694,0.5619917511940002,0.7677124738693237,0.5436777472496033,0.7423626780509949,0.5322743654251099,0.7245159149169922,0.5217856168746948,0.7159793972969055,0.5463296175003052,0.6848040223121643,0.5154467821121216,0.6913159489631653,0.5038804411888123,0.7204204201698303,0.5019164085388184,0.7440154552459717,0.5505226850509644,0.6894160509109497,0.5161566138267517,0.6948793530464172,0.5044360756874084,0.7262011170387268,0.5042224526405334,0.7502112984657288,0.5542010068893433,0.7042077779769897,0.5226008296012878,0.7090200185775757,0.511094331741333,0.7366357445716858,0.5100807547569275,0.7568637728691101,0.5567813515663147,0.7262480854988098,0.53407883644104,0.7304109334945679,0.5255312919616699,0.7461667656898499,0.5241353511810303,0.7615723013877869
agarrar,22,15,0.5901601910591125,0.7779885530471802,0.5585530400276184,0.7820408344268799,0.5401318669319153,0.7563735246658325,0.5291085243225098,0.736944854259491,0.5194157958030701,0.7260071635246277,0.541084885597229,0.6992020010948181,0.5114465951919556,0.7064234018325806,0.5005404353141785,0.7354574799537659,0.4981609582901001,0.7595451474189758,0.5457167029380798,0.7027086615562439,0.5123163461685181,0.7102664709091187,0.5011943578720093,0.7408981919288635,0.5001455545425415,0.7645854353904724,0.5497427582740784,0.7164688110351562,0.5182968378067017,0.7242793440818787,0.5070855021476746,0.7513970136642456,0.5050802826881409,0.7720405459403992,0.5521427392959595,0.7378258109092712,0.5301114320755005,0.7436001300811768,0.5218685865402222,0.760206401348114,0.5196724534034729,0.7772233486175537
agarrar,22,16,0.5881567597389221,0.7869458794593811,0.5568097233772278,0.7902491688728333,0.5373180508613586,0.7654563188552856,0.5255938172340393,0.7468199729919434,0.5152116417884827,0.7371969819068909,0.536658763885498,0.7132750749588013,0.5068022012710571,0.7243344187736511,0.4971711337566376,0.7524904012680054,0.49614816904067993,0.7749269604682922,0.5412740707397461,0.7172096371650696,0.5080265998840332,0.7286780476570129,0.4985656142234802,0.7578228712081909,0.49875932931900024,0.7803105711936951,0.5453937649726868,0.7307664155960083,0.5139213800430298,0.7405697107315063,0.504426121711731,0.7665876150131226,0.5039898157119751,0.7859853506088257,0.548183798789978,0.7515124678611755,0.5257510542869568,0.756817638874054,0.5181199312210083,0.7726848125457764,0.5167733430862427,0.7889679670333862
agarrar,22,17,0.5830414891242981,0.7941701412200928,0.555657684803009,0.7975833415985107,0.5361676812171936,0.7773058414459229,0.5230600833892822,0.761297881603241,0.5123063325881958,0.7555417418479919,0.534939706325531,0.7229318618774414,0.503635048866272,0.7373687624931335,0.495773047208786,0.767608106136322,0.4972529411315918,0.7887009382247925,0.5379968285560608,0.7282246947288513,0.503920316696167,0.74161297082901,0.49659794569015503,0.771724283695221,0.49899545311927795,0.7930984497070312,0.5404565334320068,0.7428016066551208,0.5093694925308228,0.7536619901657104,0.5012357831001282,0.7809547781944275,0.5021393299102783,0.8011712431907654,0.5422704815864563,0.7637442946434021,0.5205608010292053,0.7700293064117432,0.513762354850769,0.7876784801483154,0.5130100250244141,0.8049070835113525
agarrar,22,18,0.5813694000244141,0.7990710139274597,0.5584468841552734,0.7895905375480652,0.5387503504753113,0.7710732221603394,0.5238655209541321,0.7617539763450623,0.5120905041694641,0.763595461845398,0.5329904556274414,0.7330240607261658,0.5001636743545532,0.7507941722869873,0.4941299259662628,0.7801443934440613,0.49841776490211487,0.7975005507469177,0.5355450510978699,0.7402380108833313,0.5005244016647339,0.7567446231842041,0.49638742208480835,0.7866402864456177,0.5015707015991211,0.8047096133232117,0.5383991599082947,0.7558448314666748,0.5060645341873169,0.7683963775634766,0.5025273561477661,0.7961224913597107,0.5075953602790833,0.8132498860359192,0.5411232709884644,0.7775037884712219,0.5170947313308716,0.7825948596000671,0.5118072628974915,0.7993552684783936,0.5134845972061157,0.8140040636062622
agarrar,22,19,0.4534785747528076,0.7994439005851746,0.4655499756336212,0.7880505919456482,0.4832642376422882,0.801352858543396,0.5015149712562561,0.8171842694282532,0.5177170038223267,0.8285350799560547,0.49283942580223083,0.851067304611206,0.5211764574050903,0.8526049256324768,0.5272190570831299,0.8343298435211182,0.523406445980072,0.8188253045082092,0.4928026497364044,0.8532002568244934,0.5176305174827576,0.8521652221679688,0.524600625038147,0.8336367607116699,0.5227932929992676,0.8171180486679077,0.49307411909103394,0.8490830063819885,0.5155114531517029,0.8464275598526001,0.5210373401641846,0.828973114490509,0.5207254886627197,0.8152827620506287,0.49557656049728394,0.8426826596260071,0.5143250823020935,0.8404186964035034,0.5203566551208496,0.8291698098182678,0.5212435722351074,0.8191204071044922
agarrar,23,0,0.4432099759578705,0.7193154692649841,0.4503268301486969,0.6671507358551025,0.4724259376525879,0.640677809715271,0.49710702896118164,0.6314317584037781,0.513278067111969,0.6212843656539917,0.4907605051994324,0.6993857026100159,0.5198588371276855,0.6611201167106628,0.5139991044998169,0.6384937167167664,0.5059002041816711,0.6320317983627319,0.49567028880119324,0.7227666974067688,0.5218365788459778,0.6805089712142944,0.5137677192687988,0.660495400428772,0.5049326419830322,0.6596888899803162,0.4963555634021759,0.733389139175415,0.5184931755065918,0.690421998500824,0.5109062194824219,0.674607515335083,0.5016767978668213,0.6758922934532166,0.49602848291397095,0.7343987226486206,0.5136021375656128,0.6998891830444336,0.5092530250549316,0.6856859922409058,0.5023945569992065,0.685826301574707
agarrar,23,1,0.438070684671402,0.7307018041610718,0.4473337233066559,0.6865156888961792,0.46975699067115784,0.6665364503860474,0.49510693550109863,0.6627101898193359,0.5094375610351562,0.6652815937995911,0.48810407519340515,0.7325053215026855,0.5163930058479309,0.703004002571106,0.5122786164283752,0.6768909692764282,0.5046294331550598,0.6647629141807556,0.49107059836387634,0.750003457069397,0.5168312788009644,0.714979350566864,0.5107662677764893,0.6890456080436707,0.5016631484031677,0.6803731918334961,0.490757554769516,0.7541426420211792,0.513447105884552,0.7186470627784729,0.5078324675559998,0.6967469453811646,0.49839404225349426,0.690771758556366,0.4899381101131439,0.75054931640625,0.5079582333564758,0.7223137021064758,0.5058204531669617,0.7040868997573853,0.49932751059532166,0.6987641453742981
agarrar,23,2,0.4397873282432556,0.7401485443115234,0.4477347731590271,0.7052874565124512,0.4667932689189911,0.6929314732551575,0.48828455805778503,0.6956851482391357,0.5024443864822388,0.6991294622421265,0.4838252663612366,0.7539263367652893,0.5133625268936157,0.7341747879981995,0.5094103813171387,0.7056095600128174,0.4998137056827545,0.6947640180587769,0.48569098114967346,0.7644162178039551,0.5124064087867737,0.7396095991134644,0.5085898637771606,0.7123751044273376,0.5001732110977173,0.703616201877594,0.4861902892589569,0.7642583250999451,0.5105190277099609,0.7377570867538452,0.5063974857330322,0.7143772840499878,0.49778133630752563,0.7070869207382202,0.4867030680179596,0.758146345615387,0.5062024593353271,0.7349962592124939,0.5047298073768616,0.716259777545929,0.49860456585884094,0.7100356817245483
agarrar,23,3,0.5978173613548279,0.7126124501228333,0.5676869750022888,0.6868554353713989,0.5507793426513672,0.6472191214561462,0.5405323505401611,0.6181197166442871,0.531938374042511,0.5929093360900879,0.5678585767745972,0.6036722660064697,0.5398985147476196,0.5973726511001587,0.5278780460357666,0.623874306678772,0.5263354778289795,0.644403874874115,0.5767183303833008,0.6154055595397949,0.545383870601654,0.6096384525299072,0.5332646369934082,0.6383863091468811,0.5329083800315857,0.6577365398406982,0.5834054350852966,0.6361029744148254,0.5545859932899475,0.6283997893333435,0.5428803563117981,0.6532937288284302,0.5420695543289185,0.6704565286636353,0.5876848101615906,0.6619910001754761,0.5667468905448914,0.6543934941291809,0.5558765530586243,0.6646219491958618,0.552152693271637,0.6749053597450256
agarrar,23,4,0.5946762561798096,0.7163963317871094,0.565825879573822,0.6959202289581299,0.5488772392272949,0.6579353213310242,0.5382388830184937,0.6306616067886353,0.5281481146812439,0.6084029674530029,0.563471257686615,0.6137803792953491,0.5355208516120911,0.6117597818374634,0.5232477784156799,0.6388528347015381,0.5211176872253418,0.6599137187004089,0.572152316570282,0.6239763498306274,0.541626513004303,0.6235756874084473,0.5289660692214966,0.6525963544845581,0.5277364253997803,0.6724013090133667,0.5790175199508667,0.6431484818458557,0.5513637661933899,0.6399263739585876,0.539057731628418,0.6651824712753296,0.5373497009277344,0.6822327971458435,0.5841978192329407,0.6678165793418884,0.5636060237884521,0.6639569401741028,0.5524641871452332,0.6761160492897034,0.5484398603439331,0.6867479681968689
agarrar,23,5,0.5972689390182495,0.7320551872253418,0.5646345019340515,0.7135294079780579,0.5472347140312195,0.6759001612663269,0.5361252427101135,0.6490491032600403,0.5261643528938293,0.6269823908805847,0.5619669556617737,0.6262562870979309,0.5326714515686035,0.625092089176178,0.5208888053894043,0.6533424258232117,0.5197391510009766,0.6744682192802429,0.5701793432235718,0.6362821459770203,0.5383574962615967,0.6341122984886169,0.5258578658103943,0.6652694344520569,0.5253667831420898,0.6862666010856628,0.576430082321167,0.6554582715034485,0.5470740795135498,0.6500952243804932,0.5347177386283875,0.6776341795921326,0.5337804555892944,0.696430504322052,0.5805554986000061,0.680426836013794,0.5580553412437439,0.6744202375411987,0.547680675983429,0.6885539889335632,0.5453956127166748,0.7020485401153564
agarrar,23,6,0.5967196226119995,0.737933874130249,0.5629280805587769,0.7239536046981812,0.5449272394180298,0.6890997886657715,0.5338661074638367,0.6640699505805969,0.5240105986595154,0.6464391350746155,0.5574517250061035,0.6381976008415222,0.5270570516586304,0.6405399441719055,0.5158455967903137,0.6698992252349854,0.5149976015090942,0.6909969449043274,0.5648072957992554,0.646735668182373,0.5324798822402954,0.649549126625061,0.5204623341560364,0.6813147068023682,0.5200626850128174,0.7019219398498535,0.5700638890266418,0.6643402576446533,0.5401776432991028,0.6652352809906006,0.528462290763855,0.692579448223114,0.5275701880455017,0.7102994322776794,0.5731816291809082,0.6883575916290283,0.550958514213562,0.6881561875343323,0.541544497013092,0.702935516834259,0.539649486541748,0.7156035900115967
agarrar,23,7,0.5929828882217407,0.7461485266685486,0.5612320303916931,0.7363592982292175,0.5427436828613281,0.7038097977638245,0.5312657356262207,0.6802296042442322,0.5208709239959717,0.6648074388504028,0.5537226796150208,0.6542975902557373,0.5238459706306458,0.6562919616699219,0.5125518441200256,0.6846230626106262,0.511511504650116,0.7057437896728516,0.5605962872505188,0.6614775061607361,0.528313398361206,0.664723813533783,0.515761137008667,0.6942800283432007,0.5145683884620667,0.7150254845619202,0.5652828812599182,0.6777995228767395,0.5350067019462585,0.6820873618125916,0.5224851369857788,0.7077896595001221,0.5201965570449829,0.7253382205963135,0.5680769085884094,0.700309693813324,0.5460824370384216,0.7037434577941895,0.5362550020217896,0.7180535793304443,0.532967746257782,0.7309017777442932
agarrar,23,8,0.5939528346061707,0.7559934258460999,0.562530517578125,0.7545245289802551,0.5441184043884277,0.7269658446311951,0.5330535173416138,0.7075412273406982,0.5229793787002563,0.696132242679596,0.5506919026374817,0.670135498046875,0.5199759006500244,0.6732385754585266,0.5078304409980774,0.7017146348953247,0.5051789283752441,0.724616289138794,0.5561804175376892,0.6757369637489319,0.5229012966156006,0.6786684989929199,0.5098152160644531,0.7085724472999573,0.5081058740615845,0.7316567897796631,0.5601231455802917,0.6912866830825806,0.5294824838638306,0.6938151717185974,0.5168838500976562,0.7207520008087158,0.5148398876190186,0.7408000230789185,0.5624521374702454,0.7139649987220764,0.5400094389915466,0.7172613739967346,0.5301503539085388,0.7329472303390503,0.5276083946228027,0.7481622695922852
agarrar,23,9,0.592683732509613,0.7653213143348694,0.5619917511940002,0.7677124738693237,0.5436777472496033,0.7423626780509949,0.5322743654251099,0.7245159149169922,0.5217856168746948,0.7159793972969055,0.5463296175003052,0.6848040223121643,0.5154467821121216,0.6913159489631653,0.5038804411888123,0.7204204201698303,0.5019164085388184,0.7440154552459717,0.5505226850509644,0.6894160509109497,0.5161566138267517,0.6948793530464172,0.5044360756874084,0.7262011170387268,0.5042224526405334,0.7502112984657288,0.5542010068893433,0.7042077779769897,0.5226008296012878,0.7090200185775757,0.511094331741333,0.7366357445716858,0.5100807547569275,0.7568637728691101,0.5567813515663147,0.7262480854988098,0.53407883644104,0.7304109334945679,0.5255312919616699,0.7461667656898499,0.5241353511810303,0.7615723013877869
agarrar,23,10,0.5901601910591125,0.7779885530471802,0.5585530400276184,0.7820408344268799,0.5401318669319153,0.7563735246658325,0.5291085243225098,0.736944854259491,0.5194157958030701,0.7260071635246277,0.541084885597229,0.6992020010948181,0.5114465951919556,0.7064234018325806,0.5005404353141785,0.7354574799537659,0.4981609582901001,0.7595451474189758,0.5457167029380798,0.7027086615562439,0.5123163461685181,0.7102664709091187,0.5011943578720093,0.7408981919288635,0.5001455545425415,0.7645854353904724,0.5497427582740784,0.7164688110351562,0.5182968378067017,0.7242793440818787,0.5070855021476746,0.7513970136642456,0.5050802826881409,0.7720405459403992,0.5521427392959595,0.7378258109092712,0.5301114320755005,0.7436001300811768,0.5218685865402222,0.760206401348114,0.5196724534034729,0.7772233486175537
agarrar,23,11,0.5881567597389221,0.7869458794593811,0.5568097233772278,0.7902491688728333,0.5373180508613586,0.7654563188552856,0.5255938172340393,0.7468199729919434,0.5152116417884827,0.7371969819068909,0.536658763885498,0.7132750749588013,0.5068022012710571,0.7243344187736511,0.4971711337566376,0.7524904012680054,0.49614816904067993,0.7749269604682922,0.5412740707397461,0.7172096371650696,0.5080265998840332,0.7286780476570129,0.4985656142234802,0.7578228712081909,0.49875932931900024,0.7803105711936951,0.5453937649726868,0.7307664155960083,0.5139213800430298,0.7405697107315063,0.504426121711731,0.7665876150131226,0.5039898157119751,0.7859853506088257,0.548183798789978,0.7515124678611755,0.5257510542869568,0.756817638874054,0.5181199312210083,0.7726848125457764,0.5167733430862427,0.7889679670333862
agarrar,23,12,0.5830414891242981,0.7941701412200928,0.555657684803009,0.7975833415985107,0.5361676812171936,0.7773058414459229,0.5230600833892822,0.761297881603241,0.5123063325881958,0.7555417418479919,0.534939706325531,0.7229318618774414,0.503635048866272,0.7373687624931335,0.495773047208786,0.767608106136322,0.4972529411315918,0.7887009382247925,0.5379968285560608,0.7282246947288513,0.503920316696167,0.74161297082901,0.49659794569015503,0.771724283695221,0.49899545311927795,0.7930984497070312,0.5404565334320068,0.7428016066551208,0.5093694925308228,0.7536619901657104,0.5012357831001282,0.7809547781944275,0.5021393299102783,0.8011712431907654,0.5422704815864563,0.7637442946434021,0.5205608010292053,0.7700293064117432,0.513762354850769,0.7876784801483154,0.5130100250244141,0.8049070835113525
agarrar,23,13,0.5813694000244141,0.7990710139274597,0.5584468841552734,0.7895905375480652,0.5387503504753113,0.7710732221603394,0.5238655209541321,0.7617539763450623,0.5120905041694641,0.763595461845398,0.5329904556274414,0.7330240607261658,0.5001636743545532,0.7507941722869873,0.4941299259662628,0.7801443934440613,0.49841776490211487,0.7975005507469177,0.5355450510978699,0.7402380108833313,0.5005244016647339,0.7567446231842041,0.49638742208480835,0.7866402864456177,0.5015707015991211,0.8047096133232117,0.5383991599082947,0.7558448314666748,0.5060645341873169,0.7683963775634766,0.5025273561477661,0.7961224913597107,0.5075953602790833,0.8132498860359192,0.5411232709884644,0.7775037884712219,0.5170947313308716,0.7825948596000671,0.5118072628974915,0.7993552684783936,0.5134845972061157,0.8140040636062622
agarrar,23,14,0.4534785747528076,0.7994439005851746,0.4655499756336212,0.7880505919456482,0.4832642376422882,0.801352858543396,0.5015149712562561,0.8171842694282532,0.5177170038223267,0.8285350799560547,0.49283942580223083,0.851067304611206,0.5211764574050903,0.8526049256324768,0.5272190570831299,0.8343298435211182,0.523406445980072,0.8188253045082092,0.4928026497364044,0.8532002568244934,0.5176305174827576,0.8521652221679688,0.524600625038147,0.8336367607116699,0.5227932929992676,0.8171180486679077,0.49307411909103394,0.8490830063819885,0.5155114531517029,0.8464275598526001,0.5210373401641846,0.828973114490509,0.5207254886627197,0.8152827620506287,0.49557656049728394,0.8426826596260071,0.5143250823020935,0.8404186964035034,0.5203566551208496,0.8291698098182678,0.5212435722351074,0.8191204071044922
agarrar,23,15,0.5740529298782349,0.8109450340270996,0.5572722554206848,0.7935552000999451,0.5365887880325317,0.7768364548683167,0.5198365449905396,0.7736387252807617,0.5082342624664307,0.7801914215087891,0.5302785634994507,0.7517266273498535,0.4947192370891571,0.760230541229248,0.4978608787059784,0.7819028496742249,0.5074140429496765,0.7871438264846802,0.5332394242286682,0.7633715271949768,0.4974433481693268,0.7730496525764465,0.5025376677513123,0.7926051616668701,0.512054979801178,0.7955357432365417,0.5362302660942078,0.7812294363975525,0.5028238296508789,0.787661075592041,0.5080662965774536,0.804216206073761,0.5178700685501099,0.8061845898628235,0.5393905639648438,0.8018774390220642,0.5128719210624695,0.8039579391479492,0.5160267353057861,0.8153454065322876,0.5254256725311279,0.8201307058334351
agarrar,23,16,0.5732513070106506,0.8184919357299805,0.5557767152786255,0.7997537851333618,0.5360110998153687,0.7813687324523926,0.519400417804718,0.7758094072341919,0.5075512528419495,0.7808620929718018,0.5309906005859375,0.7545597553253174,0.4944590628147125,0.7629954814910889,0.4990071654319763,0.7828839421272278,0.5093810558319092,0.7877477407455444,0.5341806411743164,0.7660671472549438,0.4972612261772156,0.7766679525375366,0.5040765404701233,0.7937686443328857,0.5139899849891663,0.7957308292388916,0.5371428728103638,0.7840038537979126,0.5033186078071594,0.7905831933021545,0.5101264119148254,0.8046106696128845,0.5201091766357422,0.8053619265556335,0.540098249912262,0.8053885102272034,0.5138735771179199,0.8064810633659363,0.517882764339447,0.8157153129577637,0.5270898938179016,0.8191304802894592
agarrar,23,17,0.5701603293418884,0.8235820531845093,0.5514490008354187,0.8052031993865967,0.5309826135635376,0.7855265140533447,0.5138620734214783,0.777466893196106,0.5013668537139893,0.7782850861549377,0.5297133922576904,0.7565745711326599,0.4951852560043335,0.7635945677757263,0.4981692135334015,0.7828182578086853,0.50677889585495,0.7868446111679077,0.5341712236404419,0.7685205340385437,0.4984169602394104,0.7783213257789612,0.5036706328392029,0.794098436832428,0.5123593211174011,0.7953349947929382,0.5378271341323853,0.7867550253868103,0.5046736598014832,0.7921407222747803,0.5097701549530029,0.8050373792648315,0.5183550715446472,0.805971622467041,0.5410513877868652,0.8078851103782654,0.5165430903434753,0.8084123134613037,0.518514096736908,0.8147227764129639,0.5253438353538513,0.8163644671440125
agarrar,23,18,0.5680610537528992,0.8279877305030823,0.5478137135505676,0.8091150522232056,0.5271339416503906,0.7882437705993652,0.5097178816795349,0.7788044214248657,0.49676722288131714,0.7762950658798218,0.5284296870231628,0.7578477263450623,0.49533891677856445,0.7643799781799316,0.49733564257621765,0.7842644453048706,0.5053550004959106,0.7884597778320312,0.5333613753318787,0.7694976329803467,0.49878978729248047,0.7798351049423218,0.5035309791564941,0.7957566976547241,0.5121095776557922,0.7962892055511475,0.5374577045440674,0.7868207693099976,0.5050570368766785,0.7934004068374634,0.5100829005241394,0.8068813681602478,0.5186833143234253,0.8072398900985718,0.5408523678779602,0.8074830770492554,0.5159375667572021,0.8085390329360962,0.5186161994934082,0.8165270686149597,0.5265317559242249,0.818794310092926
agarrar,23,19,0.565060555934906,0.8295868635177612,0.5435681939125061,0.8101028800010681,0.5237284302711487,0.7883092164993286,0.5071328282356262,0.7774237394332886,0.4939531683921814,0.7711513042449951,0.526723325252533,0.7581267356872559,0.499302476644516,0.7636911273002625,0.49357208609580994,0.7772923707962036,0.49361005425453186,0.7798523306846619,0.5321682095527649,0.7702546715736389,0.5025708079338074,0.7792088389396667,0.49993225932121277,0.7899307608604431,0.5015343427658081,0.7895750403404236,0.5364203453063965,0.7875061631202698,0.5084275603294373,0.7941312789916992,0.5069838166236877,0.801893413066864,0.5091548562049866,0.799765408039093,0.5395663976669312,0.8078749775886536,0.5174763202667236,0.8084086179733276,0.5150010585784912,0.8121644854545593,0.5164311528205872,0.8117275834083557
agarrar,24,0,0.5972689390182495,0.7320551872253418,0.5646345019340515,0.7135294079780579,0.5472347140312195,0.6759001612663269,0.5361252427101135,0.6490491032600403,0.5261643528938293,0.6269823908805847,0.5619669556617737,0.6262562870979309,0.5326714515686035,0.625092089176178,0.5208888053894043,0.6533424258232117,0.5197391510009766,0.6744682192802429,0.5701793432235718,0.6362821459770203,0.5383574962615967,0.6341122984886169,0.5258578658103943,0.6652694344520569,0.5253667831420898,0.6862666010856628,0.576430082321167,0.6554582715034485,0.5470740795135498,0.6500952243804932,0.5347177386283875,0.6776341795921326,0.5337804555892944,0.696430504322052,0.5805554986000061,0.680426836013794,0.5580553412437439,0.6744202375411987,0.547680675983429,0.6885539889335632,0.5453956127166748,0.7020485401153564
agarrar,24,1,0.5967196226119995,0.737933874130249,0.5629280805587769,0.7239536046981812,0.5449272394180298,0.6890997886657715,0.5338661074638367,0.6640699505805969,0.5240105986595154,0.6464391350746155,0.5574517250061035,0.6381976008415222,0.5270570516586304,0.6405399441719055,0.5158455967903137,0.6698992252349854,0.5149976015090942,0.6909969449043274,0.5648072957992554,0.646735668182373,0.5324798822402954,0.649549126625061,0.5204623341560364,0.6813147068023682,0.5200626850128174,0.7019219398498535,0.5700638890266418,0.6643402576446533,0.5401776432991028,0.6652352809906006,0.528462290763855,0.692579448223114,0.5275701880455017,0.7102994322776794,0.5731816291809082,0.6883575916290283,0.550958514213562,0.6881561875343323,0.541544497013092,0.702935516834259,0.539649486541748,0.7156035900115967
agarrar,24,2,0.5929828882217407,0.7461485266685486,0.5612320303916931,0.7363592982292175,0.5427436828613281,0.7038097977638245,0.5312657356262207,0.6802296042442322,0.5208709239959717,0.6648074388504028,0.5537226796150208,0.6542975902557373,0.5238459706306458,0.6562919616699219,0.5125518441200256,0.6846230626106262,0.511511504650116,0.7057437896728516,0.5605962872505188,0.6614775061607361,0.528313398361206,0.664723813533783,0.515761137008667,0.6942800283432007,0.5145683884620667,0.7150254845619202,0.5652828812599182,0.6777995228767395,0.5350067019462585,0.6820873618125916,0.5224851369857788,0.7077896595001221,0.5201965570449829,0.7253382205963135,0.5680769085884094,0.700309693813324,0.5460824370384216,0.7037434577941895,0.5362550020217896,0.7180535793304443,0.532967746257782,0.7309017777442932
agarrar,24,3,0.5939528346061707,0.7559934258460999,0.562530517578125,0.7545245289802551,0.5441184043884277,0.7269658446311951,0.5330535173416138,0.7075412273406982,0.5229793787002563,0.696132242679596,0.5506919026374817,0.670135498046875,0.5199759006500244,0.6732385754585266,0.5078304409980774,0.7017146348953247,0.5051789283752441,0.724616289138794,0.5561804175376892,0.6757369637489319,0.5229012966156006,0.6786684989929199,0.5098152160644531,0.7085724472999573,0.5081058740615845,0.7316567897796631,0.5601231455802917,0.6912866830825806,0.5294824838638306,0.6938151717185974,0.5168838500976562,0.7207520008087158,0.5148398876190186,0.7408000230789185,0.5624521374702454,0.7139649987220764,0.5400094389915466,0.7172613739967346,0.5301503539085388,0.7329472303390503,0.5276083946228027,0.7481622695922852
agarrar,24,4,0.592683732509613,0.7653213143348694,0.5619917511940002,0.7677124738693237,0.5436777472496033,0.7423626780509949,0.5322743654251099,0.7245159149169922,0.5217856168746948,0.7159793972969055,0.5463296175003052,0.6848040223121643,0.5154467821121216,0.6913159489631653,0.5038804411888123,0.7204204201698303,0.5019164085388184,0.7440154552459717,0.5505226850509644,0.6894160509109497,0.5161566138267517,0.6948793530464172,0.5044360756874084,0.7262011170387268,0.5042224526405334,0.7502112984657288,0.5542010068893433,0.7042077779769897,0.5226008296012878,0.7090200185775757,0.511094331741333,0.7366357445716858,0.5100807547569275,0.7568637728691101,0.5567813515663147,0.7262480854988098,0.53407883644104,0.7304109334945679,0.5255312919616699,0.7461667656898499,0.5241353511810303,0.7615723013877869
agarrar,24,5,0.5901601910591125,0.7779885530471802,0.5585530400276184,0.7820408344268799,0.5401318669319153,0.7563735246658325,0.5291085243225098,0.736944854259491,0.5194157958030701,0.7260071635246277,0.541084885597229,0.6992020010948181,0.5114465951919556,0.7064234018325806,0.5005404353141785,0.7354574799537659,0.4981609582901001,0.7595451474189758,0.5457167029380798,0.7027086615562439,0.5123163461685181,0.7102664709091187,0.5011943578720093,0.7408981919288635,0.5001455545425415,0.7645854353904724,0.5497427582740784,0.7164688110351562,0.5182968378067017,0.7242793440818787,0.5070855021476746,0.7513970136642456,0.5050802826881409,0.7720405459403992,0.5521427392959595,0.7378258109092712,0.5301114320755005,0.7436001300811768,0.5218685865402222,0.760206401348114,0.5196724534034729,0.7772233486175537
agarrar,24,6,0.5881567597389221,0.7869458794593811,0.5568097233772278,0.7902491688728333,0.5373180508613586,0.7654563188552856,0.5255938172340393,0.7468199729919434,0.5152116417884827,0.7371969819068909,0.536658763885498,0.7132750749588013,0.5068022012710571,0.7243344187736511,0.4971711337566376,0.7524904012680054,0.49614816904067993,0.7749269604682922,0.5412740707397461,0.7172096371650696,0.5080265998840332,0.7286780476570129,0.4985656142234802,0.7578228712081909,0.49875932931900024,0.7803105711936951,0.5453937649726868,0.7307664155960083,0.5139213800430298,0.7405697107315063,0.504426121711731,0.7665876150131226,0.5039898157119751,0.7859853506088257,0.548183798789978,0.7515124678611755,0.5257510542869568,0.756817638874054,0.5181199312210083,0.7726848125457764,0.5167733430862427,0.7889679670333862
agarrar,24,7,0.5830414891242981,0.7941701412200928,0.555657684803009,0.7975833415985107,0.5361676812171936,0.7773058414459229,0.5230600833892822,0.761297881603241,0.5123063325881958,0.7555417418479919,0.534939706325531,0.7229318618774414,0.503635048866272,0.7373687624931335,0.495773047208786,0.767608106136322,0.4972529411315918,0.7887009382247925,0.5379968285560608,0.7282246947288513,0.503920316696167,0.74161297082901,0.49659794569015503,0.771724283695221,0.49899545311927795,0.7930984497070312,0.5404565334320068,0.7428016066551208,0.5093694925308228,0.7536619901657104,0.5012357831001282,0.7809547781944275,0.5021393299102783,0.8011712431907654,0.5422704815864563,0.7637442946434021,0.5205608010292053,0.7700293064117432,0.513762354850769,0.7876784801483154,0.5130100250244141,0.8049070835113525
agarrar,24,8,0.5813694000244141,0.7990710139274597,0.5584468841552734,0.7895905375480652,0.5387503504753113,0.7710732221603394,0.5238655209541321,0.7617539763450623,0.5120905041694641,0.763595461845398,0.5329904556274414,0.7330240607261658,0.5001636743545532,0.7507941722869873,0.4941299259662628,0.7801443934440613,0.49841776490211487,0.7975005507469177,0.5355450510978699,0.7402380108833313,0.5005244016647339,0.7567446231842041,0.49638742208480835,0.7866402864456177,0.5015707015991211,0.8047096133232117,0.5383991599082947,0.7558448314666748,0.5060645341873169,0.7683963775634766,0.5025273561477661,0.7961224913597107,0.5075953602790833,0.8132498860359192,0.5411232709884644,0.7775037884712219,0.5170947313308716,0.7825948596000671,0.5118072628974915,0.7993552684783936,0.5134845972061157,0.8140040636062622
agarrar,24,9,0.4534785747528076,0.7994439005851746,0.4655499756336212,0.7880505919456482,0.4832642376422882,0.801352858543396,0.5015149712562561,0.8171842694282532,0.5177170038223267,0.8285350799560547,0.49283942580223083,0.851067304611206,0.5211764574050903,0.8526049256324768,0.5272190570831299,0.8343298435211182,0.523406445980072,0.8188253045082092,0.4928026497364044,0.8532002568244934,0.5176305174827576,0.8521652221679688,0.524600625038147,0.8336367607116699,0.5227932929992676,0.8171180486679077,0.49307411909103394,0.8490830063819885,0.5155114531517029,0.8464275598526001,0.5210373401641846,0.828973114490509,0.5207254886627197,0.8152827620506287,0.49557656049728394,0.8426826596260071,0.5143250823020935,0.8404186964035034,0.5203566551208496,0.8291698098182678,0.5212435722351074,0.8191204071044922
agarrar,24,10,0.5740529298782349,0.8109450340270996,0.5572722554206848,0.7935552000999451,0.5365887880325317,0.7768364548683167,0.5198365449905396,0.7736387252807617,0.5082342624664307,0.7801914215087891,0.5302785634994507,0.7517266273498535,0.4947192370891571,0.760230541229248,0.4978608787059784,0.7819028496742249,0.5074140429496765,0.7871438264846802,0.5332394242286682,0.7633715271949768,0.4974433481693268,0.7730496525764465,0.5025376677513123,0.7926051616668701,0.512054979801178,0.7955357432365417,0.5362302660942078,0.7812294363975525,0.5028238296508789,0.787661075592041,0.5080662965774536,0.804216206073761,0.5178700685501099,0.8061845898628235,0.5393905639648438,0.8018774390220642,0.5128719210624695,0.8039579391479492,0.5160267353057861,0.8153454065322876,0.5254256725311279,0.8201307058334351
agarrar,24,11,0.5732513070106506,0.8184919357299805,0.5557767152786255,0.7997537851333618,0.5360110998153687,0.7813687324523926,0.519400417804718,0.7758094072341919,0.5075512528419495,0.7808620929718018,0.5309906005859375,0.7545597553253174,0.4944590628147125,0.7629954814910889,0.4990071654319763,0.7828839421272278,0.5093810558319092,0.7877477407455444,0.5341806411743164,0.7660671472549438,0.4972612261772156,0.7766679525375366,0.5040765404701233,0.7937686443328857,0.5139899849891663,0.7957308292388916,0.5371428728103638,0.7840038537979126,0.5033186078071594,0.7905831933021545,0.5101264119148254,0.8046106696128845,0.5201091766357422,0.8053619265556335,0.540098249912262,0.8053885102272034,0.5138735771179199,0.8064810633659363,0.517882764339447,0.8157153129577637,0.5270898938179016,0.8191304802894592
agarrar,24,12,0.5701603293418884,0.8235820531845093,0.5514490008354187,0.8052031993865967,0.5309826135635376,0.7855265140533447,0.5138620734214783,0.777466893196106,0.5013668537139893,0.7782850861549377,0.5297133922576904,0.7565745711326599,0.4951852560043335,0.7635945677757263,0.4981692135334015,0.7828182578086853,0.50677889585495,0.7868446111679077,0.5341712236404419,0.7685205340385437,0.4984169602394104,0.7783213257789612,0.5036706328392029,0.794098436832428,0.5123593211174011,0.7953349947929382,0.5378271341323853,0.7867550253868103,0.5046736598014832,0.7921407222747803,0.5097701549530029,0.8050373792648315,0.5183550715446472,0.805971622467041,0.5410513877868652,0.8078851103782654,0.5165430903434753,0.8084123134613037,0.518514096736908,0.8147227764129639,0.5253438353538513,0.8163644671440125
agarrar,24,13,0.5680610537528992,0.8279877305030823,0.5478137135505676,0.8091150522232056,0.5271339416503906,0.7882437705993652,0.5097178816795349,0.7788044214248657,0.49676722288131714,0.7762950658798218,0.5284296870231628,0.7578477263450623,0.49533891677856445,0.7643799781799316,0.49733564257621765,0.7842644453048706,0.5053550004959106,0.7884597778320312,0.5333613753318787,0.7694976329803467,0.49878978729248047,0.7798351049423218,0.5035309791564941,0.7957566976547241,0.5121095776557922,0.7962892055511475,0.5374577045440674,0.7868207693099976,0.5050570368766785,0.7934004068374634,0.5100829005241394,0.8068813681602478,0.5186833143234253,0.8072398900985718,0.5408523678779602,0.8074830770492554,0.5159375667572021,0.8085390329360962,0.5186161994934082,0.8165270686149597,0.5265317559242249,0.818794310092926
agarrar,24,14,0.565060555934906,0.8295868635177612,0.5435681939125061,0.8101028800010681,0.5237284302711487,0.7883092164993286,0.5071328282356262,0.7774237394332886,0.4939531683921814,0.7711513042449951,0.526723325252533,0.7581267356872559,0.499302476644516,0.7636911273002625,0.49357208609580994,0.7772923707962036,0.49361005425453186,0.7798523306846619,0.5321682095527649,0.7702546715736389,0.5025708079338074,0.7792088389396667,0.49993225932121277,0.7899307608604431,0.5015343427658081,0.7895750403404236,0.5364203453063965,0.7875061631202698,0.5084275603294373,0.7941312789916992,0.5069838166236877,0.801893413066864,0.5091548562049866,0.799765408039093,0.5395663976669312,0.8078749775886536,0.5174763202667236,0.8084086179733276,0.5150010585784912,0.8121644854545593,0.5164311528205872,0.8117275834083557
agarrar,24,15,0.45646610856056213,0.7908613085746765,0.4708743393421173,0.7890927195549011,0.48859116435050964,0.8040521740913391,0.5062240362167358,0.8212742805480957,0.5224359035491943,0.8332917094230652,0.4945124685764313,0.8448821902275085,0.5147340297698975,0.8510435223579407,0.5247688889503479,0.841921329498291,0.5265387296676636,0.8336998224258423,0.49364736676216125,0.8388760685920715,0.5122775435447693,0.8468568921089172,0.5220316648483276,0.8362239003181458,0.5259634852409363,0.8288993239402771,0.4935809075832367,0.8313822150230408,0.5097337365150452,0.8351534605026245,0.5168278813362122,0.8271948099136353,0.5206546187400818,0.8228113055229187,0.495540589094162,0.8235433101654053,0.5090323686599731,0.8238822817802429,0.5140768885612488,0.8209831714630127,0.5165507197380066,0.8206523656845093
agarrar,24,16,0.45818740129470825,0.7885981798171997,0.4712659418582916,0.7903710603713989,0.4885892868041992,0.8076873421669006,0.5063506364822388,0.8232426047325134,0.5227106213569641,0.8339494466781616,0.4963566064834595,0.8498066067695618,0.5179740190505981,0.8498306274414062,0.5247126221656799,0.8372660875320435,0.5238649249076843,0.829048752784729,0.496560275554657,0.8393570780754089,0.5161200165748596,0.8419665694236755,0.5221034288406372,0.8296393156051636,0.522120475769043,0.8218369483947754,0.4968678057193756,0.8281837105751038,0.5138338804244995,0.8287353515625,0.5178211331367493,0.81944340467453,0.5187020301818848,0.8157035708427429,0.4989195168018341,0.8179060220718384,0.5128514766693115,0.8149454593658447,0.5153689980506897,0.8103010058403015,0.5151084661483765,0.8098686337471008
agarrar,24,17,0.45859551429748535,0.7894863486289978,0.47110074758529663,0.7901340126991272,0.4883944094181061,0.8073232173919678,0.5064067840576172,0.8235290050506592,0.5228517055511475,0.8345580101013184,0.49532344937324524,0.8479165434837341,0.5170777440071106,0.8476875424385071,0.5251341462135315,0.8362905979156494,0.525996744632721,0.82819664478302,0.49615898728370667,0.838260293006897,0.5153869986534119,0.8410226702690125,0.5237683653831482,0.8294084668159485,0.526346743106842,0.8216232657432556,0.49710139632225037,0.8280947804450989,0.5139566659927368,0.8293952941894531,0.5199719667434692,0.8206529021263123,0.5230386257171631,0.8170118927955627,0.49961525201797485,0.8186236023902893,0.5137952566146851,0.8164117336273193,0.5179591774940491,0.812497079372406,0.5195987224578857,0.8125450611114502
agarrar,24,18,0.4588078558444977,0.7908633947372437,0.47268030047416687,0.7896566987037659,0.4893052279949188,0.8063307404518127,0.5061428546905518,0.82270747423172,0.5217313766479492,0.8342636227607727,0.49681809544563293,0.8500623106956482,0.5185433626174927,0.8491400480270386,0.5254653096199036,0.8366389274597168,0.5245472192764282,0.8286908864974976,0.4960591197013855,0.8442244529724121,0.516020655632019,0.8464944362640381,0.52262943983078,0.8337416648864746,0.5229052901268005,0.8245900869369507,0.4957578778266907,0.8365996479988098,0.513056218624115,0.8371634483337402,0.5182730555534363,0.8267588019371033,0.5197691917419434,0.8213731050491333,0.49756038188934326,0.8291125893592834,0.5122519731521606,0.8274970650672913,0.5166800022125244,0.8222363591194153,0.5178285241127014,0.8200747966766357
agarrar,24,19,0.4595213830471039,0.7909078001976013,0.4727298617362976,0.790829598903656,0.4891534149646759,0.8080071210861206,0.5064253807067871,0.8243626356124878,0.5228704214096069,0.8367111086845398,0.4973211884498596,0.8524380922317505,0.5195088982582092,0.8483765125274658,0.5242079496383667,0.8364624977111816,0.5211321711540222,0.8297721147537231,0.497283011674881,0.8449288010597229,0.5178695917129517,0.8447468876838684,0.5225894451141357,0.832304060459137,0.5216350555419922,0.8247112035751343,0.49768948554992676,0.8366338610649109,0.5157078504562378,0.8357927799224854,0.5190314054489136,0.8256750702857971,0.5190532207489014,0.8215330839157104,0.5001625418663025,0.8292353749275208,0.5155415534973145,0.8269806504249573,0.5184647440910339,0.822405219078064,0.5182360410690308,0.8220881819725037
agarrar,25,0,0.5901601910591125,0.7779885530471802,0.5585530400276184,0.7820408344268799,0.5401318669319153,0.7563735246658325,0.5291085243225098,0.736944854259491,0.5194157958030701,0.7260071635246277,0.541084885597229,0.6992020010948181,0.5114465951919556,0.7064234018325806,0.5005404353141785,0.7354574799537659,0.4981609582901001,0.7595451474189758,0.5457167029380798,0.7027086615562439,0.5123163461685181,0.7102664709091187,0.5011943578720093,0.7408981919288635,0.5001455545425415,0.7645854353904724,0.5497427582740784,0.7164688110351562,0.5182968378067017,0.7242793440818787,0.5070855021476746,0.7513970136642456,0.5050802826881409,0.7720405459403992,0.5521427392959595,0.7378258109092712,0.5301114320755005,0.7436001300811768,0.5218685865402222,0.760206401348114,0.5196724534034729,0.7772233486175537
agarrar,25,1,0.5881567597389221,0.7869458794593811,0.5568097233772278,0.7902491688728333,0.5373180508613586,0.7654563188552856,0.5255938172340393,0.7468199729919434,0.5152116417884827,0.7371969819068909,0.536658763885498,0.7132750749588013,0.5068022012710571,0.7243344187736511,0.4971711337566376,0.7524904012680054,0.49614816904067993,0.7749269604682922,0.5412740707397461,0.7172096371650696,0.5080265998840332,0.7286780476570129,0.4985656142234802,0.7578228712081909,0.49875932931900024,0.7803105711936951,0.5453937649726868,0.7307664155960083,0.5139213800430298,0.7405697107315063,0.504426121711731,0.7665876150131226,0.5039898157119751,0.7859853506088257,0.548183798789978,0.7515124678611755,0.5257510542869568,0.756817638874054,0.5181199312210083,0.7726848125457764,0.5167733430862427,0.7889679670333862
agarrar,25,2,0.5830414891242981,0.7941701412200928,0.555657684803009,0.7975833415985107,0.5361676812171936,0.7773058414459229,0.5230600833892822,0.761297881603241,0.5123063325881958,0.7555417418479919,0.534939706325531,0.7229318618774414,0.503635048866272,0.7373687624931335,0.495773047208786,0.767608106136322,0.4972529411315918,0.7887009382247925,0.5379968285560608,0.7282246947288513,0.503920316696167,0.74161297082901,0.49659794569015503,0.771724283695221,0.49899545311927795,0.7930984497070312,0.5404565334320068,0.7428016066551208,0.5093694925308228,0.7536619901657104,0.5012357831001282,0.7809547781944275,0.5021393299102783,0.8011712431907654,0.5422704815864563,0.7637442946434021,0.5205608010292053,0.7700293064117432,0.513762354850769,0.7876784801483154,0.5130100250244141,0.8049070835113525
agarrar,25,3,0.5813694000244141,0.7990710139274597,0.5584468841552734,0.7895905375480652,0.5387503504753113,0.7710732221603394,0.5238655209541321,0.7617539763450623,0.5120905041694641,0.763595461845398,0.5329904556274414,0.7330240607261658,0.5001636743545532,0.7507941722869873,0.4941299259662628,0.7801443934440613,0.49841776490211487,0.7975005507469177,0.5355450510978699,0.7402380108833313,0.5005244016647339,0.7567446231842041,0.49638742208480835,0.7866402864456177,0.5015707015991211,0.8047096133232117,0.5383991599082947,0.7558448314666748,0.5060645341873169,0.7683963775634766,0.5025273561477661,0.7961224913597107,0.5075953602790833,0.8132498860359192,0.5411232709884644,0.7775037884712219,0.5170947313308716,0.7825948596000671,0.5118072628974915,0.7993552684783936,0.5134845972061157,0.8140040636062622
agarrar,25,4,0.4534785747528076,0.7994439005851746,0.4655499756336212,0.7880505919456482,0.4832642376422882,0.801352858543396,0.5015149712562561,0.8171842694282532,0.5177170038223267,0.8285350799560547,0.49283942580223083,0.851067304611206,0.5211764574050903,0.8526049256324768,0.5272190570831299,0.8343298435211182,0.523406445980072,0.8188253045082092,0.4928026497364044,0.8532002568244934,0.5176305174827576,0.8521652221679688,0.524600625038147,0.8336367607116699,0.5227932929992676,0.8171180486679077,0.49307411909103394,0.8490830063819885,0.5155114531517029,0.8464275598526001,0.5210373401641846,0.828973114490509,0.5207254886627197,0.8152827620506287,0.49557656049728394,0.8426826596260071,0.5143250823020935,0.8404186964035034,0.5203566551208496,0.8291698098182678,0.5212435722351074,0.8191204071044922
agarrar,25,5,0.5740529298782349,0.8109450340270996,0.5572722554206848,0.7935552000999451,0.5365887880325317,0.7768364548683167,0.5198365449905396,0.7736387252807617,0.5082342624664307,0.7801914215087891,0.5302785634994507,0.7517266273498535,0.4947192370891571,0.760230541229248,0.4978608787059784,0.7819028496742249,0.5074140429496765,0.7871438264846802,0.5332394242286682,0.7633715271949768,0.4974433481693268,0.7730496525764465,0.5025376677513123,0.7926051616668701,0.512054979801178,0.7955357432365417,0.5362302660942078,0.7812294363975525,0.5028238296508789,0.787661075592041,0.5080662965774536,0.804216206073761,0.5178700685501099,0.8061845898628235,0.5393905639648438,0.8018774390220642,0.5128719210624695,0.8039579391479492,0.5160267353057861,0.8153454065322876,0.5254256725311279,0.8201307058334351
agarrar,25,6,0.5732513070106506,0.8184919357299805,0.5557767152786255,0.7997537851333618,0.5360110998153687,0.7813687324523926,0.519400417804718,0.7758094072341919,0.5075512528419495,0.7808620929718018,0.5309906005859375,0.7545597553253174,0.4944590628147125,0.7629954814910889,0.4990071654319763,0.7828839421272278,0.5093810558319092,0.7877477407455444,0.5341806411743164,0.7660671472549438,0.4972612261772156,0.7766679525375366,0.5040765404701233,0.7937686443328857,0.5139899849891663,0.7957308292388916,0.5371428728103638,0.7840038537979126,0.5033186078071594,0.7905831933021545,0.5101264119148254,0.8046106696128845,0.5201091766357422,0.8053619265556335,0.540098249912262,0.8053885102272034,0.5138735771179199,0.8064810633659363,0.517882764339447,0.8157153129577637,0.5270898938179016,0.8191304802894592
agarrar,25,7,0.5701603293418884,0.8235820531845093,0.5514490008354187,0.8052031993865967,0.5309826135635376,0.7855265140533447,0.5138620734214783,0.777466893196106,0.5013668537139893,0.7782850861549377,0.5297133922576904,0.7565745711326599,0.4951852560043335,0.7635945677757263,0.4981692135334015,0.7828182578086853,0.50677889585495,0.7868446111679077,0.5341712236404419,0.7685205340385437,0.4984169602394104,0.7783213257789612,0.5036706328392029,0.794098436832428,0.5123593211174011,0.7953349947929382,0.5378271341323853,0.7867550253868103,0.5046736598014832,0.7921407222747803,0.5097701549530029,0.8050373792648315,0.5183550715446472,0.805971622467041,0.5410513877868652,0.8078851103782654,0.5165430903434753,0.8084123134613037,0.518514096736908,0.8147227764129639,0.5253438353538513,0.8163644671440125
agarrar,25,8,0.5680610537528992,0.8279877305030823,0.5478137135505676,0.8091150522232056,0.5271339416503906,0.7882437705993652,0.5097178816795349,0.7788044214248657,0.49676722288131714,0.7762950658798218,0.5284296870231628,0.7578477263450623,0.49533891677856445,0.7643799781799316,0.49733564257621765,0.7842644453048706,0.5053550004959106,0.7884597778320312,0.5333613753318787,0.7694976329803467,0.49878978729248047,0.7798351049423218,0.5035309791564941,0.7957566976547241,0.5121095776557922,0.7962892055511475,0.5374577045440674,0.7868207693099976,0.5050570368766785,0.7934004068374634,0.5100829005241394,0.8068813681602478,0.5186833143234253,0.8072398900985718,0.5408523678779602,0.8074830770492554,0.5159375667572021,0.8085390329360962,0.5186161994934082,0.8165270686149597,0.5265317559242249,0.818794310092926
agarrar,25,9,0.565060555934906,0.8295868635177612,0.5435681939125061,0.8101028800010681,0.5237284302711487,0.7883092164993286,0.5071328282356262,0.7774237394332886,0.4939531683921814,0.7711513042449951,0.526723325252533,0.7581267356872559,0.499302476644516,0.7636911273002625,0.49357208609580994,0.7772923707962036,0.49361005425453186,0.7798523306846619,0.5321682095527649,0.7702546715736389,0.5025708079338074,0.7792088389396667,0.49993225932121277,0.7899307608604431,0.5015343427658081,0.7895750403404236,0.5364203453063965,0.7875061631202698,0.5084275603294373,0.7941312789916992,0.5069838166236877,0.801893413066864,0.5091548562049866,0.799765408039093,0.5395663976669312,0.8078749775886536,0.5174763202667236,0.8084086179733276,0.5150010585784912,0.8121644854545593,0.5164311528205872,0.8117275834083557
agarrar,25,10,0.45646610856056213,0.7908613085746765,0.4708743393421173,0.7890927195549011,0.48859116435050964,0.8040521740913391,0.5062240362167358,0.8212742805480957,0.5224359035491943,0.8332917094230652,0.4945124685764313,0.8448821902275085,0.5147340297698975,0.8510435223579407,0.5247688889503479,0.841921329498291,0.5265387296676636,0.8336998224258423,0.49364736676216125,0.8388760685920715,0.5122775435447693,0.8468568921089172,0.5220316648483276,0.8362239003181458,0.5259634852409363,0.8288993239402771,0.4935809075832367,0.8313822150230408,0.5097337365150452,0.8351534605026245,0.5168278813362122,0.8271948099136353,0.5206546187400818,0.8228113055229187,0.495540589094162,0.8235433101654053,0.5090323686599731,0.8238822817802429,0.5140768885612488,0.8209831714630127,0.5165507197380066,0.8206523656845093
agarrar,25,11,0.45818740129470825,0.7885981798171997,0.4712659418582916,0.7903710603713989,0.4885892868041992,0.8076873421669006,0.5063506364822388,0.8232426047325134,0.5227106213569641,0.8339494466781616,0.4963566064834595,0.8498066067695618,0.5179740190505981,0.8498306274414062,0.5247126221656799,0.8372660875320435,0.5238649249076843,0.829048752784729,0.496560275554657,0.8393570780754089,0.5161200165748596,0.8419665694236755,0.5221034288406372,0.8296393156051636,0.522120475769043,0.8218369483947754,0.4968678057193756,0.8281837105751038,0.5138338804244995,0.8287353515625,0.5178211331367493,0.81944340467453,0.5187020301818848,0.8157035708427429,0.4989195168018341,0.8179060220718384,0.5128514766693115,0.8149454593658447,0.5153689980506897,0.8103010058403015,0.5151084661483765,0.8098686337471008
agarrar,25,12,0.45859551429748535,0.7894863486289978,0.47110074758529663,0.7901340126991272,0.4883944094181061,0.8073232173919678,0.5064067840576172,0.8235290050506592,0.5228517055511475,0.8345580101013184,0.49532344937324524,0.8479165434837341,0.5170777440071106,0.8476875424385071,0.5251341462135315,0.8362905979156494,0.525996744632721,0.82819664478302,0.49615898728370667,0.838260293006897,0.5153869986534119,0.8410226702690125,0.5237683653831482,0.8294084668159485,0.526346743106842,0.8216232657432556,0.49710139632225037,0.8280947804450989,0.5139566659927368,0.8293952941894531,0.5199719667434692,0.8206529021263123,0.5230386257171631,0.8170118927955627,0.49961525201797485,0.8186236023902893,0.5137952566146851,0.8164117336273193,0.5179591774940491,0.812497079372406,0.5195987224578857,0.8125450611114502
agarrar,25,13,0.4588078558444977,0.7908633947372437,0.47268030047416687,0.7896566987037659,0.4893052279949188,0.8063307404518127,0.5061428546905518,0.82270747423172,0.5217313766479492,0.8342636227607727,0.49681809544563293,0.8500623106956482,0.5185433626174927,0.8491400480270386,0.5254653096199036,0.8366389274597168,0.5245472192764282,0.8286908864974976,0.4960591197013855,0.8442244529724121,0.516020655632019,0.8464944362640381,0.52262943983078,0.8337416648864746,0.5229052901268005,0.8245900869369507,0.4957578778266907,0.8365996479988098,0.513056218624115,0.8371634483337402,0.5182730555534363,0.8267588019371033,0.5197691917419434,0.8213731050491333,0.49756038188934326,0.8291125893592834,0.5122519731521606,0.8274970650672913,0.5166800022125244,0.8222363591194153,0.5178285241127014,0.8200747966766357
agarrar,25,14,0.4595213830471039,0.7909078001976013,0.4727298617362976,0.790829598903656,0.4891534149646759,0.8080071210861206,0.5064253807067871,0.8243626356124878,0.5228704214096069,0.8367111086845398,0.4973211884498596,0.8524380922317505,0.5195088982582092,0.8483765125274658,0.5242079496383667,0.8364624977111816,0.5211321711540222,0.8297721147537231,0.497283011674881,0.8449288010597229,0.5178695917129517,0.8447468876838684,0.5225894451141357,0.832304060459137,0.5216350555419922,0.8247112035751343,0.49768948554992676,0.8366338610649109,0.5157078504562378,0.8357927799224854,0.5190314054489136,0.8256750702857971,0.5190532207489014,0.8215330839157104,0.5001625418663025,0.8292353749275208,0.5155415534973145,0.8269806504249573,0.5184647440910339,0.822405219078064,0.5182360410690308,0.8220881819725037
agarrar,25,15,0.4597443640232086,0.7895671129226685,0.4718514084815979,0.7915838956832886,0.4880167841911316,0.8100366592407227,0.5056906938552856,0.8259634375572205,0.5213404297828674,0.8375136852264404,0.495874285697937,0.8531592488288879,0.5185680985450745,0.850595235824585,0.5195421576499939,0.8364631533622742,0.5138642191886902,0.8303458094596863,0.4966789186000824,0.8448296785354614,0.5168574452400208,0.8449429273605347,0.5165525078773499,0.8310562968254089,0.5107787847518921,0.8240296840667725,0.49763453006744385,0.8351958394050598,0.5149284601211548,0.833046555519104,0.5128873586654663,0.8223435878753662,0.5079124569892883,0.8192874789237976,0.5004035234451294,0.8266066312789917,0.5146337747573853,0.8227819204330444,0.5129728317260742,0.8173473477363586,0.5082733035087585,0.8176383972167969
agarrar,25,16,0.45927998423576355,0.789222002029419,0.47232785820961,0.7932950854301453,0.48857825994491577,0.8128278255462646,0.5057397484779358,0.830298900604248,0.5220122337341309,0.8411843180656433,0.4946034848690033,0.8546708226203918,0.517187237739563,0.8537297248840332,0.5231077075004578,0.841345489025116,0.5209223031997681,0.8325538635253906,0.49550002813339233,0.8435564041137695,0.5157443284988403,0.8471074104309082,0.5205087661743164,0.8339027762413025,0.520237147808075,0.824589729309082,0.4964519441127777,0.832587718963623,0.5139613151550293,0.8342635035514832,0.5179460644721985,0.8234854340553284,0.5189418792724609,0.817861795425415,0.4987395703792572,0.8227856755256653,0.5136184096336365,0.8223952651023865,0.516961932182312,0.8170616030693054,0.517555832862854,0.8156828880310059
agarrar,25,17,0.4589356482028961,0.7914390563964844,0.47183504700660706,0.7959280014038086,0.4877600371837616,0.8152717351913452,0.5041854381561279,0.8319023847579956,0.520856499671936,0.8438493013381958,0.493039071559906,0.8585418462753296,0.515041708946228,0.8560213446617126,0.5248739719390869,0.8453375101089478,0.5263830423355103,0.8351154923439026,0.4943934679031372,0.8481671810150146,0.5134814977645874,0.8515887260437012,0.5233086347579956,0.841629147529602,0.5271893739700317,0.8311013579368591,0.49562856554985046,0.8371692299842834,0.512886643409729,0.8414185047149658,0.5211703777313232,0.8333725929260254,0.5260140299797058,0.8279029130935669,0.4978695511817932,0.8269914984703064,0.5130986571311951,0.830778181552887,0.5199154615402222,0.8281411528587341,0.5237696170806885,0.8269808888435364
agarrar,25,18,0.4596153199672699,0.7911275625228882,0.47117936611175537,0.7984140515327454,0.48618707060813904,0.8176836967468262,0.5028396844863892,0.8341131210327148,0.5192863345146179,0.8435272574424744,0.49312883615493774,0.8565812110900879,0.5140544772148132,0.8592976927757263,0.5227340459823608,0.8493104577064514,0.5232045650482178,0.8391821384429932,0.4946526885032654,0.8457190990447998,0.5130904912948608,0.8510081768035889,0.5208597779273987,0.8408872485160828,0.5229904055595398,0.8325989842414856,0.49614471197128296,0.8348469734191895,0.5122756361961365,0.8393685817718506,0.5186951756477356,0.8320412635803223,0.5219163298606873,0.8278601765632629,0.49854233860969543,0.8249307870864868,0.5128673315048218,0.8282341957092285,0.5186101794242859,0.8261802196502686,0.5213503241539001,0.8258454203605652
agarrar,25,19,0.45858436822891235,0.78919917345047,0.47062161564826965,0.7983259558677673,0.4864804148674011,0.819514811038971,0.5041443705558777,0.8361705541610718,0.5208309888839722,0.8473283052444458,0.49231982231140137,0.8571459650993347,0.5136269927024841,0.8586495518684387,0.5216985940933228,0.8513072729110718,0.5222589373588562,0.8453329801559448,0.4941651225090027,0.8438515067100525,0.5126921534538269,0.8485196828842163,0.5192669630050659,0.8398532271385193,0.5207312703132629,0.8347176313400269,0.4960503876209259,0.8310586214065552,0.5120629668235779,0.8341167569160461,0.5164006948471069,0.8290289044380188,0.518559455871582,0.828027606010437,0.4993593692779541,0.8195428252220154,0.5121161937713623,0.8201924562454224,0.514721691608429,0.8200153708457947,0.5153517127037048,0.8232918381690979
agarrar,26,0,0.5740529298782349,0.8109450340270996,0.5572722554206848,0.7935552000999451,0.5365887880325317,0.7768364548683167,0.5198365449905396,0.7736387252807617,0.5082342624664307,0.7801914215087891,0.5302785634994507,0.7517266273498535,0.4947192370891571,0.760230541229248,0.4978608787059784,0.7819028496742249,0.5074140429496765,0.7871438264846802,0.5332394242286682,0.7633715271949768,0.4974433481693268,0.7730496525764465,0.5025376677513123,0.7926051616668701,0.512054979801178,0.7955357432365417,0.5362302660942078,0.7812294363975525,0.5028238296508789,0.787661075592041,0.5080662965774536,0.804216206073761,0.5178700685501099,0.8061845898628235,0.5393905639648438,0.8018774390220642,0.5128719210624695,0.8039579391479492,0.5160267353057861,0.8153454065322876,0.5254256725311279,0.8201307058334351
agarrar,26,1,0.5732513070106506,0.8184919357299805,0.5557767152786255,0.7997537851333618,0.5360110998153687,0.7813687324523926,0.519400417804718,0.7758094072341919,0.5075512528419495,0.7808620929718018,0.5309906005859375,0.7545597553253174,0.4944590628147125,0.7629954814910889,0.4990071654319763,0.7828839421272278,0.5093810558319092,0.7877477407455444,0.5341806411743164,0.7660671472549438,0.4972612261772156,0.7766679525375366,0.5040765404701233,0.7937686443328857,0.5139899849891663,0.7957308292388916,0.5371428728103638,0.7840038537979126,0.5033186078071594,0.7905831933021545,0.5101264119148254,0.8046106696128845,0.5201091766357422,0.8053619265556335,0.540098249912262,0.8053885102272034,0.5138735771179199,0.8064810633659363,0.517882764339447,0.8157153129577637,0.5270898938179016,0.8191304802894592
agarrar,26,2,0.5701603293418884,0.8235820531845093,0.5514490008354187,0.8052031993865967,0.5309826135635376,0.7855265140533447,0.5138620734214783,0.777466893196106,0.5013668537139893,0.7782850861549377,0.5297133922576904,0.7565745711326599,0.4951852560043335,0.7635945677757263,0.4981692135334015,0.7828182578086853,0.50677889585495,0.7868446111679077,0.5341712236404419,0.7685205340385437,0.4984169602394104,0.7783213257789612,0.5036706328392029,0.794098436832428,0.5123593211174011,0.7953349947929382,0.5378271341323853,0.7867550253868103,0.5046736598014832,0.7921407222747803,0.5097701549530029,0.8050373792648315,0.5183550715446472,0.805971622467041,0.5410513877868652,0.8078851103782654,0.5165430903434753,0.8084123134613037,0.518514096736908,0.8147227764129639,0.5253438353538513,0.8163644671440125
agarrar,26,3,0.5680610537528992,0.8279877305030823,0.5478137135505676,0.8091150522232056,0.5271339416503906,0.7882437705993652,0.5097178816795349,0.7788044214248657,0.49676722288131714,0.7762950658798218,0.5284296870231628,0.7578477263450623,0.49533891677856445,0.7643799781799316,0.49733564257621765,0.7842644453048706,0.5053550004959106,0.7884597778320312,0.5333613753318787,0.7694976329803467,0.49878978729248047,0.7798351049423218,0.5035309791564941,0.7957566976547241,0.5121095776557922,0.7962892055511475,0.5374577045440674,0.7868207693099976,0.5050570368766785,0.7934004068374634,0.5100829005241394,0.8068813681602478,0.5186833143234253,0.8072398900985718,0.5408523678779602,0.8074830770492554,0.5159375667572021,0.8085390329360962,0.5186161994934082,0.8165270686149597,0.5265317559242249,0.818794310092926
agarrar,26,4,0.565060555934906,0.8295868635177612,0.5435681939125061,0.8101028800010681,0.5237284302711487,0.7883092164993286,0.5071328282356262,0.7774237394332886,0.4939531683921814,0.7711513042449951,0.526723325252533,0.7581267356872559,0.499302476644516,0.7636911273002625,0.49357208609580994,0.7772923707962036,0.49361005425453186,0.7798523306846619,0.5321682095527649,0.7702546715736389,0.5025708079338074,0.7792088389396667,0.49993225932121277,0.7899307608604431,0.5015343427658081,0.7895750403404236,0.5364203453063965,0.7875061631202698,0.5084275603294373,0.7941312789916992,0.5069838166236877,0.801893413066864,0.5091548562049866,0.799765408039093,0.5395663976669312,0.8078749775886536,0.5174763202667236,0.8084086179733276,0.5150010585784912,0.8121644854545593,0.5164311528205872,0.8117275834083557
agarrar,26,5,0.45646610856056213,0.7908613085746765,0.4708743393421173,0.7890927195549011,0.48859116435050964,0.8040521740913391,0.5062240362167358,0.8212742805480957,0.5224359035491943,0.8332917094230652,0.4945124685764313,0.8448821902275085,0.5147340297698975,0.8510435223579407,0.5247688889503479,0.841921329498291,0.5265387296676636,0.8336998224258423,0.49364736676216125,0.8388760685920715,0.5122775435447693,0.8468568921089172,0.5220316648483276,0.8362239003181458,0.5259634852409363,0.8288993239402771,0.4935809075832367,0.8313822150230408,0.5097337365150452,0.8351534605026245,0.5168278813362122,0.8271948099136353,0.5206546187400818,0.8228113055229187,0.495540589094162,0.8235433101654053,0.5090323686599731,0.8238822817802429,0.5140768885612488,0.8209831714630127,0.5165507197380066,0.8206523656845093
agarrar,26,6,0.45818740129470825,0.7885981798171997,0.4712659418582916,0.7903710603713989,0.4885892868041992,0.8076873421669006,0.5063506364822388,0.8232426047325134,0.5227106213569641,0.8339494466781616,0.4963566064834595,0.8498066067695618,0.5179740190505981,0.8498306274414062,0.5247126221656799,0.8372660875320435,0.5238649249076843,0.829048752784729,0.496560275554657,0.8393570780754089,0.5161200165748596,0.8419665694236755,0.5221034288406372,0.8296393156051636,0.522120475769043,0.8218369483947754,0.4968678057193756,0.8281837105751038,0.5138338804244995,0.8287353515625,0.5178211331367493,0.81944340467453,0.5187020301818848,0.8157035708427429,0.4989195168018341,0.8179060220718384,0.5128514766693115,0.8149454593658447,0.5153689980506897,0.8103010058403015,0.5151084661483765,0.8098686337471008
agarrar,26,7,0.45859551429748535,0.7894863486289978,0.47110074758529663,0.7901340126991272,0.4883944094181061,0.8073232173919678,0.5064067840576172,0.8235290050506592,0.5228517055511475,0.8345580101013184,0.49532344937324524,0.8479165434837341,0.5170777440071106,0.8476875424385071,0.5251341462135315,0.8362905979156494,0.525996744632721,0.82819664478302,0.49615898728370667,0.838260293006897,0.5153869986534119,0.8410226702690125,0.5237683653831482,0.8294084668159485,0.526346743106842,0.8216232657432556,0.49710139632225037,0.8280947804450989,0.5139566659927368,0.8293952941894531,0.5199719667434692,0.8206529021263123,0.5230386257171631,0.8170118927955627,0.49961525201797485,0.8186236023902893,0.5137952566146851,0.8164117336273193,0.5179591774940491,0.812497079372406,0.5195987224578857,0.8125450611114502
agarrar,26,8,0.4588078558444977,0.7908633947372437,0.47268030047416687,0.7896566987037659,0.4893052279949188,0.8063307404518127,0.5061428546905518,0.82270747423172,0.5217313766479492,0.8342636227607727,0.49681809544563293,0.8500623106956482,0.5185433626174927,0.8491400480270386,0.5254653096199036,0.8366389274597168,0.5245472192764282,0.8286908864974976,0.4960591197013855,0.8442244529724121,0.516020655632019,0.8464944362640381,0.52262943983078,0.8337416648864746,0.5229052901268005,0.8245900869369507,0.4957578778266907,0.8365996479988098,0.513056218624115,0.8371634483337402,0.5182730555534363,0.8267588019371033,0.5197691917419434,0.8213731050491333,0.49756038188934326,0.8291125893592834,0.5122519731521606,0.8274970650672913,0.5166800022125244,0.8222363591194153,0.5178285241127014,0.8200747966766357
agarrar,26,9,0.4595213830471039,0.7909078001976013,0.4727298617362976,0.790829598903656,0.4891534149646759,0.8080071210861206,0.5064253807067871,0.8243626356124878,0.5228704214096069,0.8367111086845398,0.4973211884498596,0.8524380922317505,0.5195088982582092,0.8483765125274658,0.5242079496383667,0.8364624977111816,0.5211321711540222,0.8297721147537231,0.497283011674881,0.8449288010597229,0.5178695917129517,0.8447468876838684,0.5225894451141357,0.832304060459137,0.5216350555419922,0.8247112035751343,0.49768948554992676,0.8366338610649109,0.5157078504562378,0.8357927799224854,0.5190314054489136,0.8256750702857971,0.5190532207489014,0.8215330839157104,0.5001625418663025,0.8292353749275208,0.5155415534973145,0.8269806504249573,0.5184647440910339,0.822405219078064,0.5182360410690308,0.8220881819725037
agarrar,26,10,0.4597443640232086,0.7895671129226685,0.4718514084815979,0.7915838956832886,0.4880167841911316,0.8100366592407227,0.5056906938552856,0.8259634375572205,0.5213404297828674,0.8375136852264404,0.495874285697937,0.8531592488288879,0.5185680985450745,0.850595235824585,0.5195421576499939,0.8364631533622742,0.5138642191886902,0.8303458094596863,0.4966789186000824,0.8448296785354614,0.5168574452400208,0.8449429273605347,0.5165525078773499,0.8310562968254089,0.5107787847518921,0.8240296840667725,0.49763453006744385,0.8351958394050598,0.5149284601211548,0.833046555519104,0.5128873586654663,0.8223435878753662,0.5079124569892883,0.8192874789237976,0.5004035234451294,0.8266066312789917,0.5146337747573853,0.8227819204330444,0.5129728317260742,0.8173473477363586,0.5082733035087585,0.8176383972167969
agarrar,26,11,0.45927998423576355,0.789222002029419,0.47232785820961,0.7932950854301453,0.48857825994491577,0.8128278255462646,0.5057397484779358,0.830298900604248,0.5220122337341309,0.8411843180656433,0.4946034848690033,0.8546708226203918,0.517187237739563,0.8537297248840332,0.5231077075004578,0.841345489025116,0.5209223031997681,0.8325538635253906,0.49550002813339233,0.8435564041137695,0.5157443284988403,0.8471074104309082,0.5205087661743164,0.8339027762413025,0.520237147808075,0.824589729309082,0.4964519441127777,0.832587718963623,0.5139613151550293,0.8342635035514832,0.5179460644721985,0.8234854340553284,0.5189418792724609,0.817861795425415,0.4987395703792572,0.8227856755256653,0.5136184096336365,0.8223952651023865,0.516961932182312,0.8170616030693054,0.517555832862854,0.8156828880310059
agarrar,26,12,0.4589356482028961,0.7914390563964844,0.47183504700660706,0.7959280014038086,0.4877600371837616,0.8152717351913452,0.5041854381561279,0.8319023847579956,0.520856499671936,0.8438493013381958,0.493039071559906,0.8585418462753296,0.515041708946228,0.8560213446617126,0.5248739719390869,0.8453375101089478,0.5263830423355103,0.8351154923439026,0.4943934679031372,0.8481671810150146,0.5134814977645874,0.8515887260437012,0.5233086347579956,0.841629147529602,0.5271893739700317,0.8311013579368591,0.49562856554985046,0.8371692299842834,0.512886643409729,0.8414185047149658,0.5211703777313232,0.8333725929260254,0.5260140299797058,0.8279029130935669,0.4978695511817932,0.8269914984703064,0.5130986571311951,0.830778181552887,0.5199154615402222,0.8281411528587341,0.5237696170806885,0.8269808888435364
agarrar,26,13,0.4596153199672699,0.7911275625228882,0.47117936611175537,0.7984140515327454,0.48618707060813904,0.8176836967468262,0.5028396844863892,0.8341131210327148,0.5192863345146179,0.8435272574424744,0.49312883615493774,0.8565812110900879,0.5140544772148132,0.8592976927757263,0.5227340459823608,0.8493104577064514,0.5232045650482178,0.8391821384429932,0.4946526885032654,0.8457190990447998,0.5130904912948608,0.8510081768035889,0.5208597779273987,0.8408872485160828,0.5229904055595398,0.8325989842414856,0.49614471197128296,0.8348469734191895,0.5122756361961365,0.8393685817718506,0.5186951756477356,0.8320412635803223,0.5219163298606873,0.8278601765632629,0.49854233860969543,0.8249307870864868,0.5128673315048218,0.8282341957092285,0.5186101794242859,0.8261802196502686,0.5213503241539001,0.8258454203605652
agarrar,26,14,0.45858436822891235,0.78919917345047,0.47062161564826965,0.7983259558677673,0.4864804148674011,0.819514811038971,0.5041443705558777,0.8361705541610718,0.5208309888839722,0.8473283052444458,0.49231982231140137,0.8571459650993347,0.5136269927024841,0.8586495518684387,0.5216985940933228,0.8513072729110718,0.5222589373588562,0.8453329801559448,0.4941651225090027,0.8438515067100525,0.5126921534538269,0.8485196828842163,0.5192669630050659,0.8398532271385193,0.5207312703132629,0.8347176313400269,0.4960503876209259,0.8310586214065552,0.5120629668235779,0.8341167569160461,0.5164006948471069,0.8290289044380188,0.518559455871582,0.828027606010437,0.4993593692779541,0.8195428252220154,0.5121161937713623,0.8201924562454224,0.514721691608429,0.8200153708457947,0.5153517127037048,0.8232918381690979
agarrar,26,15,0.4596603214740753,0.7916838526725769,0.47082099318504333,0.7986124157905579,0.4858878254890442,0.8200471997261047,0.5025421380996704,0.8368101716041565,0.5186803936958313,0.8466228246688843,0.4947921633720398,0.8608858585357666,0.5176230072975159,0.8589318990707397,0.5188149809837341,0.8449692726135254,0.5128588080406189,0.8384897112846375,0.49615970253944397,0.8496224880218506,0.5167748928070068,0.8516467809677124,0.517039954662323,0.8382489085197449,0.5123598575592041,0.8307977914810181,0.4973263442516327,0.8378388285636902,0.5152593851089478,0.8391909003257751,0.5142543911933899,0.8275526762008667,0.5104244351387024,0.8228426575660706,0.49977248907089233,0.8275839686393738,0.5140476226806641,0.8263623714447021,0.5129470825195312,0.8195028305053711,0.5087662935256958,0.8174585103988647
agarrar,26,16,0.4597855806350708,0.7921381592750549,0.4703870117664337,0.7982639670372009,0.4852152466773987,0.8187798261642456,0.5018100738525391,0.8357920050621033,0.5180989503860474,0.8450732827186584,0.49351316690444946,0.8591285943984985,0.5152303576469421,0.8610679507255554,0.5209642052650452,0.8493815064430237,0.518703818321228,0.8404268622398376,0.49500519037246704,0.8478087782859802,0.5143464207649231,0.8521957397460938,0.5181355476379395,0.8401426076889038,0.5165566205978394,0.8319162726402283,0.496248334646225,0.836237370967865,0.5129727721214294,0.8386062979698181,0.5150436758995056,0.8291792869567871,0.5141815543174744,0.8248546719551086,0.49868497252464294,0.8257935047149658,0.5129129886627197,0.8257848620414734,0.5143900513648987,0.82125324010849,0.5127633810043335,0.8203886151313782
agarrar,26,17,0.460650771856308,0.7909019589424133,0.47173619270324707,0.7993451356887817,0.4864822030067444,0.8202047944068909,0.5032166242599487,0.8374359011650085,0.5199565291404724,0.8477817177772522,0.49312204122543335,0.8604889512062073,0.514819860458374,0.8613778352737427,0.5213489532470703,0.850854218006134,0.519538164138794,0.8415669202804565,0.49490949511528015,0.848046064376831,0.5139875411987305,0.8537708520889282,0.5187327861785889,0.8422750234603882,0.5188633799552917,0.8330762982368469,0.4965749979019165,0.8361557722091675,0.5133069157600403,0.8407632112503052,0.516980767250061,0.8318285346031189,0.5179670453071594,0.8261814713478088,0.4994356036186218,0.8255821466445923,0.513533353805542,0.8281272053718567,0.5166703462600708,0.8248153328895569,0.5172240138053894,0.8239583969116211
agarrar,26,18,0.4588041305541992,0.7910465002059937,0.4698706269264221,0.7997437715530396,0.4848060607910156,0.820053219795227,0.5017133355140686,0.8368134498596191,0.5182924866676331,0.8474993109703064,0.49108293652534485,0.8564176559448242,0.5116220116615295,0.8608472943305969,0.5212313532829285,0.854641318321228,0.5225944519042969,0.8474491238594055,0.4928690791130066,0.844984233379364,0.5116508603096008,0.851455807685852,0.5199893712997437,0.8437063097953796,0.5223535299301147,0.838371992111206,0.4948609173297882,0.8338818550109863,0.5114060640335083,0.838477373123169,0.5175368785858154,0.8339366912841797,0.5201399326324463,0.8323779702186584,0.4979342520236969,0.823570191860199,0.5119961500167847,0.8260375261306763,0.5165981650352478,0.8262695074081421,0.517975389957428,0.8287213444709778
agarrar,26,19,0.46028974652290344,0.7924074530601501,0.47034046053886414,0.7992469072341919,0.48463550209999084,0.8188592195510864,0.5012810826301575,0.8354210257530212,0.5173575282096863,0.8445480465888977,0.49199989438056946,0.8578256964683533,0.5139563679695129,0.8624504208564758,0.5209828615188599,0.8526861071586609,0.5194798707962036,0.8438127636909485,0.4944063723087311,0.8458594083786011,0.5141298770904541,0.8521609902381897,0.5184962153434753,0.8420283794403076,0.5171298980712891,0.8347285389900208,0.49663615226745605,0.8341802954673767,0.5139641165733337,0.8385664820671082,0.5162932276725769,0.8312063813209534,0.5152230262756348,0.8271363973617554,0.5000239610671997,0.8236075043678284,0.514448881149292,0.8253989219665527,0.5160135626792908,0.823114275932312,0.5142190456390381,0.8232177495956421
