target,sample_idx,frame_idx,x_1,y_1,x_2,y_2,x_3,y_3,x_4,y_4,x_5,y_5,x_6,y_6,x_7,y_7,x_8,y_8,x_9,y_9,x_10,y_10,x_11,y_11,x_12,y_12,x_13,y_13,x_14,y_14,x_15,y_15,x_16,y_16,x_17,y_17,x_18,y_18,x_19,y_19,x_20,y_20,x_21,y_21
agarrar,0,0,0.44210177659988403,0.7730883359909058,0.46479323506355286,0.7557356357574463,0.4877409040927887,0.7332780361175537,0.5081573724746704,0.7295698523521423,0.5214120745658875,0.7382187843322754,0.4933006465435028,0.6969239115715027,0.514686107635498,0.6904038786888123,0.5240033268928528,0.7083473801612854,0.5270763635635376,0.7253381013870239,0.49307993054389954,0.7120978236198425,0.5148281455039978,0.7108122110366821,0.5211300849914551,0.7282648086547852,0.5242027044296265,0.744323194026947,0.49311092495918274,0.7327762246131897,0.5138271450996399,0.7322216629981995,0.5189633369445801,0.7464151978492737,0.5210436582565308,0.757620632648468,0.492051899433136,0.7536258101463318,0.5123216509819031,0.753596842288971,0.5169708132743835,0.762139618396759,0.517876923084259,0.7673712968826294
agarrar,0,1,0.5873051285743713,0.7682520151138306,0.5771918892860413,0.7070000767707825,0.5566900968551636,0.6809449195861816,0.5319259166717529,0.6734704971313477,0.5134512186050415,0.6734246015548706,0.5520928502082825,0.7389697432518005,0.5198366045951843,0.7607882022857666,0.5062766075134277,0.750449538230896,0.5001327991485596,0.7402325868606567,0.5457290410995483,0.7735397815704346,0.5032338500022888,0.7728738784790039,0.4979845881462097,0.7470808625221252,0.5048385262489319,0.7324414849281311,0.5405628681182861,0.7950564026832581,0.5015838742256165,0.7836320400238037,0.5005898475646973,0.7576135396957397,0.5099246501922607,0.7439241409301758,0.5363286733627319,0.8046333193778992,0.5053414106369019,0.7917575240135193,0.503661036491394,0.7685150504112244,0.5103926062583923,0.756487250328064
agarrar,0,2,0.43282637000083923,0.6856948137283325,0.44789639115333557,0.6528812050819397,0.4705050587654114,0.6373749375343323,0.48791518807411194,0.6349541544914246,0.5010671019554138,0.6416472792625427,0.48051759600639343,0.6143686175346375,0.5082751512527466,0.6184378862380981,0.5234283208847046,0.6363484859466553,0.529691219329834,0.6534518003463745,0.4834023118019104,0.6263374090194702,0.5119800567626953,0.6292963624000549,0.5253543257713318,0.6479654312133789,0.5311816334724426,0.6662524342536926,0.48533499240875244,0.6472108364105225,0.5125721096992493,0.6515623927116394,0.52242511510849,0.6694252490997314,0.525725245475769,0.6859073042869568,0.48669514060020447,0.6749045848846436,0.5074695348739624,0.6782408952713013,0.5148782730102539,0.6895325183868408,0.5174763202667236,0.700147271156311
agarrar,0,3,0.42358678579330444,0.6405952572822571,0.44029638171195984,0.6072678565979004,0.46556976437568665,0.586275041103363,0.487338662147522,0.5846185684204102,0.5030763745307922,0.5928608775138855,0.4686294198036194,0.5659536123275757,0.49944689869880676,0.5591292381286621,0.5192566514015198,0.5690567493438721,0.5321736931800842,0.5804218649864197,0.46748825907707214,0.5827070474624634,0.5003913640975952,0.5770702958106995,0.5209100246429443,0.5872706770896912,0.5347064733505249,0.599821150302887,0.4655522108078003,0.610224723815918,0.49814096093177795,0.605424702167511,0.5165466070175171,0.6161641478538513,0.5283139944076538,0.6285422444343567,0.4628419876098633,0.6439104676246643,0.48568663001060486,0.639021635055542,0.49741896986961365,0.6435555815696716,0.5050036907196045,0.650489330291748
agarrar,0,4,0.5899041295051575,0.679315447807312,0.5857331156730652,0.6213442087173462,0.5706906318664551,0.5857171416282654,0.5497042536735535,0.5716263055801392,0.5344527959823608,0.5556732416152954,0.5479798913002014,0.6233338117599487,0.5191274881362915,0.6302164793014526,0.5046085119247437,0.6317758560180664,0.49324074387550354,0.6312155723571777,0.5412137508392334,0.6629202961921692,0.5070918798446655,0.6645700335502625,0.49265041947364807,0.656769871711731,0.4840574562549591,0.6499927639961243,0.5368585586547852,0.6938883066177368,0.5042852759361267,0.6937381029129028,0.49005311727523804,0.6827962398529053,0.48146331310272217,0.6719868183135986,0.5344972610473633,0.7172508835792542,0.5064864158630371,0.714497447013855,0.4948771893978119,0.7038236260414124,0.4881635308265686,0.6915978193283081
agarrar,0,5,0.5892763733863831,0.6602151393890381,0.5804835557937622,0.5979346632957458,0.5651904344558716,0.5572764873504639,0.5425875782966614,0.5446262359619141,0.5276820063591003,0.5364063382148743,0.5520852208137512,0.581702709197998,0.530398964881897,0.5824786424636841,0.518220841884613,0.5884677171707153,0.508038341999054,0.5912451148033142,0.5482211112976074,0.6215017437934875,0.5225957036018372,0.6247760057449341,0.5059570670127869,0.6272376179695129,0.4927827715873718,0.6268774271011353,0.5466170310974121,0.6575292348861694,0.5205752849578857,0.6634421348571777,0.5037556290626526,0.6637003421783447,0.49002546072006226,0.6602648496627808,0.5469558835029602,0.6902651786804199,0.5247436761856079,0.692768394947052,0.5117026567459106,0.6917505264282227,0.5001765489578247,0.6867831945419312
agarrar,0,6,0.5922112464904785,0.6538757085800171,0.5774115324020386,0.5860341191291809,0.5539474487304688,0.547519862651825,0.5307028293609619,0.5401673316955566,0.5165919065475464,0.5623643398284912,0.5619780421257019,0.5557833909988403,0.535010576248169,0.5541133284568787,0.5295548439025879,0.5633915066719055,0.5304957032203674,0.5667723417282104,0.559751570224762,0.59058678150177,0.5282333493232727,0.5962464213371277,0.5301982760429382,0.6022303104400635,0.538773238658905,0.6009945869445801,0.5581910014152527,0.6259682178497314,0.5305750370025635,0.6348075866699219,0.5343142151832581,0.6370097398757935,0.5427129864692688,0.6326918601989746,0.556799054145813,0.660305380821228,0.5351663827896118,0.666704535484314,0.5345743894577026,0.6680492758750916,0.5392799377441406,0.6653422713279724
agarrar,0,7,0.5615102052688599,0.6403005123138428,0.547398030757904,0.5890337228775024,0.5383583903312683,0.5555340051651001,0.5270771980285645,0.5487444400787354,0.5134499073028564,0.5625522136688232,0.5605159997940063,0.5560351610183716,0.5575529336929321,0.5366044640541077,0.5527544021606445,0.5314837694168091,0.5494562387466431,0.5309520959854126,0.563458263874054,0.5856342911720276,0.5609197616577148,0.5732269287109375,0.5566455721855164,0.5666021704673767,0.553585946559906,0.5618840456008911,0.563769519329071,0.6178887486457825,0.5602105855941772,0.6176327466964722,0.5579469203948975,0.6129528284072876,0.5560095310211182,0.6063131093978882,0.561768651008606,0.6500008702278137,0.5607722401618958,0.6563096046447754,0.5581098794937134,0.6536040902137756,0.5556126236915588,0.6484044790267944
agarrar,0,8,0.4121967554092407,0.4832770526409149,0.43721699714660645,0.45332348346710205,0.47100767493247986,0.4385340213775635,0.49901413917541504,0.43744349479675293,0.5214713215827942,0.43653741478919983,0.45545119047164917,0.43312668800354004,0.47190001606941223,0.43130025267601013,0.48327720165252686,0.44236990809440613,0.49317964911460876,0.45485296845436096,0.44517064094543457,0.4612460136413574,0.46453139185905457,0.47018811106681824,0.47917431592941284,0.4839451014995575,0.4906836152076721,0.4964843988418579,0.4353829324245453,0.4938494563102722,0.45394325256347656,0.5054104924201965,0.46790558099746704,0.5182691812515259,0.47965940833091736,0.526492714881897,0.42690035700798035,0.5264923572540283,0.44461962580680847,0.5418499708175659,0.4565230906009674,0.5518110394477844,0.4675426185131073,0.5599655508995056
agarrar,0,9,0.41561219096183777,0.4823934733867645,0.44197118282318115,0.45267459750175476,0.47752633690834045,0.44198960065841675,0.5057957172393799,0.44567611813545227,0.5277584791183472,0.4510928690433502,0.46418142318725586,0.439599871635437,0.47995612025260925,0.44284287095069885,0.4890837073326111,0.4576916992664337,0.49620306491851807,0.47387874126434326,0.4530477225780487,0.46886497735977173,0.47025078535079956,0.48277151584625244,0.4816668927669525,0.49940815567970276,0.4902696907520294,0.5135868787765503,0.4423011243343353,0.5007240772247314,0.45820292830467224,0.5156276822090149,0.46987107396125793,0.5299444198608398,0.47963422536849976,0.5391854047775269,0.4329904317855835,0.5321319699287415,0.4484710991382599,0.5486265420913696,0.4582885503768921,0.5600645542144775,0.4676847457885742,0.570219099521637
agarrar,0,10,0.5275586247444153,0.6042919158935547,0.5249402523040771,0.5620183944702148,0.5242506861686707,0.5251102447509766,0.5283709168434143,0.5057787895202637,0.5374112129211426,0.4991675317287445,0.5239594578742981,0.5678147077560425,0.5324857234954834,0.5696735978126526,0.5411056280136108,0.57007896900177,0.5516553521156311,0.5639764070510864,0.5275179147720337,0.5911102294921875,0.536781907081604,0.5741215944290161,0.5485573410987854,0.5616570115089417,0.5608189702033997,0.5488220453262329,0.5308323502540588,0.6123422384262085,0.5355418920516968,0.5945955514907837,0.5473285913467407,0.5792139172554016,0.5605591535568237,0.5634762644767761,0.5350391864776611,0.6362683773040771,0.5350558161735535,0.634330153465271,0.5408821105957031,0.6264789700508118,0.5480079650878906,0.6162176132202148
agarrar,0,11,0.43142539262771606,0.5033789873123169,0.45985549688339233,0.47709527611732483,0.4945078492164612,0.4779830873012543,0.5173930525779724,0.489792138338089,0.5318461060523987,0.5063424706459045,0.4828871786594391,0.48169729113578796,0.495807021856308,0.5051645040512085,0.5014523267745972,0.529977023601532,0.5056977272033691,0.5516786575317383,0.46777036786079407,0.5093191266059875,0.4790428876876831,0.5403016805648804,0.48644623160362244,0.5682544708251953,0.49255165457725525,0.5916590094566345,0.4547758102416992,0.5371583104133606,0.46763336658477783,0.5674276351928711,0.4755801558494568,0.591966986656189,0.48240482807159424,0.6108860373497009,0.4448566734790802,0.5626059770584106,0.4573051929473877,0.5928760766983032,0.46540772914886475,0.6113003492355347,0.4734177887439728,0.6284508109092712
agarrar,0,12,0.4322144389152527,0.5149669051170349,0.4672855734825134,0.4962618052959442,0.505180835723877,0.5069224238395691,0.5287574529647827,0.5257596373558044,0.5448961853981018,0.5291718244552612,0.4866042733192444,0.5031622052192688,0.49771812558174133,0.5287591218948364,0.5038978457450867,0.5537673234939575,0.5093928575515747,0.5757731795310974,0.4694116413593292,0.5260206460952759,0.4789297580718994,0.560688853263855,0.4863623380661011,0.5907436013221741,0.49269336462020874,0.6159464716911316,0.455754816532135,0.54960036277771,0.46728357672691345,0.5840718150138855,0.4751729667186737,0.6124367117881775,0.4820190668106079,0.6349387168884277,0.4457256495952606,0.5700116157531738,0.4551718235015869,0.6041314005851746,0.46287471055984497,0.6261444687843323,0.47069433331489563,0.6470708250999451
agarrar,0,13,0.436580091714859,0.5140500664710999,0.4722544848918915,0.495516300201416,0.5085581541061401,0.5110726952552795,0.5296101570129395,0.5369561910629272,0.5428364872932434,0.5514339208602905,0.489342600107193,0.5060272216796875,0.4995477795600891,0.5319592952728271,0.5033602714538574,0.559296727180481,0.5063717365264893,0.584002673625946,0.4713875651359558,0.528831422328949,0.4814128875732422,0.5638689398765564,0.4864829480648041,0.5952062606811523,0.490874707698822,0.6209172010421753,0.45731210708618164,0.5523555278778076,0.46854567527770996,0.5878530144691467,0.4753468632698059,0.6171730160713196,0.48187315464019775,0.6399000883102417,0.4470708966255188,0.5722789764404297,0.4567185938358307,0.6083502769470215,0.4632042944431305,0.6311048269271851,0.4700484275817871,0.6509872674942017
agarrar,0,14,0.4392569065093994,0.509836733341217,0.4754173159599304,0.48937684297561646,0.5132821202278137,0.5083367824554443,0.5361550450325012,0.5427037477493286,0.550312340259552,0.5722687244415283,0.49364444613456726,0.5005047917366028,0.5025694370269775,0.5263952016830444,0.5067474246025085,0.5550014972686768,0.5092173218727112,0.5812134742736816,0.4749241769313812,0.5255709290504456,0.4844279885292053,0.5628750324249268,0.4903579354286194,0.5953399538993835,0.49449241161346436,0.622747540473938,0.46031585335731506,0.5508639812469482,0.4720357060432434,0.5878379344940186,0.4787866771221161,0.6173774003982544,0.4850095212459564,0.6402730345726013,0.44963157176971436,0.5734884738922119,0.45894911885261536,0.6073874831199646,0.4660351872444153,0.6288490891456604,0.4734611213207245,0.648796558380127
agarrar,0,15,0.4423457384109497,0.505945086479187,0.47953227162361145,0.4884651303291321,0.5160967111587524,0.5095458626747131,0.5381237268447876,0.5469022393226624,0.550927460193634,0.5800308585166931,0.49857696890830994,0.49693548679351807,0.5079997181892395,0.523000180721283,0.5111589431762695,0.552034854888916,0.512715756893158,0.5790796875953674,0.4790566563606262,0.5220469236373901,0.4884432256221771,0.559179425239563,0.49284690618515015,0.591417670249939,0.4960172176361084,0.6192482709884644,0.46352308988571167,0.547099232673645,0.47496673464775085,0.5852604508399963,0.4805457592010498,0.6143083572387695,0.48574963212013245,0.636993408203125,0.4525217115879059,0.5703096985816956,0.4618084132671356,0.606139063835144,0.46892133355140686,0.6273597478866577,0.4767014980316162,0.6463168859481812
agarrar,0,16,0.44439831376075745,0.502223789691925,0.4820820689201355,0.4849807918071747,0.5181761384010315,0.5056915879249573,0.540314793586731,0.5407425761222839,0.5538992285728455,0.5715208649635315,0.4999237060546875,0.48928743600845337,0.5084819197654724,0.5161007046699524,0.5119901895523071,0.5427080988883972,0.5140515565872192,0.5701242089271545,0.4810190796852112,0.5137065052986145,0.49051859974861145,0.5515928864479065,0.4950377643108368,0.5826236605644226,0.49764010310173035,0.610809326171875,0.4658857583999634,0.5396444797515869,0.4771784245967865,0.5792522430419922,0.48241543769836426,0.6076328158378601,0.48676344752311707,0.630593478679657,0.4543384313583374,0.5644007921218872,0.46453747153282166,0.5997402667999268,0.47164905071258545,0.6221741437911987,0.47857001423835754,0.6422720551490784
agarrar,0,17,0.44643282890319824,0.4971981346607208,0.4808676540851593,0.477390855550766,0.5168392062187195,0.4950520396232605,0.5395277738571167,0.5314186811447144,0.5538347959518433,0.5622684955596924,0.5000598430633545,0.47923922538757324,0.508908748626709,0.5067054033279419,0.5104473829269409,0.535093367099762,0.5098559856414795,0.5638733506202698,0.48092377185821533,0.5048716068267822,0.48998820781707764,0.5441901087760925,0.49432092905044556,0.5768105387687683,0.4974632263183594,0.6057952642440796,0.465514600276947,0.5314122438430786,0.47552064061164856,0.5717023611068726,0.4803505539894104,0.6008092761039734,0.48450547456741333,0.622856855392456,0.4547540247440338,0.5582835078239441,0.4651801884174347,0.5920605659484863,0.4698415994644165,0.6110197305679321,0.47386524081230164,0.6266962885856628
agarrar,0,18,0.45246368646621704,0.48790931701660156,0.4865216314792633,0.4704563021659851,0.521402895450592,0.4893043041229248,0.5414978265762329,0.5246529579162598,0.553924024105072,0.5552862286567688,0.5021976232528687,0.46407628059387207,0.5081175565719604,0.4878053665161133,0.5073254108428955,0.5125884413719177,0.5058630704879761,0.5396586656570435,0.4820788502693176,0.4888099133968353,0.48751938343048096,0.5290987491607666,0.49009284377098083,0.562358558177948,0.4927951395511627,0.5931288599967957,0.465871661901474,0.5159734487533569,0.47270917892456055,0.558456301689148,0.4779621362686157,0.5890944600105286,0.4842599630355835,0.6134310960769653,0.45492881536483765,0.5425930023193359,0.46309101581573486,0.5797286033630371,0.46735575795173645,0.6018902063369751,0.47234901785850525,0.6199724674224854
agarrar,0,19,0.5304973721504211,0.6458629965782166,0.5265647172927856,0.5765145421028137,0.527127742767334,0.5320839285850525,0.53859543800354,0.5221740007400513,0.5476514101028442,0.5265193581581116,0.5108358263969421,0.5490906834602356,0.49465420842170715,0.5259377360343933,0.4857613444328308,0.5350590348243713,0.4821474850177765,0.547438383102417,0.5066775679588318,0.579552412033081,0.4893699288368225,0.5606546401977539,0.48195430636405945,0.5659271478652954,0.4805663526058197,0.5684455633163452,0.5051408410072327,0.615149736404419,0.4886382818222046,0.6026304364204407,0.48522764444351196,0.6005777716636658,0.487012654542923,0.5941154956817627,0.5049213767051697,0.6519151926040649,0.49245092272758484,0.6554592251777649,0.48997101187705994,0.6505056619644165,0.49153202772140503,0.6417974233627319
agarrar,1,0,0.5892763733863831,0.6602151393890381,0.5804835557937622,0.5979346632957458,0.5651904344558716,0.5572764873504639,0.5425875782966614,0.5446262359619141,0.5276820063591003,0.5364063382148743,0.5520852208137512,0.581702709197998,0.530398964881897,0.5824786424636841,0.518220841884613,0.5884677171707153,0.508038341999054,0.5912451148033142,0.5482211112976074,0.6215017437934875,0.5225957036018372,0.6247760057449341,0.5059570670127869,0.6272376179695129,0.4927827715873718,0.6268774271011353,0.5466170310974121,0.6575292348861694,0.5205752849578857,0.6634421348571777,0.5037556290626526,0.6637003421783447,0.49002546072006226,0.6602648496627808,0.5469558835029602,0.6902651786804199,0.5247436761856079,0.692768394947052,0.5117026567459106,0.6917505264282227,0.5001765489578247,0.6867831945419312
agarrar,1,1,0.5922112464904785,0.6538757085800171,0.5774115324020386,0.5860341191291809,0.5539474487304688,0.547519862651825,0.5307028293609619,0.5401673316955566,0.5165919065475464,0.5623643398284912,0.5619780421257019,0.5557833909988403,0.535010576248169,0.5541133284568787,0.5295548439025879,0.5633915066719055,0.5304957032203674,0.5667723417282104,0.559751570224762,0.59058678150177,0.5282333493232727,0.5962464213371277,0.5301982760429382,0.6022303104400635,0.538773238658905,0.6009945869445801,0.5581910014152527,0.6259682178497314,0.5305750370025635,0.6348075866699219,0.5343142151832581,0.6370097398757935,0.5427129864692688,0.6326918601989746,0.556799054145813,0.660305380821228,0.5351663827896118,0.666704535484314,0.5345743894577026,0.6680492758750916,0.5392799377441406,0.6653422713279724
agarrar,1,2,0.5615102052688599,0.6403005123138428,0.547398030757904,0.5890337228775024,0.5383583903312683,0.5555340051651001,0.5270771980285645,0.5487444400787354,0.5134499073028564,0.5625522136688232,0.5605159997940063,0.5560351610183716,0.5575529336929321,0.5366044640541077,0.5527544021606445,0.5314837694168091,0.5494562387466431,0.5309520959854126,0.563458263874054,0.5856342911720276,0.5609197616577148,0.5732269287109375,0.5566455721855164,0.5666021704673767,0.553585946559906,0.5618840456008911,0.563769519329071,0.6178887486457825,0.5602105855941772,0.6176327466964722,0.5579469203948975,0.6129528284072876,0.5560095310211182,0.6063131093978882,0.561768651008606,0.6500008702278137,0.5607722401618958,0.6563096046447754,0.5581098794937134,0.6536040902137756,0.5556126236915588,0.6484044790267944
agarrar,1,3,0.4121967554092407,0.4832770526409149,0.43721699714660645,0.45332348346710205,0.47100767493247986,0.4385340213775635,0.49901413917541504,0.43744349479675293,0.5214713215827942,0.43653741478919983,0.45545119047164917,0.43312668800354004,0.47190001606941223,0.43130025267601013,0.48327720165252686,0.44236990809440613,0.49317964911460876,0.45485296845436096,0.44517064094543457,0.4612460136413574,0.46453139185905457,0.47018811106681824,0.47917431592941284,0.4839451014995575,0.4906836152076721,0.4964843988418579,0.4353829324245453,0.4938494563102722,0.45394325256347656,0.5054104924201965,0.46790558099746704,0.5182691812515259,0.47965940833091736,0.526492714881897,0.42690035700798035,0.5264923572540283,0.44461962580680847,0.5418499708175659,0.4565230906009674,0.5518110394477844,0.4675426185131073,0.5599655508995056
agarrar,1,4,0.41561219096183777,0.4823934733867645,0.44197118282318115,0.45267459750175476,0.47752633690834045,0.44198960065841675,0.5057957172393799,0.44567611813545227,0.5277584791183472,0.4510928690433502,0.46418142318725586,0.439599871635437,0.47995612025260925,0.44284287095069885,0.4890837073326111,0.4576916992664337,0.49620306491851807,0.47387874126434326,0.4530477225780487,0.46886497735977173,0.47025078535079956,0.48277151584625244,0.4816668927669525,0.49940815567970276,0.4902696907520294,0.5135868787765503,0.4423011243343353,0.5007240772247314,0.45820292830467224,0.5156276822090149,0.46987107396125793,0.5299444198608398,0.47963422536849976,0.5391854047775269,0.4329904317855835,0.5321319699287415,0.4484710991382599,0.5486265420913696,0.4582885503768921,0.5600645542144775,0.4676847457885742,0.570219099521637
agarrar,1,5,0.5275586247444153,0.6042919158935547,0.5249402523040771,0.5620183944702148,0.5242506861686707,0.5251102447509766,0.5283709168434143,0.5057787895202637,0.5374112129211426,0.4991675317287445,0.5239594578742981,0.5678147077560425,0.5324857234954834,0.5696735978126526,0.5411056280136108,0.57007896900177,0.5516553521156311,0.5639764070510864,0.5275179147720337,0.5911102294921875,0.536781907081604,0.5741215944290161,0.5485573410987854,0.5616570115089417,0.5608189702033997,0.5488220453262329,0.5308323502540588,0.6123422384262085,0.5355418920516968,0.5945955514907837,0.5473285913467407,0.5792139172554016,0.5605591535568237,0.5634762644767761,0.5350391864776611,0.6362683773040771,0.5350558161735535,0.634330153465271,0.5408821105957031,0.6264789700508118,0.5480079650878906,0.6162176132202148
agarrar,1,6,0.43142539262771606,0.5033789873123169,0.45985549688339233,0.47709527611732483,0.4945078492164612,0.4779830873012543,0.5173930525779724,0.489792138338089,0.5318461060523987,0.5063424706459045,0.4828871786594391,0.48169729113578796,0.495807021856308,0.5051645040512085,0.5014523267745972,0.529977023601532,0.5056977272033691,0.5516786575317383,0.46777036786079407,0.5093191266059875,0.4790428876876831,0.5403016805648804,0.48644623160362244,0.5682544708251953,0.49255165457725525,0.5916590094566345,0.4547758102416992,0.5371583104133606,0.46763336658477783,0.5674276351928711,0.4755801558494568,0.591966986656189,0.48240482807159424,0.6108860373497009,0.4448566734790802,0.5626059770584106,0.4573051929473877,0.5928760766983032,0.46540772914886475,0.6113003492355347,0.4734177887439728,0.6284508109092712
agarrar,1,7,0.4322144389152527,0.5149669051170349,0.4672855734825134,0.4962618052959442,0.505180835723877,0.5069224238395691,0.5287574529647827,0.5257596373558044,0.5448961853981018,0.5291718244552612,0.4866042733192444,0.5031622052192688,0.49771812558174133,0.5287591218948364,0.5038978457450867,0.5537673234939575,0.5093928575515747,0.5757731795310974,0.4694116413593292,0.5260206460952759,0.4789297580718994,0.560688853263855,0.4863623380661011,0.5907436013221741,0.49269336462020874,0.6159464716911316,0.455754816532135,0.54960036277771,0.46728357672691345,0.5840718150138855,0.4751729667186737,0.6124367117881775,0.4820190668106079,0.6349387168884277,0.4457256495952606,0.5700116157531738,0.4551718235015869,0.6041314005851746,0.46287471055984497,0.6261444687843323,0.47069433331489563,0.6470708250999451
agarrar,1,8,0.436580091714859,0.5140500664710999,0.4722544848918915,0.495516300201416,0.5085581541061401,0.5110726952552795,0.5296101570129395,0.5369561910629272,0.5428364872932434,0.5514339208602905,0.489342600107193,0.5060272216796875,0.4995477795600891,0.5319592952728271,0.5033602714538574,0.559296727180481,0.5063717365264893,0.584002673625946,0.4713875651359558,0.528831422328949,0.4814128875732422,0.5638689398765564,0.4864829480648041,0.5952062606811523,0.490874707698822,0.6209172010421753,0.45731210708618164,0.5523555278778076,0.46854567527770996,0.5878530144691467,0.4753468632698059,0.6171730160713196,0.48187315464019775,0.6399000883102417,0.4470708966255188,0.5722789764404297,0.4567185938358307,0.6083502769470215,0.4632042944431305,0.6311048269271851,0.4700484275817871,0.6509872674942017
agarrar,1,9,0.4392569065093994,0.509836733341217,0.4754173159599304,0.48937684297561646,0.5132821202278137,0.5083367824554443,0.5361550450325012,0.5427037477493286,0.550312340259552,0.5722687244415283,0.49364444613456726,0.5005047917366028,0.5025694370269775,0.5263952016830444,0.5067474246025085,0.5550014972686768,0.5092173218727112,0.5812134742736816,0.4749241769313812,0.5255709290504456,0.4844279885292053,0.5628750324249268,0.4903579354286194,0.5953399538993835,0.49449241161346436,0.622747540473938,0.46031585335731506,0.5508639812469482,0.4720357060432434,0.5878379344940186,0.4787866771221161,0.6173774003982544,0.4850095212459564,0.6402730345726013,0.44963157176971436,0.5734884738922119,0.45894911885261536,0.6073874831199646,0.4660351872444153,0.6288490891456604,0.4734611213207245,0.648796558380127
agarrar,1,10,0.4423457384109497,0.505945086479187,0.47953227162361145,0.4884651303291321,0.5160967111587524,0.5095458626747131,0.5381237268447876,0.5469022393226624,0.550927460193634,0.5800308585166931,0.49857696890830994,0.49693548679351807,0.5079997181892395,0.523000180721283,0.5111589431762695,0.552034854888916,0.512715756893158,0.5790796875953674,0.4790566563606262,0.5220469236373901,0.4884432256221771,0.559179425239563,0.49284690618515015,0.591417670249939,0.4960172176361084,0.6192482709884644,0.46352308988571167,0.547099232673645,0.47496673464775085,0.5852604508399963,0.4805457592010498,0.6143083572387695,0.48574963212013245,0.636993408203125,0.4525217115879059,0.5703096985816956,0.4618084132671356,0.606139063835144,0.46892133355140686,0.6273597478866577,0.4767014980316162,0.6463168859481812
agarrar,1,11,0.44439831376075745,0.502223789691925,0.4820820689201355,0.4849807918071747,0.5181761384010315,0.5056915879249573,0.540314793586731,0.5407425761222839,0.5538992285728455,0.5715208649635315,0.4999237060546875,0.48928743600845337,0.5084819197654724,0.5161007046699524,0.5119901895523071,0.5427080988883972,0.5140515565872192,0.5701242089271545,0.4810190796852112,0.5137065052986145,0.49051859974861145,0.5515928864479065,0.4950377643108368,0.5826236605644226,0.49764010310173035,0.610809326171875,0.4658857583999634,0.5396444797515869,0.4771784245967865,0.5792522430419922,0.48241543769836426,0.6076328158378601,0.48676344752311707,0.630593478679657,0.4543384313583374,0.5644007921218872,0.46453747153282166,0.5997402667999268,0.47164905071258545,0.6221741437911987,0.47857001423835754,0.6422720551490784
agarrar,1,12,0.44643282890319824,0.4971981346607208,0.4808676540851593,0.477390855550766,0.5168392062187195,0.4950520396232605,0.5395277738571167,0.5314186811447144,0.5538347959518433,0.5622684955596924,0.5000598430633545,0.47923922538757324,0.508908748626709,0.5067054033279419,0.5104473829269409,0.535093367099762,0.5098559856414795,0.5638733506202698,0.48092377185821533,0.5048716068267822,0.48998820781707764,0.5441901087760925,0.49432092905044556,0.5768105387687683,0.4974632263183594,0.6057952642440796,0.465514600276947,0.5314122438430786,0.47552064061164856,0.5717023611068726,0.4803505539894104,0.6008092761039734,0.48450547456741333,0.622856855392456,0.4547540247440338,0.5582835078239441,0.4651801884174347,0.5920605659484863,0.4698415994644165,0.6110197305679321,0.47386524081230164,0.6266962885856628
agarrar,1,13,0.45246368646621704,0.48790931701660156,0.4865216314792633,0.4704563021659851,0.521402895450592,0.4893043041229248,0.5414978265762329,0.5246529579162598,0.553924024105072,0.5552862286567688,0.5021976232528687,0.46407628059387207,0.5081175565719604,0.4878053665161133,0.5073254108428955,0.5125884413719177,0.5058630704879761,0.5396586656570435,0.4820788502693176,0.4888099133968353,0.48751938343048096,0.5290987491607666,0.49009284377098083,0.562358558177948,0.4927951395511627,0.5931288599967957,0.465871661901474,0.5159734487533569,0.47270917892456055,0.558456301689148,0.4779621362686157,0.5890944600105286,0.4842599630355835,0.6134310960769653,0.45492881536483765,0.5425930023193359,0.46309101581573486,0.5797286033630371,0.46735575795173645,0.6018902063369751,0.47234901785850525,0.6199724674224854
agarrar,1,14,0.5304973721504211,0.6458629965782166,0.5265647172927856,0.5765145421028137,0.527127742767334,0.5320839285850525,0.53859543800354,0.5221740007400513,0.5476514101028442,0.5265193581581116,0.5108358263969421,0.5490906834602356,0.49465420842170715,0.5259377360343933,0.4857613444328308,0.5350590348243713,0.4821474850177765,0.547438383102417,0.5066775679588318,0.579552412033081,0.4893699288368225,0.5606546401977539,0.48195430636405945,0.5659271478652954,0.4805663526058197,0.5684455633163452,0.5051408410072327,0.615149736404419,0.4886382818222046,0.6026304364204407,0.48522764444351196,0.6005777716636658,0.487012654542923,0.5941154956817627,0.5049213767051697,0.6519151926040649,0.49245092272758484,0.6554592251777649,0.48997101187705994,0.6505056619644165,0.49153202772140503,0.6417974233627319
agarrar,1,15,0.524265706539154,0.63043612241745,0.5190434455871582,0.5650385618209839,0.5183116793632507,0.5218369960784912,0.5294314026832581,0.5074033737182617,0.5410295724868774,0.5057353973388672,0.5071649551391602,0.5456439256668091,0.4924359619617462,0.5253543257713318,0.4838480055332184,0.5351752638816833,0.4782485365867615,0.550145149230957,0.5072578191757202,0.5787485837936401,0.49771344661712646,0.5683718323707581,0.49819883704185486,0.5665296316146851,0.5005608797073364,0.5596665143966675,0.5084288716316223,0.6143858432769775,0.49566471576690674,0.6118489503860474,0.49796798825263977,0.6045106649398804,0.5017235279083252,0.5913626551628113,0.5092449188232422,0.6503036618232727,0.4967572093009949,0.6585113406181335,0.49543747305870056,0.6507259607315063,0.4963552951812744,0.6402440667152405
agarrar,1,16,0.5290157198905945,0.6624763607978821,0.5072953104972839,0.6118519902229309,0.4964894950389862,0.5840533971786499,0.48483705520629883,0.5900488495826721,0.4749312102794647,0.6099730730056763,0.5108320713043213,0.5549770593643188,0.5020499229431152,0.5186333060264587,0.49099767208099365,0.5289722084999084,0.4835205674171448,0.5472765564918518,0.5160568952560425,0.5795500874519348,0.5141729116439819,0.55629563331604,0.5068778395652771,0.559118926525116,0.503794252872467,0.5637542009353638,0.5186775922775269,0.6147322058677673,0.5129099488258362,0.6035599708557129,0.5110248327255249,0.5979322791099548,0.5103545188903809,0.5914403200149536,0.5169353485107422,0.6526520848274231,0.5095731616020203,0.6607356071472168,0.5062307119369507,0.6551492810249329,0.5047467947006226,0.6466735601425171
agarrar,1,17,0.5236333608627319,0.6425583362579346,0.512281596660614,0.5965985059738159,0.5056481957435608,0.5691930651664734,0.49856263399124146,0.5669140815734863,0.49449798464775085,0.581040620803833,0.5192863941192627,0.5600737929344177,0.5136141777038574,0.5444459915161133,0.5071554780006409,0.5543312430381775,0.5025579929351807,0.567452609539032,0.5218698382377625,0.5860007405281067,0.5240027904510498,0.5666167140007019,0.521661639213562,0.5622721314430237,0.5224936604499817,0.5586898326873779,0.5225388407707214,0.617274820804596,0.5219976902008057,0.6119217872619629,0.5229417085647583,0.6047883033752441,0.5253852605819702,0.5943520665168762,0.5195854902267456,0.649824321269989,0.516300618648529,0.6604111194610596,0.514980673789978,0.6571387052536011,0.5146631598472595,0.648653507232666
agarrar,1,18,0.5233820676803589,0.6581968665122986,0.5207907557487488,0.5949443578720093,0.5250185132026672,0.5467945337295532,0.5319679975509644,0.5126203298568726,0.5404078960418701,0.492484986782074,0.5200226306915283,0.5585530996322632,0.5267353653907776,0.5315390229225159,0.5300318598747253,0.531952977180481,0.5341838002204895,0.5355719327926636,0.5202534198760986,0.5904020071029663,0.5272760391235352,0.5715348124504089,0.5318266153335571,0.5665969848632812,0.5388758778572083,0.5628006458282471,0.5212429165840149,0.6245809197425842,0.5253840088844299,0.6143482327461243,0.532103955745697,0.6048381924629211,0.5404123663902283,0.5942831635475159,0.5219823718070984,0.6594616770744324,0.5223705768585205,0.665859580039978,0.5247165560722351,0.6589707136154175,0.5279333591461182,0.6488885879516602
agarrar,1,19,0.4409680664539337,0.4556327760219574,0.47507163882255554,0.4250728487968445,0.5126070976257324,0.4277910590171814,0.5385618805885315,0.45420345664024353,0.5551684498786926,0.48108112812042236,0.49445024132728577,0.425594300031662,0.5070099234580994,0.45061689615249634,0.5125796794891357,0.4779995381832123,0.516731858253479,0.5027836561203003,0.4768064022064209,0.4557803273200989,0.49270957708358765,0.49335092306137085,0.49938148260116577,0.5222904682159424,0.5040256977081299,0.544609546661377,0.4638112783432007,0.4853324592113495,0.4816031754016876,0.5226252675056458,0.49143314361572266,0.5491015911102295,0.49973052740097046,0.5683717727661133,0.4558320641517639,0.5119833946228027,0.47294697165489197,0.543761134147644,0.48288002610206604,0.5632369518280029,0.4915671646595001,0.5796616077423096
agarrar,2,0,0.5275586247444153,0.6042919158935547,0.5249402523040771,0.5620183944702148,0.5242506861686707,0.5251102447509766,0.5283709168434143,0.5057787895202637,0.5374112129211426,0.4991675317287445,0.5239594578742981,0.5678147077560425,0.5324857234954834,0.5696735978126526,0.5411056280136108,0.57007896900177,0.5516553521156311,0.5639764070510864,0.5275179147720337,0.5911102294921875,0.536781907081604,0.5741215944290161,0.5485573410987854,0.5616570115089417,0.5608189702033997,0.5488220453262329,0.5308323502540588,0.6123422384262085,0.5355418920516968,0.5945955514907837,0.5473285913467407,0.5792139172554016,0.5605591535568237,0.5634762644767761,0.5350391864776611,0.6362683773040771,0.5350558161735535,0.634330153465271,0.5408821105957031,0.6264789700508118,0.5480079650878906,0.6162176132202148
agarrar,2,1,0.43142539262771606,0.5033789873123169,0.45985549688339233,0.47709527611732483,0.4945078492164612,0.4779830873012543,0.5173930525779724,0.489792138338089,0.5318461060523987,0.5063424706459045,0.4828871786594391,0.48169729113578796,0.495807021856308,0.5051645040512085,0.5014523267745972,0.529977023601532,0.5056977272033691,0.5516786575317383,0.46777036786079407,0.5093191266059875,0.4790428876876831,0.5403016805648804,0.48644623160362244,0.5682544708251953,0.49255165457725525,0.5916590094566345,0.4547758102416992,0.5371583104133606,0.46763336658477783,0.5674276351928711,0.4755801558494568,0.591966986656189,0.48240482807159424,0.6108860373497009,0.4448566734790802,0.5626059770584106,0.4573051929473877,0.5928760766983032,0.46540772914886475,0.6113003492355347,0.4734177887439728,0.6284508109092712
agarrar,2,2,0.4322144389152527,0.5149669051170349,0.4672855734825134,0.4962618052959442,0.505180835723877,0.5069224238395691,0.5287574529647827,0.5257596373558044,0.5448961853981018,0.5291718244552612,0.4866042733192444,0.5031622052192688,0.49771812558174133,0.5287591218948364,0.5038978457450867,0.5537673234939575,0.5093928575515747,0.5757731795310974,0.4694116413593292,0.5260206460952759,0.4789297580718994,0.560688853263855,0.4863623380661011,0.5907436013221741,0.49269336462020874,0.6159464716911316,0.455754816532135,0.54960036277771,0.46728357672691345,0.5840718150138855,0.4751729667186737,0.6124367117881775,0.4820190668106079,0.6349387168884277,0.4457256495952606,0.5700116157531738,0.4551718235015869,0.6041314005851746,0.46287471055984497,0.6261444687843323,0.47069433331489563,0.6470708250999451
agarrar,2,3,0.436580091714859,0.5140500664710999,0.4722544848918915,0.495516300201416,0.5085581541061401,0.5110726952552795,0.5296101570129395,0.5369561910629272,0.5428364872932434,0.5514339208602905,0.489342600107193,0.5060272216796875,0.4995477795600891,0.5319592952728271,0.5033602714538574,0.559296727180481,0.5063717365264893,0.584002673625946,0.4713875651359558,0.528831422328949,0.4814128875732422,0.5638689398765564,0.4864829480648041,0.5952062606811523,0.490874707698822,0.6209172010421753,0.45731210708618164,0.5523555278778076,0.46854567527770996,0.5878530144691467,0.4753468632698059,0.6171730160713196,0.48187315464019775,0.6399000883102417,0.4470708966255188,0.5722789764404297,0.4567185938358307,0.6083502769470215,0.4632042944431305,0.6311048269271851,0.4700484275817871,0.6509872674942017
agarrar,2,4,0.4392569065093994,0.509836733341217,0.4754173159599304,0.48937684297561646,0.5132821202278137,0.5083367824554443,0.5361550450325012,0.5427037477493286,0.550312340259552,0.5722687244415283,0.49364444613456726,0.5005047917366028,0.5025694370269775,0.5263952016830444,0.5067474246025085,0.5550014972686768,0.5092173218727112,0.5812134742736816,0.4749241769313812,0.5255709290504456,0.4844279885292053,0.5628750324249268,0.4903579354286194,0.5953399538993835,0.49449241161346436,0.622747540473938,0.46031585335731506,0.5508639812469482,0.4720357060432434,0.5878379344940186,0.4787866771221161,0.6173774003982544,0.4850095212459564,0.6402730345726013,0.44963157176971436,0.5734884738922119,0.45894911885261536,0.6073874831199646,0.4660351872444153,0.6288490891456604,0.4734611213207245,0.648796558380127
agarrar,2,5,0.4423457384109497,0.505945086479187,0.47953227162361145,0.4884651303291321,0.5160967111587524,0.5095458626747131,0.5381237268447876,0.5469022393226624,0.550927460193634,0.5800308585166931,0.49857696890830994,0.49693548679351807,0.5079997181892395,0.523000180721283,0.5111589431762695,0.552034854888916,0.512715756893158,0.5790796875953674,0.4790566563606262,0.5220469236373901,0.4884432256221771,0.559179425239563,0.49284690618515015,0.591417670249939,0.4960172176361084,0.6192482709884644,0.46352308988571167,0.547099232673645,0.47496673464775085,0.5852604508399963,0.4805457592010498,0.6143083572387695,0.48574963212013245,0.636993408203125,0.4525217115879059,0.5703096985816956,0.4618084132671356,0.606139063835144,0.46892133355140686,0.6273597478866577,0.4767014980316162,0.6463168859481812
agarrar,2,6,0.44439831376075745,0.502223789691925,0.4820820689201355,0.4849807918071747,0.5181761384010315,0.5056915879249573,0.540314793586731,0.5407425761222839,0.5538992285728455,0.5715208649635315,0.4999237060546875,0.48928743600845337,0.5084819197654724,0.5161007046699524,0.5119901895523071,0.5427080988883972,0.5140515565872192,0.5701242089271545,0.4810190796852112,0.5137065052986145,0.49051859974861145,0.5515928864479065,0.4950377643108368,0.5826236605644226,0.49764010310173035,0.610809326171875,0.4658857583999634,0.5396444797515869,0.4771784245967865,0.5792522430419922,0.48241543769836426,0.6076328158378601,0.48676344752311707,0.630593478679657,0.4543384313583374,0.5644007921218872,0.46453747153282166,0.5997402667999268,0.47164905071258545,0.6221741437911987,0.47857001423835754,0.6422720551490784
agarrar,2,7,0.44643282890319824,0.4971981346607208,0.4808676540851593,0.477390855550766,0.5168392062187195,0.4950520396232605,0.5395277738571167,0.5314186811447144,0.5538347959518433,0.5622684955596924,0.5000598430633545,0.47923922538757324,0.508908748626709,0.5067054033279419,0.5104473829269409,0.535093367099762,0.5098559856414795,0.5638733506202698,0.48092377185821533,0.5048716068267822,0.48998820781707764,0.5441901087760925,0.49432092905044556,0.5768105387687683,0.4974632263183594,0.6057952642440796,0.465514600276947,0.5314122438430786,0.47552064061164856,0.5717023611068726,0.4803505539894104,0.6008092761039734,0.48450547456741333,0.622856855392456,0.4547540247440338,0.5582835078239441,0.4651801884174347,0.5920605659484863,0.4698415994644165,0.6110197305679321,0.47386524081230164,0.6266962885856628
agarrar,2,8,0.45246368646621704,0.48790931701660156,0.4865216314792633,0.4704563021659851,0.521402895450592,0.4893043041229248,0.5414978265762329,0.5246529579162598,0.553924024105072,0.5552862286567688,0.5021976232528687,0.46407628059387207,0.5081175565719604,0.4878053665161133,0.5073254108428955,0.5125884413719177,0.5058630704879761,0.5396586656570435,0.4820788502693176,0.4888099133968353,0.48751938343048096,0.5290987491607666,0.49009284377098083,0.562358558177948,0.4927951395511627,0.5931288599967957,0.465871661901474,0.5159734487533569,0.47270917892456055,0.558456301689148,0.4779621362686157,0.5890944600105286,0.4842599630355835,0.6134310960769653,0.45492881536483765,0.5425930023193359,0.46309101581573486,0.5797286033630371,0.46735575795173645,0.6018902063369751,0.47234901785850525,0.6199724674224854
agarrar,2,9,0.5304973721504211,0.6458629965782166,0.5265647172927856,0.5765145421028137,0.527127742767334,0.5320839285850525,0.53859543800354,0.5221740007400513,0.5476514101028442,0.5265193581581116,0.5108358263969421,0.5490906834602356,0.49465420842170715,0.5259377360343933,0.4857613444328308,0.5350590348243713,0.4821474850177765,0.547438383102417,0.5066775679588318,0.579552412033081,0.4893699288368225,0.5606546401977539,0.48195430636405945,0.5659271478652954,0.4805663526058197,0.5684455633163452,0.5051408410072327,0.615149736404419,0.4886382818222046,0.6026304364204407,0.48522764444351196,0.6005777716636658,0.487012654542923,0.5941154956817627,0.5049213767051697,0.6519151926040649,0.49245092272758484,0.6554592251777649,0.48997101187705994,0.6505056619644165,0.49153202772140503,0.6417974233627319
agarrar,2,10,0.524265706539154,0.63043612241745,0.5190434455871582,0.5650385618209839,0.5183116793632507,0.5218369960784912,0.5294314026832581,0.5074033737182617,0.5410295724868774,0.5057353973388672,0.5071649551391602,0.5456439256668091,0.4924359619617462,0.5253543257713318,0.4838480055332184,0.5351752638816833,0.4782485365867615,0.550145149230957,0.5072578191757202,0.5787485837936401,0.49771344661712646,0.5683718323707581,0.49819883704185486,0.5665296316146851,0.5005608797073364,0.5596665143966675,0.5084288716316223,0.6143858432769775,0.49566471576690674,0.6118489503860474,0.49796798825263977,0.6045106649398804,0.5017235279083252,0.5913626551628113,0.5092449188232422,0.6503036618232727,0.4967572093009949,0.6585113406181335,0.49543747305870056,0.6507259607315063,0.4963552951812744,0.6402440667152405
agarrar,2,11,0.5290157198905945,0.6624763607978821,0.5072953104972839,0.6118519902229309,0.4964894950389862,0.5840533971786499,0.48483705520629883,0.5900488495826721,0.4749312102794647,0.6099730730056763,0.5108320713043213,0.5549770593643188,0.5020499229431152,0.5186333060264587,0.49099767208099365,0.5289722084999084,0.4835205674171448,0.5472765564918518,0.5160568952560425,0.5795500874519348,0.5141729116439819,0.55629563331604,0.5068778395652771,0.559118926525116,0.503794252872467,0.5637542009353638,0.5186775922775269,0.6147322058677673,0.5129099488258362,0.6035599708557129,0.5110248327255249,0.5979322791099548,0.5103545188903809,0.5914403200149536,0.5169353485107422,0.6526520848274231,0.5095731616020203,0.6607356071472168,0.5062307119369507,0.6551492810249329,0.5047467947006226,0.6466735601425171
agarrar,2,12,0.5236333608627319,0.6425583362579346,0.512281596660614,0.5965985059738159,0.5056481957435608,0.5691930651664734,0.49856263399124146,0.5669140815734863,0.49449798464775085,0.581040620803833,0.5192863941192627,0.5600737929344177,0.5136141777038574,0.5444459915161133,0.5071554780006409,0.5543312430381775,0.5025579929351807,0.567452609539032,0.5218698382377625,0.5860007405281067,0.5240027904510498,0.5666167140007019,0.521661639213562,0.5622721314430237,0.5224936604499817,0.5586898326873779,0.5225388407707214,0.617274820804596,0.5219976902008057,0.6119217872619629,0.5229417085647583,0.6047883033752441,0.5253852605819702,0.5943520665168762,0.5195854902267456,0.649824321269989,0.516300618648529,0.6604111194610596,0.514980673789978,0.6571387052536011,0.5146631598472595,0.648653507232666
agarrar,2,13,0.5233820676803589,0.6581968665122986,0.5207907557487488,0.5949443578720093,0.5250185132026672,0.5467945337295532,0.5319679975509644,0.5126203298568726,0.5404078960418701,0.492484986782074,0.5200226306915283,0.5585530996322632,0.5267353653907776,0.5315390229225159,0.5300318598747253,0.531952977180481,0.5341838002204895,0.5355719327926636,0.5202534198760986,0.5904020071029663,0.5272760391235352,0.5715348124504089,0.5318266153335571,0.5665969848632812,0.5388758778572083,0.5628006458282471,0.5212429165840149,0.6245809197425842,0.5253840088844299,0.6143482327461243,0.532103955745697,0.6048381924629211,0.5404123663902283,0.5942831635475159,0.5219823718070984,0.6594616770744324,0.5223705768585205,0.665859580039978,0.5247165560722351,0.6589707136154175,0.5279333591461182,0.6488885879516602
agarrar,2,14,0.4409680664539337,0.4556327760219574,0.47507163882255554,0.4250728487968445,0.5126070976257324,0.4277910590171814,0.5385618805885315,0.45420345664024353,0.5551684498786926,0.48108112812042236,0.49445024132728577,0.425594300031662,0.5070099234580994,0.45061689615249634,0.5125796794891357,0.4779995381832123,0.516731858253479,0.5027836561203003,0.4768064022064209,0.4557803273200989,0.49270957708358765,0.49335092306137085,0.49938148260116577,0.5222904682159424,0.5040256977081299,0.544609546661377,0.4638112783432007,0.4853324592113495,0.4816031754016876,0.5226252675056458,0.49143314361572266,0.5491015911102295,0.49973052740097046,0.5683717727661133,0.4558320641517639,0.5119833946228027,0.47294697165489197,0.543761134147644,0.48288002610206604,0.5632369518280029,0.4915671646595001,0.5796616077423096
agarrar,2,15,0.4465636610984802,0.4679098129272461,0.48054295778274536,0.4417596161365509,0.5195411443710327,0.4480929672718048,0.5457903742790222,0.46972256898880005,0.5651569962501526,0.4782137870788574,0.49986177682876587,0.4449129104614258,0.5111035704612732,0.4696592688560486,0.5156198740005493,0.49753591418266296,0.5185365080833435,0.5206999182701111,0.48255982995033264,0.4775635004043579,0.4974510669708252,0.5100255012512207,0.5043663382530212,0.5378257632255554,0.5095970630645752,0.5599748492240906,0.469961017370224,0.5077473521232605,0.4873020648956299,0.5403731465339661,0.4965907037258148,0.5665024518966675,0.5042846202850342,0.586296796798706,0.4620102047920227,0.5336037278175354,0.4781838357448578,0.5613019466400146,0.4866792857646942,0.5803331136703491,0.4937600791454315,0.5959029197692871
agarrar,2,16,0.5356250405311584,0.6387891173362732,0.5284988880157471,0.5865005850791931,0.528275191783905,0.5470783114433289,0.5329855680465698,0.5235202312469482,0.5423856377601624,0.5096961259841919,0.5320292711257935,0.5765877962112427,0.542140007019043,0.564108669757843,0.5522951483726501,0.552497923374176,0.5629726648330688,0.542378842830658,0.534220814704895,0.601250410079956,0.5445358753204346,0.5822601318359375,0.5548996925354004,0.5685307383537292,0.5667091608047485,0.5549961924552917,0.5350220799446106,0.6272488236427307,0.5417755246162415,0.610731303691864,0.5516833066940308,0.5966704487800598,0.5636071562767029,0.583818793296814,0.5361393094062805,0.6558768153190613,0.5382269024848938,0.6575263738632202,0.5445079803466797,0.649024248123169,0.5525424480438232,0.6381416320800781
agarrar,2,17,0.4514940083026886,0.4989917278289795,0.4788372814655304,0.46658265590667725,0.5121548771858215,0.4691471457481384,0.5331645607948303,0.4853762090206146,0.5465807914733887,0.500892162322998,0.5026859045028687,0.4903852045536041,0.5159439444541931,0.5194014310836792,0.5214681625366211,0.5462854504585266,0.5254928469657898,0.570591926574707,0.4884176254272461,0.5204982161521912,0.5042957067489624,0.5548648834228516,0.512190043926239,0.5850179195404053,0.5177963972091675,0.6129357814788818,0.4758058488368988,0.5461975336074829,0.492902010679245,0.5817468166351318,0.5011714696884155,0.6093374490737915,0.507104754447937,0.6338586211204529,0.46546250581741333,0.5677523016929626,0.479267954826355,0.598983108997345,0.4870070219039917,0.6207943558692932,0.4936191737651825,0.6417950391769409
agarrar,2,18,0.4502086043357849,0.5067716836929321,0.4815275967121124,0.4815541207790375,0.5186100602149963,0.49265018105506897,0.5409265756607056,0.5116126537322998,0.5584142804145813,0.52229243516922,0.5031357407569885,0.5048757195472717,0.516128659248352,0.5325774550437927,0.5206387639045715,0.5598872900009155,0.5239781141281128,0.5867195725440979,0.4875887632369995,0.533930242061615,0.5034863352775574,0.5704011917114258,0.51067054271698,0.6034520864486694,0.515823245048523,0.6337511539459229,0.4756676256656647,0.5588966012001038,0.49251213669776917,0.5962503552436829,0.5004957318305969,0.6248777508735657,0.5069411396980286,0.6500380039215088,0.46696457266807556,0.580181896686554,0.4815514385700226,0.6132746934890747,0.4885897934436798,0.6363243460655212,0.4947415292263031,0.6579129099845886
agarrar,2,19,0.4491352438926697,0.5137010216712952,0.48113974928855896,0.48939090967178345,0.5189931988716125,0.5013962388038635,0.5426627397537231,0.520379364490509,0.5615473389625549,0.5271028280258179,0.49853235483169556,0.5064375400543213,0.5120342373847961,0.5362532138824463,0.517573893070221,0.5646528005599976,0.5219199657440186,0.5927606821060181,0.4817243814468384,0.5378223061561584,0.4994884729385376,0.5767928957939148,0.5080785155296326,0.6087208986282349,0.5144212245941162,0.6393694877624512,0.47072073817253113,0.5641286373138428,0.48973479866981506,0.6024770736694336,0.49897652864456177,0.6306917071342468,0.5063676834106445,0.6549789309501648,0.4647522270679474,0.5854932069778442,0.47944435477256775,0.6186091899871826,0.48694074153900146,0.6398525238037109,0.4935075044631958,0.6594745516777039
agarrar,3,0,0.4423457384109497,0.505945086479187,0.47953227162361145,0.4884651303291321,0.5160967111587524,0.5095458626747131,0.5381237268447876,0.5469022393226624,0.550927460193634,0.5800308585166931,0.49857696890830994,0.49693548679351807,0.5079997181892395,0.523000180721283,0.5111589431762695,0.552034854888916,0.512715756893158,0.5790796875953674,0.4790566563606262,0.5220469236373901,0.4884432256221771,0.559179425239563,0.49284690618515015,0.591417670249939,0.4960172176361084,0.6192482709884644,0.46352308988571167,0.547099232673645,0.47496673464775085,0.5852604508399963,0.4805457592010498,0.6143083572387695,0.48574963212013245,0.636993408203125,0.4525217115879059,0.5703096985816956,0.4618084132671356,0.606139063835144,0.46892133355140686,0.6273597478866577,0.4767014980316162,0.6463168859481812
agarrar,3,1,0.44439831376075745,0.502223789691925,0.4820820689201355,0.4849807918071747,0.5181761384010315,0.5056915879249573,0.540314793586731,0.5407425761222839,0.5538992285728455,0.5715208649635315,0.4999237060546875,0.48928743600845337,0.5084819197654724,0.5161007046699524,0.5119901895523071,0.5427080988883972,0.5140515565872192,0.5701242089271545,0.4810190796852112,0.5137065052986145,0.49051859974861145,0.5515928864479065,0.4950377643108368,0.5826236605644226,0.49764010310173035,0.610809326171875,0.4658857583999634,0.5396444797515869,0.4771784245967865,0.5792522430419922,0.48241543769836426,0.6076328158378601,0.48676344752311707,0.630593478679657,0.4543384313583374,0.5644007921218872,0.46453747153282166,0.5997402667999268,0.47164905071258545,0.6221741437911987,0.47857001423835754,0.6422720551490784
agarrar,3,2,0.44643282890319824,0.4971981346607208,0.4808676540851593,0.477390855550766,0.5168392062187195,0.4950520396232605,0.5395277738571167,0.5314186811447144,0.5538347959518433,0.5622684955596924,0.5000598430633545,0.47923922538757324,0.508908748626709,0.5067054033279419,0.5104473829269409,0.535093367099762,0.5098559856414795,0.5638733506202698,0.48092377185821533,0.5048716068267822,0.48998820781707764,0.5441901087760925,0.49432092905044556,0.5768105387687683,0.4974632263183594,0.6057952642440796,0.465514600276947,0.5314122438430786,0.47552064061164856,0.5717023611068726,0.4803505539894104,0.6008092761039734,0.48450547456741333,0.622856855392456,0.4547540247440338,0.5582835078239441,0.4651801884174347,0.5920605659484863,0.4698415994644165,0.6110197305679321,0.47386524081230164,0.6266962885856628
agarrar,3,3,0.45246368646621704,0.48790931701660156,0.4865216314792633,0.4704563021659851,0.521402895450592,0.4893043041229248,0.5414978265762329,0.5246529579162598,0.553924024105072,0.5552862286567688,0.5021976232528687,0.46407628059387207,0.5081175565719604,0.4878053665161133,0.5073254108428955,0.5125884413719177,0.5058630704879761,0.5396586656570435,0.4820788502693176,0.4888099133968353,0.48751938343048096,0.5290987491607666,0.49009284377098083,0.562358558177948,0.4927951395511627,0.5931288599967957,0.465871661901474,0.5159734487533569,0.47270917892456055,0.558456301689148,0.4779621362686157,0.5890944600105286,0.4842599630355835,0.6134310960769653,0.45492881536483765,0.5425930023193359,0.46309101581573486,0.5797286033630371,0.46735575795173645,0.6018902063369751,0.47234901785850525,0.6199724674224854
agarrar,3,4,0.5304973721504211,0.6458629965782166,0.5265647172927856,0.5765145421028137,0.527127742767334,0.5320839285850525,0.53859543800354,0.5221740007400513,0.5476514101028442,0.5265193581581116,0.5108358263969421,0.5490906834602356,0.49465420842170715,0.5259377360343933,0.4857613444328308,0.5350590348243713,0.4821474850177765,0.547438383102417,0.5066775679588318,0.579552412033081,0.4893699288368225,0.5606546401977539,0.48195430636405945,0.5659271478652954,0.4805663526058197,0.5684455633163452,0.5051408410072327,0.615149736404419,0.4886382818222046,0.6026304364204407,0.48522764444351196,0.6005777716636658,0.487012654542923,0.5941154956817627,0.5049213767051697,0.6519151926040649,0.49245092272758484,0.6554592251777649,0.48997101187705994,0.6505056619644165,0.49153202772140503,0.6417974233627319
agarrar,3,5,0.524265706539154,0.63043612241745,0.5190434455871582,0.5650385618209839,0.5183116793632507,0.5218369960784912,0.5294314026832581,0.5074033737182617,0.5410295724868774,0.5057353973388672,0.5071649551391602,0.5456439256668091,0.4924359619617462,0.5253543257713318,0.4838480055332184,0.5351752638816833,0.4782485365867615,0.550145149230957,0.5072578191757202,0.5787485837936401,0.49771344661712646,0.5683718323707581,0.49819883704185486,0.5665296316146851,0.5005608797073364,0.5596665143966675,0.5084288716316223,0.6143858432769775,0.49566471576690674,0.6118489503860474,0.49796798825263977,0.6045106649398804,0.5017235279083252,0.5913626551628113,0.5092449188232422,0.6503036618232727,0.4967572093009949,0.6585113406181335,0.49543747305870056,0.6507259607315063,0.4963552951812744,0.6402440667152405
agarrar,3,6,0.5290157198905945,0.6624763607978821,0.5072953104972839,0.6118519902229309,0.4964894950389862,0.5840533971786499,0.48483705520629883,0.5900488495826721,0.4749312102794647,0.6099730730056763,0.5108320713043213,0.5549770593643188,0.5020499229431152,0.5186333060264587,0.49099767208099365,0.5289722084999084,0.4835205674171448,0.5472765564918518,0.5160568952560425,0.5795500874519348,0.5141729116439819,0.55629563331604,0.5068778395652771,0.559118926525116,0.503794252872467,0.5637542009353638,0.5186775922775269,0.6147322058677673,0.5129099488258362,0.6035599708557129,0.5110248327255249,0.5979322791099548,0.5103545188903809,0.5914403200149536,0.5169353485107422,0.6526520848274231,0.5095731616020203,0.6607356071472168,0.5062307119369507,0.6551492810249329,0.5047467947006226,0.6466735601425171
agarrar,3,7,0.5236333608627319,0.6425583362579346,0.512281596660614,0.5965985059738159,0.5056481957435608,0.5691930651664734,0.49856263399124146,0.5669140815734863,0.49449798464775085,0.581040620803833,0.5192863941192627,0.5600737929344177,0.5136141777038574,0.5444459915161133,0.5071554780006409,0.5543312430381775,0.5025579929351807,0.567452609539032,0.5218698382377625,0.5860007405281067,0.5240027904510498,0.5666167140007019,0.521661639213562,0.5622721314430237,0.5224936604499817,0.5586898326873779,0.5225388407707214,0.617274820804596,0.5219976902008057,0.6119217872619629,0.5229417085647583,0.6047883033752441,0.5253852605819702,0.5943520665168762,0.5195854902267456,0.649824321269989,0.516300618648529,0.6604111194610596,0.514980673789978,0.6571387052536011,0.5146631598472595,0.648653507232666
agarrar,3,8,0.5233820676803589,0.6581968665122986,0.5207907557487488,0.5949443578720093,0.5250185132026672,0.5467945337295532,0.5319679975509644,0.5126203298568726,0.5404078960418701,0.492484986782074,0.5200226306915283,0.5585530996322632,0.5267353653907776,0.5315390229225159,0.5300318598747253,0.531952977180481,0.5341838002204895,0.5355719327926636,0.5202534198760986,0.5904020071029663,0.5272760391235352,0.5715348124504089,0.5318266153335571,0.5665969848632812,0.5388758778572083,0.5628006458282471,0.5212429165840149,0.6245809197425842,0.5253840088844299,0.6143482327461243,0.532103955745697,0.6048381924629211,0.5404123663902283,0.5942831635475159,0.5219823718070984,0.6594616770744324,0.5223705768585205,0.665859580039978,0.5247165560722351,0.6589707136154175,0.5279333591461182,0.6488885879516602
agarrar,3,9,0.4409680664539337,0.4556327760219574,0.47507163882255554,0.4250728487968445,0.5126070976257324,0.4277910590171814,0.5385618805885315,0.45420345664024353,0.5551684498786926,0.48108112812042236,0.49445024132728577,0.425594300031662,0.5070099234580994,0.45061689615249634,0.5125796794891357,0.4779995381832123,0.516731858253479,0.5027836561203003,0.4768064022064209,0.4557803273200989,0.49270957708358765,0.49335092306137085,0.49938148260116577,0.5222904682159424,0.5040256977081299,0.544609546661377,0.4638112783432007,0.4853324592113495,0.4816031754016876,0.5226252675056458,0.49143314361572266,0.5491015911102295,0.49973052740097046,0.5683717727661133,0.4558320641517639,0.5119833946228027,0.47294697165489197,0.543761134147644,0.48288002610206604,0.5632369518280029,0.4915671646595001,0.5796616077423096
agarrar,3,10,0.4465636610984802,0.4679098129272461,0.48054295778274536,0.4417596161365509,0.5195411443710327,0.4480929672718048,0.5457903742790222,0.46972256898880005,0.5651569962501526,0.4782137870788574,0.49986177682876587,0.4449129104614258,0.5111035704612732,0.4696592688560486,0.5156198740005493,0.49753591418266296,0.5185365080833435,0.5206999182701111,0.48255982995033264,0.4775635004043579,0.4974510669708252,0.5100255012512207,0.5043663382530212,0.5378257632255554,0.5095970630645752,0.5599748492240906,0.469961017370224,0.5077473521232605,0.4873020648956299,0.5403731465339661,0.4965907037258148,0.5665024518966675,0.5042846202850342,0.586296796798706,0.4620102047920227,0.5336037278175354,0.4781838357448578,0.5613019466400146,0.4866792857646942,0.5803331136703491,0.4937600791454315,0.5959029197692871
agarrar,3,11,0.5356250405311584,0.6387891173362732,0.5284988880157471,0.5865005850791931,0.528275191783905,0.5470783114433289,0.5329855680465698,0.5235202312469482,0.5423856377601624,0.5096961259841919,0.5320292711257935,0.5765877962112427,0.542140007019043,0.564108669757843,0.5522951483726501,0.552497923374176,0.5629726648330688,0.542378842830658,0.534220814704895,0.601250410079956,0.5445358753204346,0.5822601318359375,0.5548996925354004,0.5685307383537292,0.5667091608047485,0.5549961924552917,0.5350220799446106,0.6272488236427307,0.5417755246162415,0.610731303691864,0.5516833066940308,0.5966704487800598,0.5636071562767029,0.583818793296814,0.5361393094062805,0.6558768153190613,0.5382269024848938,0.6575263738632202,0.5445079803466797,0.649024248123169,0.5525424480438232,0.6381416320800781
agarrar,3,12,0.4514940083026886,0.4989917278289795,0.4788372814655304,0.46658265590667725,0.5121548771858215,0.4691471457481384,0.5331645607948303,0.4853762090206146,0.5465807914733887,0.500892162322998,0.5026859045028687,0.4903852045536041,0.5159439444541931,0.5194014310836792,0.5214681625366211,0.5462854504585266,0.5254928469657898,0.570591926574707,0.4884176254272461,0.5204982161521912,0.5042957067489624,0.5548648834228516,0.512190043926239,0.5850179195404053,0.5177963972091675,0.6129357814788818,0.4758058488368988,0.5461975336074829,0.492902010679245,0.5817468166351318,0.5011714696884155,0.6093374490737915,0.507104754447937,0.6338586211204529,0.46546250581741333,0.5677523016929626,0.479267954826355,0.598983108997345,0.4870070219039917,0.6207943558692932,0.4936191737651825,0.6417950391769409
agarrar,3,13,0.4502086043357849,0.5067716836929321,0.4815275967121124,0.4815541207790375,0.5186100602149963,0.49265018105506897,0.5409265756607056,0.5116126537322998,0.5584142804145813,0.52229243516922,0.5031357407569885,0.5048757195472717,0.516128659248352,0.5325774550437927,0.5206387639045715,0.5598872900009155,0.5239781141281128,0.5867195725440979,0.4875887632369995,0.533930242061615,0.5034863352775574,0.5704011917114258,0.51067054271698,0.6034520864486694,0.515823245048523,0.6337511539459229,0.4756676256656647,0.5588966012001038,0.49251213669776917,0.5962503552436829,0.5004957318305969,0.6248777508735657,0.5069411396980286,0.6500380039215088,0.46696457266807556,0.580181896686554,0.4815514385700226,0.6132746934890747,0.4885897934436798,0.6363243460655212,0.4947415292263031,0.6579129099845886
agarrar,3,14,0.4491352438926697,0.5137010216712952,0.48113974928855896,0.48939090967178345,0.5189931988716125,0.5013962388038635,0.5426627397537231,0.520379364490509,0.5615473389625549,0.5271028280258179,0.49853235483169556,0.5064375400543213,0.5120342373847961,0.5362532138824463,0.517573893070221,0.5646528005599976,0.5219199657440186,0.5927606821060181,0.4817243814468384,0.5378223061561584,0.4994884729385376,0.5767928957939148,0.5080785155296326,0.6087208986282349,0.5144212245941162,0.6393694877624512,0.47072073817253113,0.5641286373138428,0.48973479866981506,0.6024770736694336,0.49897652864456177,0.6306917071342468,0.5063676834106445,0.6549789309501648,0.4647522270679474,0.5854932069778442,0.47944435477256775,0.6186091899871826,0.48694074153900146,0.6398525238037109,0.4935075044631958,0.6594745516777039
agarrar,3,15,0.44911977648735046,0.5196635723114014,0.48322027921676636,0.4972250461578369,0.5199421048164368,0.5105639696121216,0.5408870577812195,0.5282983779907227,0.5575368404388428,0.5355920791625977,0.49898791313171387,0.5210369825363159,0.5122812390327454,0.5504505634307861,0.5172971487045288,0.5791796445846558,0.5210914015769958,0.6081114411354065,0.48197752237319946,0.5489408373832703,0.4989527463912964,0.5880210399627686,0.5066179037094116,0.6218678951263428,0.5117356181144714,0.6548222899436951,0.47073861956596375,0.5717083215713501,0.4883318543434143,0.6124431490898132,0.49675968289375305,0.6430246233940125,0.5033206343650818,0.6706839799880981,0.4645717740058899,0.5893077850341797,0.4784495532512665,0.6260542869567871,0.485348105430603,0.650478184223175,0.4914930462837219,0.6738263368606567
agarrar,3,16,0.450572669506073,0.5189261436462402,0.48295316100120544,0.4972594380378723,0.5190074443817139,0.5132343769073486,0.5394068956375122,0.5366531610488892,0.5527547001838684,0.5485925078392029,0.5002811551094055,0.524390459060669,0.5139813423156738,0.5581947565078735,0.51972895860672,0.5888305902481079,0.5237618088722229,0.6184019446372986,0.4839495122432709,0.5543124079704285,0.5016034245491028,0.6003573536872864,0.5098080635070801,0.6347458958625793,0.5154083371162415,0.6684076189994812,0.47286662459373474,0.5798176527023315,0.49152955412864685,0.6253043413162231,0.5004087686538696,0.6559363007545471,0.506997287273407,0.6838080286979675,0.4660954475402832,0.600541889667511,0.4808012843132019,0.6384456753730774,0.48799410462379456,0.6616926789283752,0.49384260177612305,0.6839240789413452
agarrar,3,17,0.4535624086856842,0.5183978080749512,0.48748230934143066,0.49414628744125366,0.5263640284538269,0.513523519039154,0.5471192002296448,0.5523317456245422,0.5536863803863525,0.5909651517868042,0.5029453039169312,0.5194990634918213,0.5146645903587341,0.5534274578094482,0.5196609497070312,0.5844055414199829,0.5223798155784607,0.6131022572517395,0.48564285039901733,0.5489067435264587,0.5018259286880493,0.5962957143783569,0.5099014639854431,0.6323638558387756,0.514516294002533,0.6649565696716309,0.47307300567626953,0.5749319791793823,0.49080872535705566,0.6212267279624939,0.4982326924800873,0.6546181440353394,0.5034452676773071,0.6834255456924438,0.46487486362457275,0.5971782207489014,0.479501873254776,0.636668860912323,0.48726311326026917,0.6615219712257385,0.4933536648750305,0.6839941740036011
agarrar,3,18,0.45523011684417725,0.5153593420982361,0.4884113669395447,0.49271631240844727,0.52486252784729,0.5122290849685669,0.5442354083061218,0.5541146993637085,0.5522737503051758,0.5918910503387451,0.5038427114486694,0.5094883441925049,0.5123306512832642,0.5459739565849304,0.515321671962738,0.5751723051071167,0.51606285572052,0.6012226939201355,0.48434320092201233,0.5359513759613037,0.49732521176338196,0.5867405533790588,0.5026069283485413,0.6220861673355103,0.5051396489143372,0.6527506113052368,0.46968916058540344,0.560335099697113,0.4849186837673187,0.6083953976631165,0.4903496205806732,0.6416805982589722,0.49437078833580017,0.6692808270454407,0.4602149426937103,0.5817525386810303,0.47348934412002563,0.6205509305000305,0.48022639751434326,0.6448215246200562,0.4857845604419708,0.6665245890617371
agarrar,3,19,0.4487204849720001,0.5124742388725281,0.4850086569786072,0.49181652069091797,0.5211634635925293,0.5104710459709167,0.5407060384750366,0.5514907836914062,0.550308346748352,0.5869113802909851,0.4998941123485565,0.4992921054363251,0.5085316896438599,0.5270236730575562,0.5107357501983643,0.556873083114624,0.5111416578292847,0.5870651006698608,0.48022446036338806,0.5264866352081299,0.49161678552627563,0.5714558362960815,0.49475350975990295,0.6091411709785461,0.49588701128959656,0.6436220407485962,0.46587836742401123,0.5523731708526611,0.47799327969551086,0.596947968006134,0.48222991824150085,0.6318985819816589,0.48517274856567383,0.6602734327316284,0.4569252133369446,0.575869619846344,0.4674513041973114,0.6140278577804565,0.4720836579799652,0.6375205516815186,0.47594335675239563,0.6583736538887024
agarrar,4,0,0.524265706539154,0.63043612241745,0.5190434455871582,0.5650385618209839,0.5183116793632507,0.5218369960784912,0.5294314026832581,0.5074033737182617,0.5410295724868774,0.5057353973388672,0.5071649551391602,0.5456439256668091,0.4924359619617462,0.5253543257713318,0.4838480055332184,0.5351752638816833,0.4782485365867615,0.550145149230957,0.5072578191757202,0.5787485837936401,0.49771344661712646,0.5683718323707581,0.49819883704185486,0.5665296316146851,0.5005608797073364,0.5596665143966675,0.5084288716316223,0.6143858432769775,0.49566471576690674,0.6118489503860474,0.49796798825263977,0.6045106649398804,0.5017235279083252,0.5913626551628113,0.5092449188232422,0.6503036618232727,0.4967572093009949,0.6585113406181335,0.49543747305870056,0.6507259607315063,0.4963552951812744,0.6402440667152405
agarrar,4,1,0.5290157198905945,0.6624763607978821,0.5072953104972839,0.6118519902229309,0.4964894950389862,0.5840533971786499,0.48483705520629883,0.5900488495826721,0.4749312102794647,0.6099730730056763,0.5108320713043213,0.5549770593643188,0.5020499229431152,0.5186333060264587,0.49099767208099365,0.5289722084999084,0.4835205674171448,0.5472765564918518,0.5160568952560425,0.5795500874519348,0.5141729116439819,0.55629563331604,0.5068778395652771,0.559118926525116,0.503794252872467,0.5637542009353638,0.5186775922775269,0.6147322058677673,0.5129099488258362,0.6035599708557129,0.5110248327255249,0.5979322791099548,0.5103545188903809,0.5914403200149536,0.5169353485107422,0.6526520848274231,0.5095731616020203,0.6607356071472168,0.5062307119369507,0.6551492810249329,0.5047467947006226,0.6466735601425171
agarrar,4,2,0.5236333608627319,0.6425583362579346,0.512281596660614,0.5965985059738159,0.5056481957435608,0.5691930651664734,0.49856263399124146,0.5669140815734863,0.49449798464775085,0.581040620803833,0.5192863941192627,0.5600737929344177,0.5136141777038574,0.5444459915161133,0.5071554780006409,0.5543312430381775,0.5025579929351807,0.567452609539032,0.5218698382377625,0.5860007405281067,0.5240027904510498,0.5666167140007019,0.521661639213562,0.5622721314430237,0.5224936604499817,0.5586898326873779,0.5225388407707214,0.617274820804596,0.5219976902008057,0.6119217872619629,0.5229417085647583,0.6047883033752441,0.5253852605819702,0.5943520665168762,0.5195854902267456,0.649824321269989,0.516300618648529,0.6604111194610596,0.514980673789978,0.6571387052536011,0.5146631598472595,0.648653507232666
agarrar,4,3,0.5233820676803589,0.6581968665122986,0.5207907557487488,0.5949443578720093,0.5250185132026672,0.5467945337295532,0.5319679975509644,0.5126203298568726,0.5404078960418701,0.492484986782074,0.5200226306915283,0.5585530996322632,0.5267353653907776,0.5315390229225159,0.5300318598747253,0.531952977180481,0.5341838002204895,0.5355719327926636,0.5202534198760986,0.5904020071029663,0.5272760391235352,0.5715348124504089,0.5318266153335571,0.5665969848632812,0.5388758778572083,0.5628006458282471,0.5212429165840149,0.6245809197425842,0.5253840088844299,0.6143482327461243,0.532103955745697,0.6048381924629211,0.5404123663902283,0.5942831635475159,0.5219823718070984,0.6594616770744324,0.5223705768585205,0.665859580039978,0.5247165560722351,0.6589707136154175,0.5279333591461182,0.6488885879516602
agarrar,4,4,0.4409680664539337,0.4556327760219574,0.47507163882255554,0.4250728487968445,0.5126070976257324,0.4277910590171814,0.5385618805885315,0.45420345664024353,0.5551684498786926,0.48108112812042236,0.49445024132728577,0.425594300031662,0.5070099234580994,0.45061689615249634,0.5125796794891357,0.4779995381832123,0.516731858253479,0.5027836561203003,0.4768064022064209,0.4557803273200989,0.49270957708358765,0.49335092306137085,0.49938148260116577,0.5222904682159424,0.5040256977081299,0.544609546661377,0.4638112783432007,0.4853324592113495,0.4816031754016876,0.5226252675056458,0.49143314361572266,0.5491015911102295,0.49973052740097046,0.5683717727661133,0.4558320641517639,0.5119833946228027,0.47294697165489197,0.543761134147644,0.48288002610206604,0.5632369518280029,0.4915671646595001,0.5796616077423096
agarrar,4,5,0.4465636610984802,0.4679098129272461,0.48054295778274536,0.4417596161365509,0.5195411443710327,0.4480929672718048,0.5457903742790222,0.46972256898880005,0.5651569962501526,0.4782137870788574,0.49986177682876587,0.4449129104614258,0.5111035704612732,0.4696592688560486,0.5156198740005493,0.49753591418266296,0.5185365080833435,0.5206999182701111,0.48255982995033264,0.4775635004043579,0.4974510669708252,0.5100255012512207,0.5043663382530212,0.5378257632255554,0.5095970630645752,0.5599748492240906,0.469961017370224,0.5077473521232605,0.4873020648956299,0.5403731465339661,0.4965907037258148,0.5665024518966675,0.5042846202850342,0.586296796798706,0.4620102047920227,0.5336037278175354,0.4781838357448578,0.5613019466400146,0.4866792857646942,0.5803331136703491,0.4937600791454315,0.5959029197692871
agarrar,4,6,0.5356250405311584,0.6387891173362732,0.5284988880157471,0.5865005850791931,0.528275191783905,0.5470783114433289,0.5329855680465698,0.5235202312469482,0.5423856377601624,0.5096961259841919,0.5320292711257935,0.5765877962112427,0.542140007019043,0.564108669757843,0.5522951483726501,0.552497923374176,0.5629726648330688,0.542378842830658,0.534220814704895,0.601250410079956,0.5445358753204346,0.5822601318359375,0.5548996925354004,0.5685307383537292,0.5667091608047485,0.5549961924552917,0.5350220799446106,0.6272488236427307,0.5417755246162415,0.610731303691864,0.5516833066940308,0.5966704487800598,0.5636071562767029,0.583818793296814,0.5361393094062805,0.6558768153190613,0.5382269024848938,0.6575263738632202,0.5445079803466797,0.649024248123169,0.5525424480438232,0.6381416320800781
agarrar,4,7,0.4514940083026886,0.4989917278289795,0.4788372814655304,0.46658265590667725,0.5121548771858215,0.4691471457481384,0.5331645607948303,0.4853762090206146,0.5465807914733887,0.500892162322998,0.5026859045028687,0.4903852045536041,0.5159439444541931,0.5194014310836792,0.5214681625366211,0.5462854504585266,0.5254928469657898,0.570591926574707,0.4884176254272461,0.5204982161521912,0.5042957067489624,0.5548648834228516,0.512190043926239,0.5850179195404053,0.5177963972091675,0.6129357814788818,0.4758058488368988,0.5461975336074829,0.492902010679245,0.5817468166351318,0.5011714696884155,0.6093374490737915,0.507104754447937,0.6338586211204529,0.46546250581741333,0.5677523016929626,0.479267954826355,0.598983108997345,0.4870070219039917,0.6207943558692932,0.4936191737651825,0.6417950391769409
agarrar,4,8,0.4502086043357849,0.5067716836929321,0.4815275967121124,0.4815541207790375,0.5186100602149963,0.49265018105506897,0.5409265756607056,0.5116126537322998,0.5584142804145813,0.52229243516922,0.5031357407569885,0.5048757195472717,0.516128659248352,0.5325774550437927,0.5206387639045715,0.5598872900009155,0.5239781141281128,0.5867195725440979,0.4875887632369995,0.533930242061615,0.5034863352775574,0.5704011917114258,0.51067054271698,0.6034520864486694,0.515823245048523,0.6337511539459229,0.4756676256656647,0.5588966012001038,0.49251213669776917,0.5962503552436829,0.5004957318305969,0.6248777508735657,0.5069411396980286,0.6500380039215088,0.46696457266807556,0.580181896686554,0.4815514385700226,0.6132746934890747,0.4885897934436798,0.6363243460655212,0.4947415292263031,0.6579129099845886
agarrar,4,9,0.4491352438926697,0.5137010216712952,0.48113974928855896,0.48939090967178345,0.5189931988716125,0.5013962388038635,0.5426627397537231,0.520379364490509,0.5615473389625549,0.5271028280258179,0.49853235483169556,0.5064375400543213,0.5120342373847961,0.5362532138824463,0.517573893070221,0.5646528005599976,0.5219199657440186,0.5927606821060181,0.4817243814468384,0.5378223061561584,0.4994884729385376,0.5767928957939148,0.5080785155296326,0.6087208986282349,0.5144212245941162,0.6393694877624512,0.47072073817253113,0.5641286373138428,0.48973479866981506,0.6024770736694336,0.49897652864456177,0.6306917071342468,0.5063676834106445,0.6549789309501648,0.4647522270679474,0.5854932069778442,0.47944435477256775,0.6186091899871826,0.48694074153900146,0.6398525238037109,0.4935075044631958,0.6594745516777039
agarrar,4,10,0.44911977648735046,0.5196635723114014,0.48322027921676636,0.4972250461578369,0.5199421048164368,0.5105639696121216,0.5408870577812195,0.5282983779907227,0.5575368404388428,0.5355920791625977,0.49898791313171387,0.5210369825363159,0.5122812390327454,0.5504505634307861,0.5172971487045288,0.5791796445846558,0.5210914015769958,0.6081114411354065,0.48197752237319946,0.5489408373832703,0.4989527463912964,0.5880210399627686,0.5066179037094116,0.6218678951263428,0.5117356181144714,0.6548222899436951,0.47073861956596375,0.5717083215713501,0.4883318543434143,0.6124431490898132,0.49675968289375305,0.6430246233940125,0.5033206343650818,0.6706839799880981,0.4645717740058899,0.5893077850341797,0.4784495532512665,0.6260542869567871,0.485348105430603,0.650478184223175,0.4914930462837219,0.6738263368606567
agarrar,4,11,0.450572669506073,0.5189261436462402,0.48295316100120544,0.4972594380378723,0.5190074443817139,0.5132343769073486,0.5394068956375122,0.5366531610488892,0.5527547001838684,0.5485925078392029,0.5002811551094055,0.524390459060669,0.5139813423156738,0.5581947565078735,0.51972895860672,0.5888305902481079,0.5237618088722229,0.6184019446372986,0.4839495122432709,0.5543124079704285,0.5016034245491028,0.6003573536872864,0.5098080635070801,0.6347458958625793,0.5154083371162415,0.6684076189994812,0.47286662459373474,0.5798176527023315,0.49152955412864685,0.6253043413162231,0.5004087686538696,0.6559363007545471,0.506997287273407,0.6838080286979675,0.4660954475402832,0.600541889667511,0.4808012843132019,0.6384456753730774,0.48799410462379456,0.6616926789283752,0.49384260177612305,0.6839240789413452
agarrar,4,12,0.4535624086856842,0.5183978080749512,0.48748230934143066,0.49414628744125366,0.5263640284538269,0.513523519039154,0.5471192002296448,0.5523317456245422,0.5536863803863525,0.5909651517868042,0.5029453039169312,0.5194990634918213,0.5146645903587341,0.5534274578094482,0.5196609497070312,0.5844055414199829,0.5223798155784607,0.6131022572517395,0.48564285039901733,0.5489067435264587,0.5018259286880493,0.5962957143783569,0.5099014639854431,0.6323638558387756,0.514516294002533,0.6649565696716309,0.47307300567626953,0.5749319791793823,0.49080872535705566,0.6212267279624939,0.4982326924800873,0.6546181440353394,0.5034452676773071,0.6834255456924438,0.46487486362457275,0.5971782207489014,0.479501873254776,0.636668860912323,0.48726311326026917,0.6615219712257385,0.4933536648750305,0.6839941740036011
agarrar,4,13,0.45523011684417725,0.5153593420982361,0.4884113669395447,0.49271631240844727,0.52486252784729,0.5122290849685669,0.5442354083061218,0.5541146993637085,0.5522737503051758,0.5918910503387451,0.5038427114486694,0.5094883441925049,0.5123306512832642,0.5459739565849304,0.515321671962738,0.5751723051071167,0.51606285572052,0.6012226939201355,0.48434320092201233,0.5359513759613037,0.49732521176338196,0.5867405533790588,0.5026069283485413,0.6220861673355103,0.5051396489143372,0.6527506113052368,0.46968916058540344,0.560335099697113,0.4849186837673187,0.6083953976631165,0.4903496205806732,0.6416805982589722,0.49437078833580017,0.6692808270454407,0.4602149426937103,0.5817525386810303,0.47348934412002563,0.6205509305000305,0.48022639751434326,0.6448215246200562,0.4857845604419708,0.6665245890617371
agarrar,4,14,0.4487204849720001,0.5124742388725281,0.4850086569786072,0.49181652069091797,0.5211634635925293,0.5104710459709167,0.5407060384750366,0.5514907836914062,0.550308346748352,0.5869113802909851,0.4998941123485565,0.4992921054363251,0.5085316896438599,0.5270236730575562,0.5107357501983643,0.556873083114624,0.5111416578292847,0.5870651006698608,0.48022446036338806,0.5264866352081299,0.49161678552627563,0.5714558362960815,0.49475350975990295,0.6091411709785461,0.49588701128959656,0.6436220407485962,0.46587836742401123,0.5523731708526611,0.47799327969551086,0.596947968006134,0.48222991824150085,0.6318985819816589,0.48517274856567383,0.6602734327316284,0.4569252133369446,0.575869619846344,0.4674513041973114,0.6140278577804565,0.4720836579799652,0.6375205516815186,0.47594335675239563,0.6583736538887024
agarrar,4,15,0.4407421350479126,0.5147756934165955,0.4776293933391571,0.48694631457328796,0.5161784887313843,0.5023151636123657,0.5364595055580139,0.5430805087089539,0.5461685657501221,0.5803017616271973,0.49405401945114136,0.48984208703041077,0.5015090703964233,0.5154709219932556,0.5018061995506287,0.5459297299385071,0.5006062388420105,0.5774581432342529,0.4772855341434479,0.5226038694381714,0.48623502254486084,0.5665942430496216,0.48925694823265076,0.6036161184310913,0.491301029920578,0.63838130235672,0.4651702344417572,0.5535886883735657,0.476184606552124,0.5972957611083984,0.4794982671737671,0.6275717616081238,0.4815979301929474,0.6535729765892029,0.4575379490852356,0.5832618474960327,0.4676952064037323,0.6211807727813721,0.46949052810668945,0.6411802768707275,0.47040480375289917,0.658397376537323
agarrar,4,16,0.4415302276611328,0.5077072978019714,0.4762853682041168,0.47569817304611206,0.5122610926628113,0.48536914587020874,0.5322731733322144,0.5227553248405457,0.5414745211601257,0.5585073828697205,0.4865909516811371,0.47678083181381226,0.4929037392139435,0.506262481212616,0.4958207607269287,0.5304761528968811,0.4990543723106384,0.553025484085083,0.4729413390159607,0.5146307349205017,0.48050928115844727,0.5567373633384705,0.48437386751174927,0.5822016000747681,0.4890441298484802,0.6031912565231323,0.4640733301639557,0.5508648753166199,0.4733836054801941,0.593178927898407,0.4788303077220917,0.6190413236618042,0.48412272334098816,0.639783501625061,0.45875126123428345,0.5841755867004395,0.46605488657951355,0.6219273209571838,0.46713024377822876,0.6433801054954529,0.4683721363544464,0.6610657572746277
agarrar,4,17,0.444154292345047,0.5086909532546997,0.47823357582092285,0.4669639468193054,0.5110644102096558,0.4668092131614685,0.5317068696022034,0.4992176592350006,0.542451024055481,0.5311806201934814,0.49011945724487305,0.46557608246803284,0.4899462163448334,0.4912695586681366,0.4901791214942932,0.5148481130599976,0.49157124757766724,0.5373013019561768,0.4768548607826233,0.5087907314300537,0.47977685928344727,0.5429182052612305,0.4827212393283844,0.5638590455055237,0.48623231053352356,0.5829809308052063,0.4674956202507019,0.548851728439331,0.4724688231945038,0.5868212580680847,0.4768892824649811,0.6091693043708801,0.480658620595932,0.6279556155204773,0.4611853063106537,0.5828108787536621,0.46679019927978516,0.6169680953025818,0.46849507093429565,0.6369078755378723,0.4698222279548645,0.6542246341705322
agarrar,4,18,0.533990740776062,0.6856296062469482,0.5159288048744202,0.6299522519111633,0.5042871236801147,0.5892481803894043,0.49766212701797485,0.5785687565803528,0.4919487535953522,0.5871679782867432,0.5089653730392456,0.5847634077072144,0.49483636021614075,0.5529090166091919,0.48332449793815613,0.5642840266227722,0.47751855850219727,0.5809289216995239,0.5114606618881226,0.6120765805244446,0.5027002692222595,0.5926315188407898,0.4977993369102478,0.5975511074066162,0.4979228675365448,0.5975696444511414,0.5133547186851501,0.6480710506439209,0.5017691850662231,0.6408766508102417,0.5000965595245361,0.6347049474716187,0.5018481016159058,0.6230233907699585,0.5125584602355957,0.6865684390068054,0.5007945895195007,0.6911820769309998,0.49718260765075684,0.6817523241043091,0.49687671661376953,0.6686407923698425
agarrar,4,19,0.5271380543708801,0.6938964128494263,0.508695662021637,0.6457033157348633,0.49747806787490845,0.6167267560958862,0.48649245500564575,0.6211071610450745,0.478964626789093,0.6411752700805664,0.5106178522109985,0.5936994552612305,0.5080799460411072,0.5606324076652527,0.5016670823097229,0.5628359913825989,0.4982236325740814,0.5712819695472717,0.5141253471374512,0.6187037229537964,0.5118075013160706,0.5994831919670105,0.5095245242118835,0.5989406108856201,0.511880099773407,0.5979165434837341,0.5168852210044861,0.6523422002792358,0.5114688277244568,0.6430554389953613,0.5122888684272766,0.6342629790306091,0.515108585357666,0.6230838298797607,0.5164810419082642,0.6884975433349609,0.5100799202919006,0.6916812658309937,0.5077765583992004,0.6826767325401306,0.50794917345047,0.6705149412155151
agarrar,5,0,0.4465636610984802,0.4679098129272461,0.48054295778274536,0.4417596161365509,0.5195411443710327,0.4480929672718048,0.5457903742790222,0.46972256898880005,0.5651569962501526,0.4782137870788574,0.49986177682876587,0.4449129104614258,0.5111035704612732,0.4696592688560486,0.5156198740005493,0.49753591418266296,0.5185365080833435,0.5206999182701111,0.48255982995033264,0.4775635004043579,0.4974510669708252,0.5100255012512207,0.5043663382530212,0.5378257632255554,0.5095970630645752,0.5599748492240906,0.469961017370224,0.5077473521232605,0.4873020648956299,0.5403731465339661,0.4965907037258148,0.5665024518966675,0.5042846202850342,0.586296796798706,0.4620102047920227,0.5336037278175354,0.4781838357448578,0.5613019466400146,0.4866792857646942,0.5803331136703491,0.4937600791454315,0.5959029197692871
agarrar,5,1,0.5356250405311584,0.6387891173362732,0.5284988880157471,0.5865005850791931,0.528275191783905,0.5470783114433289,0.5329855680465698,0.5235202312469482,0.5423856377601624,0.5096961259841919,0.5320292711257935,0.5765877962112427,0.542140007019043,0.564108669757843,0.5522951483726501,0.552497923374176,0.5629726648330688,0.542378842830658,0.534220814704895,0.601250410079956,0.5445358753204346,0.5822601318359375,0.5548996925354004,0.5685307383537292,0.5667091608047485,0.5549961924552917,0.5350220799446106,0.6272488236427307,0.5417755246162415,0.610731303691864,0.5516833066940308,0.5966704487800598,0.5636071562767029,0.583818793296814,0.5361393094062805,0.6558768153190613,0.5382269024848938,0.6575263738632202,0.5445079803466797,0.649024248123169,0.5525424480438232,0.6381416320800781
agarrar,5,2,0.4514940083026886,0.4989917278289795,0.4788372814655304,0.46658265590667725,0.5121548771858215,0.4691471457481384,0.5331645607948303,0.4853762090206146,0.5465807914733887,0.500892162322998,0.5026859045028687,0.4903852045536041,0.5159439444541931,0.5194014310836792,0.5214681625366211,0.5462854504585266,0.5254928469657898,0.570591926574707,0.4884176254272461,0.5204982161521912,0.5042957067489624,0.5548648834228516,0.512190043926239,0.5850179195404053,0.5177963972091675,0.6129357814788818,0.4758058488368988,0.5461975336074829,0.492902010679245,0.5817468166351318,0.5011714696884155,0.6093374490737915,0.507104754447937,0.6338586211204529,0.46546250581741333,0.5677523016929626,0.479267954826355,0.598983108997345,0.4870070219039917,0.6207943558692932,0.4936191737651825,0.6417950391769409
agarrar,5,3,0.4502086043357849,0.5067716836929321,0.4815275967121124,0.4815541207790375,0.5186100602149963,0.49265018105506897,0.5409265756607056,0.5116126537322998,0.5584142804145813,0.52229243516922,0.5031357407569885,0.5048757195472717,0.516128659248352,0.5325774550437927,0.5206387639045715,0.5598872900009155,0.5239781141281128,0.5867195725440979,0.4875887632369995,0.533930242061615,0.5034863352775574,0.5704011917114258,0.51067054271698,0.6034520864486694,0.515823245048523,0.6337511539459229,0.4756676256656647,0.5588966012001038,0.49251213669776917,0.5962503552436829,0.5004957318305969,0.6248777508735657,0.5069411396980286,0.6500380039215088,0.46696457266807556,0.580181896686554,0.4815514385700226,0.6132746934890747,0.4885897934436798,0.6363243460655212,0.4947415292263031,0.6579129099845886
agarrar,5,4,0.4491352438926697,0.5137010216712952,0.48113974928855896,0.48939090967178345,0.5189931988716125,0.5013962388038635,0.5426627397537231,0.520379364490509,0.5615473389625549,0.5271028280258179,0.49853235483169556,0.5064375400543213,0.5120342373847961,0.5362532138824463,0.517573893070221,0.5646528005599976,0.5219199657440186,0.5927606821060181,0.4817243814468384,0.5378223061561584,0.4994884729385376,0.5767928957939148,0.5080785155296326,0.6087208986282349,0.5144212245941162,0.6393694877624512,0.47072073817253113,0.5641286373138428,0.48973479866981506,0.6024770736694336,0.49897652864456177,0.6306917071342468,0.5063676834106445,0.6549789309501648,0.4647522270679474,0.5854932069778442,0.47944435477256775,0.6186091899871826,0.48694074153900146,0.6398525238037109,0.4935075044631958,0.6594745516777039
agarrar,5,5,0.44911977648735046,0.5196635723114014,0.48322027921676636,0.4972250461578369,0.5199421048164368,0.5105639696121216,0.5408870577812195,0.5282983779907227,0.5575368404388428,0.5355920791625977,0.49898791313171387,0.5210369825363159,0.5122812390327454,0.5504505634307861,0.5172971487045288,0.5791796445846558,0.5210914015769958,0.6081114411354065,0.48197752237319946,0.5489408373832703,0.4989527463912964,0.5880210399627686,0.5066179037094116,0.6218678951263428,0.5117356181144714,0.6548222899436951,0.47073861956596375,0.5717083215713501,0.4883318543434143,0.6124431490898132,0.49675968289375305,0.6430246233940125,0.5033206343650818,0.6706839799880981,0.4645717740058899,0.5893077850341797,0.4784495532512665,0.6260542869567871,0.485348105430603,0.650478184223175,0.4914930462837219,0.6738263368606567
agarrar,5,6,0.450572669506073,0.5189261436462402,0.48295316100120544,0.4972594380378723,0.5190074443817139,0.5132343769073486,0.5394068956375122,0.5366531610488892,0.5527547001838684,0.5485925078392029,0.5002811551094055,0.524390459060669,0.5139813423156738,0.5581947565078735,0.51972895860672,0.5888305902481079,0.5237618088722229,0.6184019446372986,0.4839495122432709,0.5543124079704285,0.5016034245491028,0.6003573536872864,0.5098080635070801,0.6347458958625793,0.5154083371162415,0.6684076189994812,0.47286662459373474,0.5798176527023315,0.49152955412864685,0.6253043413162231,0.5004087686538696,0.6559363007545471,0.506997287273407,0.6838080286979675,0.4660954475402832,0.600541889667511,0.4808012843132019,0.6384456753730774,0.48799410462379456,0.6616926789283752,0.49384260177612305,0.6839240789413452
agarrar,5,7,0.4535624086856842,0.5183978080749512,0.48748230934143066,0.49414628744125366,0.5263640284538269,0.513523519039154,0.5471192002296448,0.5523317456245422,0.5536863803863525,0.5909651517868042,0.5029453039169312,0.5194990634918213,0.5146645903587341,0.5534274578094482,0.5196609497070312,0.5844055414199829,0.5223798155784607,0.6131022572517395,0.48564285039901733,0.5489067435264587,0.5018259286880493,0.5962957143783569,0.5099014639854431,0.6323638558387756,0.514516294002533,0.6649565696716309,0.47307300567626953,0.5749319791793823,0.49080872535705566,0.6212267279624939,0.4982326924800873,0.6546181440353394,0.5034452676773071,0.6834255456924438,0.46487486362457275,0.5971782207489014,0.479501873254776,0.636668860912323,0.48726311326026917,0.6615219712257385,0.4933536648750305,0.6839941740036011
agarrar,5,8,0.45523011684417725,0.5153593420982361,0.4884113669395447,0.49271631240844727,0.52486252784729,0.5122290849685669,0.5442354083061218,0.5541146993637085,0.5522737503051758,0.5918910503387451,0.5038427114486694,0.5094883441925049,0.5123306512832642,0.5459739565849304,0.515321671962738,0.5751723051071167,0.51606285572052,0.6012226939201355,0.48434320092201233,0.5359513759613037,0.49732521176338196,0.5867405533790588,0.5026069283485413,0.6220861673355103,0.5051396489143372,0.6527506113052368,0.46968916058540344,0.560335099697113,0.4849186837673187,0.6083953976631165,0.4903496205806732,0.6416805982589722,0.49437078833580017,0.6692808270454407,0.4602149426937103,0.5817525386810303,0.47348934412002563,0.6205509305000305,0.48022639751434326,0.6448215246200562,0.4857845604419708,0.6665245890617371
agarrar,5,9,0.4487204849720001,0.5124742388725281,0.4850086569786072,0.49181652069091797,0.5211634635925293,0.5104710459709167,0.5407060384750366,0.5514907836914062,0.550308346748352,0.5869113802909851,0.4998941123485565,0.4992921054363251,0.5085316896438599,0.5270236730575562,0.5107357501983643,0.556873083114624,0.5111416578292847,0.5870651006698608,0.48022446036338806,0.5264866352081299,0.49161678552627563,0.5714558362960815,0.49475350975990295,0.6091411709785461,0.49588701128959656,0.6436220407485962,0.46587836742401123,0.5523731708526611,0.47799327969551086,0.596947968006134,0.48222991824150085,0.6318985819816589,0.48517274856567383,0.6602734327316284,0.4569252133369446,0.575869619846344,0.4674513041973114,0.6140278577804565,0.4720836579799652,0.6375205516815186,0.47594335675239563,0.6583736538887024
agarrar,5,10,0.4407421350479126,0.5147756934165955,0.4776293933391571,0.48694631457328796,0.5161784887313843,0.5023151636123657,0.5364595055580139,0.5430805087089539,0.5461685657501221,0.5803017616271973,0.49405401945114136,0.48984208703041077,0.5015090703964233,0.5154709219932556,0.5018061995506287,0.5459297299385071,0.5006062388420105,0.5774581432342529,0.4772855341434479,0.5226038694381714,0.48623502254486084,0.5665942430496216,0.48925694823265076,0.6036161184310913,0.491301029920578,0.63838130235672,0.4651702344417572,0.5535886883735657,0.476184606552124,0.5972957611083984,0.4794982671737671,0.6275717616081238,0.4815979301929474,0.6535729765892029,0.4575379490852356,0.5832618474960327,0.4676952064037323,0.6211807727813721,0.46949052810668945,0.6411802768707275,0.47040480375289917,0.658397376537323
agarrar,5,11,0.4415302276611328,0.5077072978019714,0.4762853682041168,0.47569817304611206,0.5122610926628113,0.48536914587020874,0.5322731733322144,0.5227553248405457,0.5414745211601257,0.5585073828697205,0.4865909516811371,0.47678083181381226,0.4929037392139435,0.506262481212616,0.4958207607269287,0.5304761528968811,0.4990543723106384,0.553025484085083,0.4729413390159607,0.5146307349205017,0.48050928115844727,0.5567373633384705,0.48437386751174927,0.5822016000747681,0.4890441298484802,0.6031912565231323,0.4640733301639557,0.5508648753166199,0.4733836054801941,0.593178927898407,0.4788303077220917,0.6190413236618042,0.48412272334098816,0.639783501625061,0.45875126123428345,0.5841755867004395,0.46605488657951355,0.6219273209571838,0.46713024377822876,0.6433801054954529,0.4683721363544464,0.6610657572746277
agarrar,5,12,0.444154292345047,0.5086909532546997,0.47823357582092285,0.4669639468193054,0.5110644102096558,0.4668092131614685,0.5317068696022034,0.4992176592350006,0.542451024055481,0.5311806201934814,0.49011945724487305,0.46557608246803284,0.4899462163448334,0.4912695586681366,0.4901791214942932,0.5148481130599976,0.49157124757766724,0.5373013019561768,0.4768548607826233,0.5087907314300537,0.47977685928344727,0.5429182052612305,0.4827212393283844,0.5638590455055237,0.48623231053352356,0.5829809308052063,0.4674956202507019,0.548851728439331,0.4724688231945038,0.5868212580680847,0.4768892824649811,0.6091693043708801,0.480658620595932,0.6279556155204773,0.4611853063106537,0.5828108787536621,0.46679019927978516,0.6169680953025818,0.46849507093429565,0.6369078755378723,0.4698222279548645,0.6542246341705322
agarrar,5,13,0.533990740776062,0.6856296062469482,0.5159288048744202,0.6299522519111633,0.5042871236801147,0.5892481803894043,0.49766212701797485,0.5785687565803528,0.4919487535953522,0.5871679782867432,0.5089653730392456,0.5847634077072144,0.49483636021614075,0.5529090166091919,0.48332449793815613,0.5642840266227722,0.47751855850219727,0.5809289216995239,0.5114606618881226,0.6120765805244446,0.5027002692222595,0.5926315188407898,0.4977993369102478,0.5975511074066162,0.4979228675365448,0.5975696444511414,0.5133547186851501,0.6480710506439209,0.5017691850662231,0.6408766508102417,0.5000965595245361,0.6347049474716187,0.5018481016159058,0.6230233907699585,0.5125584602355957,0.6865684390068054,0.5007945895195007,0.6911820769309998,0.49718260765075684,0.6817523241043091,0.49687671661376953,0.6686407923698425
agarrar,5,14,0.5271380543708801,0.6938964128494263,0.508695662021637,0.6457033157348633,0.49747806787490845,0.6167267560958862,0.48649245500564575,0.6211071610450745,0.478964626789093,0.6411752700805664,0.5106178522109985,0.5936994552612305,0.5080799460411072,0.5606324076652527,0.5016670823097229,0.5628359913825989,0.4982236325740814,0.5712819695472717,0.5141253471374512,0.6187037229537964,0.5118075013160706,0.5994831919670105,0.5095245242118835,0.5989406108856201,0.511880099773407,0.5979165434837341,0.5168852210044861,0.6523422002792358,0.5114688277244568,0.6430554389953613,0.5122888684272766,0.6342629790306091,0.515108585357666,0.6230838298797607,0.5164810419082642,0.6884975433349609,0.5100799202919006,0.6916812658309937,0.5077765583992004,0.6826767325401306,0.50794917345047,0.6705149412155151
agarrar,5,15,0.5203126072883606,0.6600304841995239,0.5147244930267334,0.6092398762702942,0.5128010511398315,0.5744379162788391,0.5123038291931152,0.5534947514533997,0.5152932405471802,0.5523782968521118,0.5141156315803528,0.591216504573822,0.5187644958496094,0.5727814435958862,0.5205914378166199,0.5730882287025452,0.5229199528694153,0.5735806822776794,0.5169169902801514,0.6246635913848877,0.5210084319114685,0.606782078742981,0.5246514081954956,0.6000241637229919,0.5300388932228088,0.5931821465492249,0.5193511247634888,0.6576606631278992,0.5190917253494263,0.6462617516517639,0.5251376032829285,0.6360887289047241,0.5321736335754395,0.623491644859314,0.5215428471565247,0.6889069080352783,0.519175112247467,0.695643424987793,0.5199798941612244,0.6885212659835815,0.5214095711708069,0.6779803037643433
agarrar,5,16,0.5199857950210571,0.6565982103347778,0.5290844440460205,0.6118434071540833,0.5314688682556152,0.5756681561470032,0.5326842069625854,0.5474459528923035,0.5386457443237305,0.5358728766441345,0.5221389532089233,0.599531352519989,0.5260275602340698,0.5779089331626892,0.5328021049499512,0.5651493072509766,0.5414437055587769,0.5539533495903015,0.522478461265564,0.6274325251579285,0.5252129435539246,0.6062815189361572,0.534260094165802,0.5928338170051575,0.5443875789642334,0.579755425453186,0.5243170261383057,0.6567696332931519,0.5241689085960388,0.6430359482765198,0.5346910357475281,0.6309497952461243,0.5458078384399414,0.6168479323387146,0.5267848968505859,0.6872458457946777,0.5263911485671997,0.6906471848487854,0.5309241414070129,0.6806248426437378,0.5360605716705322,0.667919933795929
agarrar,5,17,0.447904497385025,0.4918425977230072,0.4777160882949829,0.4662751257419586,0.5181294679641724,0.45853906869888306,0.546823263168335,0.45727401971817017,0.5658644437789917,0.44287264347076416,0.4979095757007599,0.460084468126297,0.5096344947814941,0.478656142950058,0.5147411823272705,0.5042135715484619,0.5192064046859741,0.5281497240066528,0.48158326745033264,0.4939146041870117,0.49430277943611145,0.52189701795578,0.5000451803207397,0.5453184843063354,0.5052714943885803,0.5663772225379944,0.4691849946975708,0.5253010988235474,0.48498791456222534,0.5493128299713135,0.4923553466796875,0.5698003172874451,0.4987063407897949,0.5855960249900818,0.4616188108921051,0.5518898367881775,0.4777153432369232,0.5743624567985535,0.48520398139953613,0.5908429026603699,0.4923536777496338,0.606818675994873
agarrar,5,18,0.44496408104896545,0.5091515779495239,0.47382158041000366,0.4686714708805084,0.5136995911598206,0.4620211124420166,0.5415928363800049,0.473177433013916,0.5597957372665405,0.47633716464042664,0.4987339675426483,0.47172439098358154,0.511941134929657,0.49516773223876953,0.5188037753105164,0.5224592089653015,0.5246955752372742,0.5473330616950989,0.4834384322166443,0.5103313326835632,0.4973675012588501,0.5371649861335754,0.5061972737312317,0.563463032245636,0.5126754641532898,0.5860030055046082,0.470595121383667,0.5450713038444519,0.48717638850212097,0.5721299648284912,0.4984686076641083,0.5948364734649658,0.5068604350090027,0.6126389503479004,0.46108365058898926,0.5735824704170227,0.4783051013946533,0.5990873575210571,0.4891255497932434,0.6163564920425415,0.49784666299819946,0.6328741908073425
agarrar,5,19,0.4463508427143097,0.5142114162445068,0.4755117893218994,0.4836590886116028,0.511326253414154,0.4845772981643677,0.5348330736160278,0.5063870549201965,0.549281895160675,0.5277829766273499,0.49654802680015564,0.4904569089412689,0.5110547542572021,0.5118998885154724,0.5179659724235535,0.5373910665512085,0.5230234265327454,0.5601755976676941,0.48210760951042175,0.5209904909133911,0.4994150698184967,0.5523218512535095,0.5088564157485962,0.578186571598053,0.5164273977279663,0.6006650328636169,0.47102609276771545,0.5492883324623108,0.4898386597633362,0.5793098211288452,0.5008062124252319,0.6024531722068787,0.5103459358215332,0.621566116809845,0.46285077929496765,0.5731289386749268,0.47892069816589355,0.5999832153320312,0.4894845485687256,0.6187022924423218,0.49946701526641846,0.6372719407081604
agarrar,6,0,0.44911977648735046,0.5196635723114014,0.48322027921676636,0.4972250461578369,0.5199421048164368,0.5105639696121216,0.5408870577812195,0.5282983779907227,0.5575368404388428,0.5355920791625977,0.49898791313171387,0.5210369825363159,0.5122812390327454,0.5504505634307861,0.5172971487045288,0.5791796445846558,0.5210914015769958,0.6081114411354065,0.48197752237319946,0.5489408373832703,0.4989527463912964,0.5880210399627686,0.5066179037094116,0.6218678951263428,0.5117356181144714,0.6548222899436951,0.47073861956596375,0.5717083215713501,0.4883318543434143,0.6124431490898132,0.49675968289375305,0.6430246233940125,0.5033206343650818,0.6706839799880981,0.4645717740058899,0.5893077850341797,0.4784495532512665,0.6260542869567871,0.485348105430603,0.650478184223175,0.4914930462837219,0.6738263368606567
agarrar,6,1,0.450572669506073,0.5189261436462402,0.48295316100120544,0.4972594380378723,0.5190074443817139,0.5132343769073486,0.5394068956375122,0.5366531610488892,0.5527547001838684,0.5485925078392029,0.5002811551094055,0.524390459060669,0.5139813423156738,0.5581947565078735,0.51972895860672,0.5888305902481079,0.5237618088722229,0.6184019446372986,0.4839495122432709,0.5543124079704285,0.5016034245491028,0.6003573536872864,0.5098080635070801,0.6347458958625793,0.5154083371162415,0.6684076189994812,0.47286662459373474,0.5798176527023315,0.49152955412864685,0.6253043413162231,0.5004087686538696,0.6559363007545471,0.506997287273407,0.6838080286979675,0.4660954475402832,0.600541889667511,0.4808012843132019,0.6384456753730774,0.48799410462379456,0.6616926789283752,0.49384260177612305,0.6839240789413452
agarrar,6,2,0.4535624086856842,0.5183978080749512,0.48748230934143066,0.49414628744125366,0.5263640284538269,0.513523519039154,0.5471192002296448,0.5523317456245422,0.5536863803863525,0.5909651517868042,0.5029453039169312,0.5194990634918213,0.5146645903587341,0.5534274578094482,0.5196609497070312,0.5844055414199829,0.5223798155784607,0.6131022572517395,0.48564285039901733,0.5489067435264587,0.5018259286880493,0.5962957143783569,0.5099014639854431,0.6323638558387756,0.514516294002533,0.6649565696716309,0.47307300567626953,0.5749319791793823,0.49080872535705566,0.6212267279624939,0.4982326924800873,0.6546181440353394,0.5034452676773071,0.6834255456924438,0.46487486362457275,0.5971782207489014,0.479501873254776,0.636668860912323,0.48726311326026917,0.6615219712257385,0.4933536648750305,0.6839941740036011
agarrar,6,3,0.45523011684417725,0.5153593420982361,0.4884113669395447,0.49271631240844727,0.52486252784729,0.5122290849685669,0.5442354083061218,0.5541146993637085,0.5522737503051758,0.5918910503387451,0.5038427114486694,0.5094883441925049,0.5123306512832642,0.5459739565849304,0.515321671962738,0.5751723051071167,0.51606285572052,0.6012226939201355,0.48434320092201233,0.5359513759613037,0.49732521176338196,0.5867405533790588,0.5026069283485413,0.6220861673355103,0.5051396489143372,0.6527506113052368,0.46968916058540344,0.560335099697113,0.4849186837673187,0.6083953976631165,0.4903496205806732,0.6416805982589722,0.49437078833580017,0.6692808270454407,0.4602149426937103,0.5817525386810303,0.47348934412002563,0.6205509305000305,0.48022639751434326,0.6448215246200562,0.4857845604419708,0.6665245890617371
agarrar,6,4,0.4487204849720001,0.5124742388725281,0.4850086569786072,0.49181652069091797,0.5211634635925293,0.5104710459709167,0.5407060384750366,0.5514907836914062,0.550308346748352,0.5869113802909851,0.4998941123485565,0.4992921054363251,0.5085316896438599,0.5270236730575562,0.5107357501983643,0.556873083114624,0.5111416578292847,0.5870651006698608,0.48022446036338806,0.5264866352081299,0.49161678552627563,0.5714558362960815,0.49475350975990295,0.6091411709785461,0.49588701128959656,0.6436220407485962,0.46587836742401123,0.5523731708526611,0.47799327969551086,0.596947968006134,0.48222991824150085,0.6318985819816589,0.48517274856567383,0.6602734327316284,0.4569252133369446,0.575869619846344,0.4674513041973114,0.6140278577804565,0.4720836579799652,0.6375205516815186,0.47594335675239563,0.6583736538887024
agarrar,6,5,0.4407421350479126,0.5147756934165955,0.4776293933391571,0.48694631457328796,0.5161784887313843,0.5023151636123657,0.5364595055580139,0.5430805087089539,0.5461685657501221,0.5803017616271973,0.49405401945114136,0.48984208703041077,0.5015090703964233,0.5154709219932556,0.5018061995506287,0.5459297299385071,0.5006062388420105,0.5774581432342529,0.4772855341434479,0.5226038694381714,0.48623502254486084,0.5665942430496216,0.48925694823265076,0.6036161184310913,0.491301029920578,0.63838130235672,0.4651702344417572,0.5535886883735657,0.476184606552124,0.5972957611083984,0.4794982671737671,0.6275717616081238,0.4815979301929474,0.6535729765892029,0.4575379490852356,0.5832618474960327,0.4676952064037323,0.6211807727813721,0.46949052810668945,0.6411802768707275,0.47040480375289917,0.658397376537323
agarrar,6,6,0.4415302276611328,0.5077072978019714,0.4762853682041168,0.47569817304611206,0.5122610926628113,0.48536914587020874,0.5322731733322144,0.5227553248405457,0.5414745211601257,0.5585073828697205,0.4865909516811371,0.47678083181381226,0.4929037392139435,0.506262481212616,0.4958207607269287,0.5304761528968811,0.4990543723106384,0.553025484085083,0.4729413390159607,0.5146307349205017,0.48050928115844727,0.5567373633384705,0.48437386751174927,0.5822016000747681,0.4890441298484802,0.6031912565231323,0.4640733301639557,0.5508648753166199,0.4733836054801941,0.593178927898407,0.4788303077220917,0.6190413236618042,0.48412272334098816,0.639783501625061,0.45875126123428345,0.5841755867004395,0.46605488657951355,0.6219273209571838,0.46713024377822876,0.6433801054954529,0.4683721363544464,0.6610657572746277
agarrar,6,7,0.444154292345047,0.5086909532546997,0.47823357582092285,0.4669639468193054,0.5110644102096558,0.4668092131614685,0.5317068696022034,0.4992176592350006,0.542451024055481,0.5311806201934814,0.49011945724487305,0.46557608246803284,0.4899462163448334,0.4912695586681366,0.4901791214942932,0.5148481130599976,0.49157124757766724,0.5373013019561768,0.4768548607826233,0.5087907314300537,0.47977685928344727,0.5429182052612305,0.4827212393283844,0.5638590455055237,0.48623231053352356,0.5829809308052063,0.4674956202507019,0.548851728439331,0.4724688231945038,0.5868212580680847,0.4768892824649811,0.6091693043708801,0.480658620595932,0.6279556155204773,0.4611853063106537,0.5828108787536621,0.46679019927978516,0.6169680953025818,0.46849507093429565,0.6369078755378723,0.4698222279548645,0.6542246341705322
agarrar,6,8,0.533990740776062,0.6856296062469482,0.5159288048744202,0.6299522519111633,0.5042871236801147,0.5892481803894043,0.49766212701797485,0.5785687565803528,0.4919487535953522,0.5871679782867432,0.5089653730392456,0.5847634077072144,0.49483636021614075,0.5529090166091919,0.48332449793815613,0.5642840266227722,0.47751855850219727,0.5809289216995239,0.5114606618881226,0.6120765805244446,0.5027002692222595,0.5926315188407898,0.4977993369102478,0.5975511074066162,0.4979228675365448,0.5975696444511414,0.5133547186851501,0.6480710506439209,0.5017691850662231,0.6408766508102417,0.5000965595245361,0.6347049474716187,0.5018481016159058,0.6230233907699585,0.5125584602355957,0.6865684390068054,0.5007945895195007,0.6911820769309998,0.49718260765075684,0.6817523241043091,0.49687671661376953,0.6686407923698425
agarrar,6,9,0.5271380543708801,0.6938964128494263,0.508695662021637,0.6457033157348633,0.49747806787490845,0.6167267560958862,0.48649245500564575,0.6211071610450745,0.478964626789093,0.6411752700805664,0.5106178522109985,0.5936994552612305,0.5080799460411072,0.5606324076652527,0.5016670823097229,0.5628359913825989,0.4982236325740814,0.5712819695472717,0.5141253471374512,0.6187037229537964,0.5118075013160706,0.5994831919670105,0.5095245242118835,0.5989406108856201,0.511880099773407,0.5979165434837341,0.5168852210044861,0.6523422002792358,0.5114688277244568,0.6430554389953613,0.5122888684272766,0.6342629790306091,0.515108585357666,0.6230838298797607,0.5164810419082642,0.6884975433349609,0.5100799202919006,0.6916812658309937,0.5077765583992004,0.6826767325401306,0.50794917345047,0.6705149412155151
agarrar,6,10,0.5203126072883606,0.6600304841995239,0.5147244930267334,0.6092398762702942,0.5128010511398315,0.5744379162788391,0.5123038291931152,0.5534947514533997,0.5152932405471802,0.5523782968521118,0.5141156315803528,0.591216504573822,0.5187644958496094,0.5727814435958862,0.5205914378166199,0.5730882287025452,0.5229199528694153,0.5735806822776794,0.5169169902801514,0.6246635913848877,0.5210084319114685,0.606782078742981,0.5246514081954956,0.6000241637229919,0.5300388932228088,0.5931821465492249,0.5193511247634888,0.6576606631278992,0.5190917253494263,0.6462617516517639,0.5251376032829285,0.6360887289047241,0.5321736335754395,0.623491644859314,0.5215428471565247,0.6889069080352783,0.519175112247467,0.695643424987793,0.5199798941612244,0.6885212659835815,0.5214095711708069,0.6779803037643433
agarrar,6,11,0.5199857950210571,0.6565982103347778,0.5290844440460205,0.6118434071540833,0.5314688682556152,0.5756681561470032,0.5326842069625854,0.5474459528923035,0.5386457443237305,0.5358728766441345,0.5221389532089233,0.599531352519989,0.5260275602340698,0.5779089331626892,0.5328021049499512,0.5651493072509766,0.5414437055587769,0.5539533495903015,0.522478461265564,0.6274325251579285,0.5252129435539246,0.6062815189361572,0.534260094165802,0.5928338170051575,0.5443875789642334,0.579755425453186,0.5243170261383057,0.6567696332931519,0.5241689085960388,0.6430359482765198,0.5346910357475281,0.6309497952461243,0.5458078384399414,0.6168479323387146,0.5267848968505859,0.6872458457946777,0.5263911485671997,0.6906471848487854,0.5309241414070129,0.6806248426437378,0.5360605716705322,0.667919933795929
agarrar,6,12,0.447904497385025,0.4918425977230072,0.4777160882949829,0.4662751257419586,0.5181294679641724,0.45853906869888306,0.546823263168335,0.45727401971817017,0.5658644437789917,0.44287264347076416,0.4979095757007599,0.460084468126297,0.5096344947814941,0.478656142950058,0.5147411823272705,0.5042135715484619,0.5192064046859741,0.5281497240066528,0.48158326745033264,0.4939146041870117,0.49430277943611145,0.52189701795578,0.5000451803207397,0.5453184843063354,0.5052714943885803,0.5663772225379944,0.4691849946975708,0.5253010988235474,0.48498791456222534,0.5493128299713135,0.4923553466796875,0.5698003172874451,0.4987063407897949,0.5855960249900818,0.4616188108921051,0.5518898367881775,0.4777153432369232,0.5743624567985535,0.48520398139953613,0.5908429026603699,0.4923536777496338,0.606818675994873
agarrar,6,13,0.44496408104896545,0.5091515779495239,0.47382158041000366,0.4686714708805084,0.5136995911598206,0.4620211124420166,0.5415928363800049,0.473177433013916,0.5597957372665405,0.47633716464042664,0.4987339675426483,0.47172439098358154,0.511941134929657,0.49516773223876953,0.5188037753105164,0.5224592089653015,0.5246955752372742,0.5473330616950989,0.4834384322166443,0.5103313326835632,0.4973675012588501,0.5371649861335754,0.5061972737312317,0.563463032245636,0.5126754641532898,0.5860030055046082,0.470595121383667,0.5450713038444519,0.48717638850212097,0.5721299648284912,0.4984686076641083,0.5948364734649658,0.5068604350090027,0.6126389503479004,0.46108365058898926,0.5735824704170227,0.4783051013946533,0.5990873575210571,0.4891255497932434,0.6163564920425415,0.49784666299819946,0.6328741908073425
agarrar,6,14,0.4463508427143097,0.5142114162445068,0.4755117893218994,0.4836590886116028,0.511326253414154,0.4845772981643677,0.5348330736160278,0.5063870549201965,0.549281895160675,0.5277829766273499,0.49654802680015564,0.4904569089412689,0.5110547542572021,0.5118998885154724,0.5179659724235535,0.5373910665512085,0.5230234265327454,0.5601755976676941,0.48210760951042175,0.5209904909133911,0.4994150698184967,0.5523218512535095,0.5088564157485962,0.578186571598053,0.5164273977279663,0.6006650328636169,0.47102609276771545,0.5492883324623108,0.4898386597633362,0.5793098211288452,0.5008062124252319,0.6024531722068787,0.5103459358215332,0.621566116809845,0.46285077929496765,0.5731289386749268,0.47892069816589355,0.5999832153320312,0.4894845485687256,0.6187022924423218,0.49946701526641846,0.6372719407081604
agarrar,6,15,0.4494817852973938,0.5223187804222107,0.4813573360443115,0.4942869544029236,0.5168386101722717,0.49880704283714294,0.5388625264167786,0.5197248458862305,0.5497055649757385,0.5383099317550659,0.49785155057907104,0.5008565187454224,0.5106289386749268,0.5205922722816467,0.5181768536567688,0.5438537001609802,0.5241581201553345,0.5655856132507324,0.48334643244743347,0.5312002897262573,0.5006090402603149,0.5606069564819336,0.5106889605522156,0.5860818028450012,0.5185911655426025,0.6094182133674622,0.47236764430999756,0.5601178407669067,0.4912292957305908,0.5890321135520935,0.5021153092384338,0.611231803894043,0.5115482211112976,0.629724383354187,0.46423691511154175,0.5844494104385376,0.4788905382156372,0.6110774278640747,0.48834332823753357,0.6285678744316101,0.4971652328968048,0.6447488069534302
agarrar,6,16,0.45645061135292053,0.5327356457710266,0.4880638122558594,0.5057343244552612,0.522084653377533,0.5147097706794739,0.5430649518966675,0.5465143918991089,0.554374635219574,0.5768114924430847,0.5012946724891663,0.5086092352867126,0.5140277147293091,0.5263109803199768,0.5203237533569336,0.5484024286270142,0.5247468948364258,0.5684431791305542,0.4855835437774658,0.5373726487159729,0.5000179409980774,0.5640509128570557,0.5089487433433533,0.5890216827392578,0.5150120258331299,0.6107111573219299,0.4733874201774597,0.5659981369972229,0.4899735450744629,0.59412682056427,0.5008068084716797,0.618485152721405,0.509566068649292,0.638546347618103,0.46477627754211426,0.5914371013641357,0.4780748188495636,0.6177651286125183,0.4885624647140503,0.6359609961509705,0.4982457458972931,0.6536682844161987
agarrar,6,17,0.4502370357513428,0.532514750957489,0.4846957325935364,0.5028246641159058,0.5204842686653137,0.5160934925079346,0.5410337448120117,0.5540191531181335,0.5497174859046936,0.5882712602615356,0.49906104803085327,0.5092898607254028,0.5116705894470215,0.5289029479026794,0.517219603061676,0.5522668361663818,0.5210742950439453,0.5737212300300598,0.48244568705558777,0.5397878885269165,0.4969143271446228,0.5687674880027771,0.5047014951705933,0.5946967601776123,0.5101997256278992,0.6168469190597534,0.4707145392894745,0.5691183805465698,0.4861215651035309,0.5984422564506531,0.49554315209388733,0.6220000982284546,0.5034555196762085,0.6403764486312866,0.4635906219482422,0.5945996642112732,0.47753751277923584,0.6221643090248108,0.48685339093208313,0.6395322680473328,0.4952898919582367,0.6547533869743347
agarrar,6,18,0.44963768124580383,0.5249279737472534,0.4839782416820526,0.5001154541969299,0.5190878510475159,0.5127522945404053,0.5386280417442322,0.5488177537918091,0.5471538305282593,0.5825835466384888,0.4982953369617462,0.5006003975868225,0.5084937810897827,0.5204788446426392,0.5118036270141602,0.5467589497566223,0.5131818056106567,0.5740100741386414,0.4814412593841553,0.5303530097007751,0.49339044094085693,0.5682181715965271,0.49893027544021606,0.6007290482521057,0.5022256970405579,0.6306086182594299,0.4688541889190674,0.5597206354141235,0.4805702567100525,0.5980973243713379,0.48646819591522217,0.6276034116744995,0.49056434631347656,0.6510093808174133,0.46048596501350403,0.5861909985542297,0.4698541462421417,0.6197782158851624,0.4741642475128174,0.6408249735832214,0.4772580564022064,0.6594472527503967
agarrar,6,19,0.44117772579193115,0.5294189453125,0.475867360830307,0.4985523819923401,0.513107419013977,0.5058898329734802,0.5326610803604126,0.5420004725456238,0.5400714874267578,0.5799189209938049,0.49095314741134644,0.49336978793144226,0.5015480518341064,0.5117296576499939,0.5055983662605286,0.5385450124740601,0.5081194043159485,0.5663997530937195,0.47501158714294434,0.5272805094718933,0.48829135298728943,0.5652883648872375,0.49499788880348206,0.5987062454223633,0.4999045133590698,0.6272284388542175,0.46395793557167053,0.5605430603027344,0.48038652539253235,0.5993882417678833,0.48820748925209045,0.6273749470710754,0.49339136481285095,0.6453995108604431,0.45821070671081543,0.5923013091087341,0.475620299577713,0.6257944107055664,0.481279581785202,0.6443791389465332,0.48465922474861145,0.6564972996711731
agarrar,7,0,0.4407421350479126,0.5147756934165955,0.4776293933391571,0.48694631457328796,0.5161784887313843,0.5023151636123657,0.5364595055580139,0.5430805087089539,0.5461685657501221,0.5803017616271973,0.49405401945114136,0.48984208703041077,0.5015090703964233,0.5154709219932556,0.5018061995506287,0.5459297299385071,0.5006062388420105,0.5774581432342529,0.4772855341434479,0.5226038694381714,0.48623502254486084,0.5665942430496216,0.48925694823265076,0.6036161184310913,0.491301029920578,0.63838130235672,0.4651702344417572,0.5535886883735657,0.476184606552124,0.5972957611083984,0.4794982671737671,0.6275717616081238,0.4815979301929474,0.6535729765892029,0.4575379490852356,0.5832618474960327,0.4676952064037323,0.6211807727813721,0.46949052810668945,0.6411802768707275,0.47040480375289917,0.658397376537323
agarrar,7,1,0.4415302276611328,0.5077072978019714,0.4762853682041168,0.47569817304611206,0.5122610926628113,0.48536914587020874,0.5322731733322144,0.5227553248405457,0.5414745211601257,0.5585073828697205,0.4865909516811371,0.47678083181381226,0.4929037392139435,0.506262481212616,0.4958207607269287,0.5304761528968811,0.4990543723106384,0.553025484085083,0.4729413390159607,0.5146307349205017,0.48050928115844727,0.5567373633384705,0.48437386751174927,0.5822016000747681,0.4890441298484802,0.6031912565231323,0.4640733301639557,0.5508648753166199,0.4733836054801941,0.593178927898407,0.4788303077220917,0.6190413236618042,0.48412272334098816,0.639783501625061,0.45875126123428345,0.5841755867004395,0.46605488657951355,0.6219273209571838,0.46713024377822876,0.6433801054954529,0.4683721363544464,0.6610657572746277
agarrar,7,2,0.444154292345047,0.5086909532546997,0.47823357582092285,0.4669639468193054,0.5110644102096558,0.4668092131614685,0.5317068696022034,0.4992176592350006,0.542451024055481,0.5311806201934814,0.49011945724487305,0.46557608246803284,0.4899462163448334,0.4912695586681366,0.4901791214942932,0.5148481130599976,0.49157124757766724,0.5373013019561768,0.4768548607826233,0.5087907314300537,0.47977685928344727,0.5429182052612305,0.4827212393283844,0.5638590455055237,0.48623231053352356,0.5829809308052063,0.4674956202507019,0.548851728439331,0.4724688231945038,0.5868212580680847,0.4768892824649811,0.6091693043708801,0.480658620595932,0.6279556155204773,0.4611853063106537,0.5828108787536621,0.46679019927978516,0.6169680953025818,0.46849507093429565,0.6369078755378723,0.4698222279548645,0.6542246341705322
agarrar,7,3,0.533990740776062,0.6856296062469482,0.5159288048744202,0.6299522519111633,0.5042871236801147,0.5892481803894043,0.49766212701797485,0.5785687565803528,0.4919487535953522,0.5871679782867432,0.5089653730392456,0.5847634077072144,0.49483636021614075,0.5529090166091919,0.48332449793815613,0.5642840266227722,0.47751855850219727,0.5809289216995239,0.5114606618881226,0.6120765805244446,0.5027002692222595,0.5926315188407898,0.4977993369102478,0.5975511074066162,0.4979228675365448,0.5975696444511414,0.5133547186851501,0.6480710506439209,0.5017691850662231,0.6408766508102417,0.5000965595245361,0.6347049474716187,0.5018481016159058,0.6230233907699585,0.5125584602355957,0.6865684390068054,0.5007945895195007,0.6911820769309998,0.49718260765075684,0.6817523241043091,0.49687671661376953,0.6686407923698425
agarrar,7,4,0.5271380543708801,0.6938964128494263,0.508695662021637,0.6457033157348633,0.49747806787490845,0.6167267560958862,0.48649245500564575,0.6211071610450745,0.478964626789093,0.6411752700805664,0.5106178522109985,0.5936994552612305,0.5080799460411072,0.5606324076652527,0.5016670823097229,0.5628359913825989,0.4982236325740814,0.5712819695472717,0.5141253471374512,0.6187037229537964,0.5118075013160706,0.5994831919670105,0.5095245242118835,0.5989406108856201,0.511880099773407,0.5979165434837341,0.5168852210044861,0.6523422002792358,0.5114688277244568,0.6430554389953613,0.5122888684272766,0.6342629790306091,0.515108585357666,0.6230838298797607,0.5164810419082642,0.6884975433349609,0.5100799202919006,0.6916812658309937,0.5077765583992004,0.6826767325401306,0.50794917345047,0.6705149412155151
agarrar,7,5,0.5203126072883606,0.6600304841995239,0.5147244930267334,0.6092398762702942,0.5128010511398315,0.5744379162788391,0.5123038291931152,0.5534947514533997,0.5152932405471802,0.5523782968521118,0.5141156315803528,0.591216504573822,0.5187644958496094,0.5727814435958862,0.5205914378166199,0.5730882287025452,0.5229199528694153,0.5735806822776794,0.5169169902801514,0.6246635913848877,0.5210084319114685,0.606782078742981,0.5246514081954956,0.6000241637229919,0.5300388932228088,0.5931821465492249,0.5193511247634888,0.6576606631278992,0.5190917253494263,0.6462617516517639,0.5251376032829285,0.6360887289047241,0.5321736335754395,0.623491644859314,0.5215428471565247,0.6889069080352783,0.519175112247467,0.695643424987793,0.5199798941612244,0.6885212659835815,0.5214095711708069,0.6779803037643433
agarrar,7,6,0.5199857950210571,0.6565982103347778,0.5290844440460205,0.6118434071540833,0.5314688682556152,0.5756681561470032,0.5326842069625854,0.5474459528923035,0.5386457443237305,0.5358728766441345,0.5221389532089233,0.599531352519989,0.5260275602340698,0.5779089331626892,0.5328021049499512,0.5651493072509766,0.5414437055587769,0.5539533495903015,0.522478461265564,0.6274325251579285,0.5252129435539246,0.6062815189361572,0.534260094165802,0.5928338170051575,0.5443875789642334,0.579755425453186,0.5243170261383057,0.6567696332931519,0.5241689085960388,0.6430359482765198,0.5346910357475281,0.6309497952461243,0.5458078384399414,0.6168479323387146,0.5267848968505859,0.6872458457946777,0.5263911485671997,0.6906471848487854,0.5309241414070129,0.6806248426437378,0.5360605716705322,0.667919933795929
agarrar,7,7,0.447904497385025,0.4918425977230072,0.4777160882949829,0.4662751257419586,0.5181294679641724,0.45853906869888306,0.546823263168335,0.45727401971817017,0.5658644437789917,0.44287264347076416,0.4979095757007599,0.460084468126297,0.5096344947814941,0.478656142950058,0.5147411823272705,0.5042135715484619,0.5192064046859741,0.5281497240066528,0.48158326745033264,0.4939146041870117,0.49430277943611145,0.52189701795578,0.5000451803207397,0.5453184843063354,0.5052714943885803,0.5663772225379944,0.4691849946975708,0.5253010988235474,0.48498791456222534,0.5493128299713135,0.4923553466796875,0.5698003172874451,0.4987063407897949,0.5855960249900818,0.4616188108921051,0.5518898367881775,0.4777153432369232,0.5743624567985535,0.48520398139953613,0.5908429026603699,0.4923536777496338,0.606818675994873
agarrar,7,8,0.44496408104896545,0.5091515779495239,0.47382158041000366,0.4686714708805084,0.5136995911598206,0.4620211124420166,0.5415928363800049,0.473177433013916,0.5597957372665405,0.47633716464042664,0.4987339675426483,0.47172439098358154,0.511941134929657,0.49516773223876953,0.5188037753105164,0.5224592089653015,0.5246955752372742,0.5473330616950989,0.4834384322166443,0.5103313326835632,0.4973675012588501,0.5371649861335754,0.5061972737312317,0.563463032245636,0.5126754641532898,0.5860030055046082,0.470595121383667,0.5450713038444519,0.48717638850212097,0.5721299648284912,0.4984686076641083,0.5948364734649658,0.5068604350090027,0.6126389503479004,0.46108365058898926,0.5735824704170227,0.4783051013946533,0.5990873575210571,0.4891255497932434,0.6163564920425415,0.49784666299819946,0.6328741908073425
agarrar,7,9,0.4463508427143097,0.5142114162445068,0.4755117893218994,0.4836590886116028,0.511326253414154,0.4845772981643677,0.5348330736160278,0.5063870549201965,0.549281895160675,0.5277829766273499,0.49654802680015564,0.4904569089412689,0.5110547542572021,0.5118998885154724,0.5179659724235535,0.5373910665512085,0.5230234265327454,0.5601755976676941,0.48210760951042175,0.5209904909133911,0.4994150698184967,0.5523218512535095,0.5088564157485962,0.578186571598053,0.5164273977279663,0.6006650328636169,0.47102609276771545,0.5492883324623108,0.4898386597633362,0.5793098211288452,0.5008062124252319,0.6024531722068787,0.5103459358215332,0.621566116809845,0.46285077929496765,0.5731289386749268,0.47892069816589355,0.5999832153320312,0.4894845485687256,0.6187022924423218,0.49946701526641846,0.6372719407081604
agarrar,7,10,0.4494817852973938,0.5223187804222107,0.4813573360443115,0.4942869544029236,0.5168386101722717,0.49880704283714294,0.5388625264167786,0.5197248458862305,0.5497055649757385,0.5383099317550659,0.49785155057907104,0.5008565187454224,0.5106289386749268,0.5205922722816467,0.5181768536567688,0.5438537001609802,0.5241581201553345,0.5655856132507324,0.48334643244743347,0.5312002897262573,0.5006090402603149,0.5606069564819336,0.5106889605522156,0.5860818028450012,0.5185911655426025,0.6094182133674622,0.47236764430999756,0.5601178407669067,0.4912292957305908,0.5890321135520935,0.5021153092384338,0.611231803894043,0.5115482211112976,0.629724383354187,0.46423691511154175,0.5844494104385376,0.4788905382156372,0.6110774278640747,0.48834332823753357,0.6285678744316101,0.4971652328968048,0.6447488069534302
agarrar,7,11,0.45645061135292053,0.5327356457710266,0.4880638122558594,0.5057343244552612,0.522084653377533,0.5147097706794739,0.5430649518966675,0.5465143918991089,0.554374635219574,0.5768114924430847,0.5012946724891663,0.5086092352867126,0.5140277147293091,0.5263109803199768,0.5203237533569336,0.5484024286270142,0.5247468948364258,0.5684431791305542,0.4855835437774658,0.5373726487159729,0.5000179409980774,0.5640509128570557,0.5089487433433533,0.5890216827392578,0.5150120258331299,0.6107111573219299,0.4733874201774597,0.5659981369972229,0.4899735450744629,0.59412682056427,0.5008068084716797,0.618485152721405,0.509566068649292,0.638546347618103,0.46477627754211426,0.5914371013641357,0.4780748188495636,0.6177651286125183,0.4885624647140503,0.6359609961509705,0.4982457458972931,0.6536682844161987
agarrar,7,12,0.4502370357513428,0.532514750957489,0.4846957325935364,0.5028246641159058,0.5204842686653137,0.5160934925079346,0.5410337448120117,0.5540191531181335,0.5497174859046936,0.5882712602615356,0.49906104803085327,0.5092898607254028,0.5116705894470215,0.5289029479026794,0.517219603061676,0.5522668361663818,0.5210742950439453,0.5737212300300598,0.48244568705558777,0.5397878885269165,0.4969143271446228,0.5687674880027771,0.5047014951705933,0.5946967601776123,0.5101997256278992,0.6168469190597534,0.4707145392894745,0.5691183805465698,0.4861215651035309,0.5984422564506531,0.49554315209388733,0.6220000982284546,0.5034555196762085,0.6403764486312866,0.4635906219482422,0.5945996642112732,0.47753751277923584,0.6221643090248108,0.48685339093208313,0.6395322680473328,0.4952898919582367,0.6547533869743347
agarrar,7,13,0.44963768124580383,0.5249279737472534,0.4839782416820526,0.5001154541969299,0.5190878510475159,0.5127522945404053,0.5386280417442322,0.5488177537918091,0.5471538305282593,0.5825835466384888,0.4982953369617462,0.5006003975868225,0.5084937810897827,0.5204788446426392,0.5118036270141602,0.5467589497566223,0.5131818056106567,0.5740100741386414,0.4814412593841553,0.5303530097007751,0.49339044094085693,0.5682181715965271,0.49893027544021606,0.6007290482521057,0.5022256970405579,0.6306086182594299,0.4688541889190674,0.5597206354141235,0.4805702567100525,0.5980973243713379,0.48646819591522217,0.6276034116744995,0.49056434631347656,0.6510093808174133,0.46048596501350403,0.5861909985542297,0.4698541462421417,0.6197782158851624,0.4741642475128174,0.6408249735832214,0.4772580564022064,0.6594472527503967
agarrar,7,14,0.44117772579193115,0.5294189453125,0.475867360830307,0.4985523819923401,0.513107419013977,0.5058898329734802,0.5326610803604126,0.5420004725456238,0.5400714874267578,0.5799189209938049,0.49095314741134644,0.49336978793144226,0.5015480518341064,0.5117296576499939,0.5055983662605286,0.5385450124740601,0.5081194043159485,0.5663997530937195,0.47501158714294434,0.5272805094718933,0.48829135298728943,0.5652883648872375,0.49499788880348206,0.5987062454223633,0.4999045133590698,0.6272284388542175,0.46395793557167053,0.5605430603027344,0.48038652539253235,0.5993882417678833,0.48820748925209045,0.6273749470710754,0.49339136481285095,0.6453995108604431,0.45821070671081543,0.5923013091087341,0.475620299577713,0.6257944107055664,0.481279581785202,0.6443791389465332,0.48465922474861145,0.6564972996711731
agarrar,7,15,0.4418867826461792,0.5377334952354431,0.4723573625087738,0.49879154562950134,0.5085386633872986,0.5046138763427734,0.5278798341751099,0.5434804558753967,0.5351693630218506,0.5848175883293152,0.48399674892425537,0.49457162618637085,0.4967856705188751,0.5054808855056763,0.4998725950717926,0.5292089581489563,0.5018724203109741,0.5563462376594543,0.4728233814239502,0.5337990522384644,0.4837045967578888,0.5639628767967224,0.48802706599235535,0.5909420847892761,0.4906248450279236,0.6162412762641907,0.4652937650680542,0.5710880756378174,0.4774445593357086,0.6024419665336609,0.48116183280944824,0.6247411966323853,0.482471227645874,0.6422324776649475,0.4614408612251282,0.6046348810195923,0.4718283414840698,0.6362213492393494,0.47144556045532227,0.6523094773292542,0.46961578726768494,0.6652746200561523
agarrar,7,16,0.44250619411468506,0.5387295484542847,0.47479620575904846,0.4999624192714691,0.5079956650733948,0.5053049325942993,0.5242056846618652,0.5435507297515869,0.5283346772193909,0.5821383595466614,0.4853321313858032,0.5027359127998352,0.4934195578098297,0.5136440992355347,0.49424082040786743,0.5344984531402588,0.4944181442260742,0.5602464079856873,0.47488096356391907,0.542245626449585,0.48278307914733887,0.5725136995315552,0.48430678248405457,0.5982224941253662,0.4827721118927002,0.6231887340545654,0.4685360789299011,0.5788704752922058,0.4770246744155884,0.6117650270462036,0.4780680537223816,0.6347411870956421,0.4764319062232971,0.654330313205719,0.46487268805503845,0.6114906668663025,0.47099769115448,0.6432591676712036,0.46750643849372864,0.6582214832305908,0.4635421931743622,0.6711592078208923
agarrar,7,17,0.43781188130378723,0.5360438823699951,0.4704878330230713,0.5000214576721191,0.5052345395088196,0.507348895072937,0.5220192670822144,0.5466028451919556,0.5288835167884827,0.5834378600120544,0.47930416464805603,0.4948037266731262,0.4887608587741852,0.5083308815956116,0.49135637283325195,0.5331711769104004,0.4928782284259796,0.5612595677375793,0.4679863452911377,0.533550500869751,0.4791679382324219,0.5682441592216492,0.4824470579624176,0.5961706042289734,0.48239222168922424,0.6217384934425354,0.4616950750350952,0.5709633231163025,0.4739820063114166,0.6082147359848022,0.4765249490737915,0.6335506439208984,0.47552499175071716,0.6532523036003113,0.4588387608528137,0.6050904393196106,0.4702114164829254,0.6386630535125732,0.46903806924819946,0.6558266878128052,0.4658275842666626,0.6690545678138733
agarrar,7,18,0.43371254205703735,0.5370862483978271,0.46554356813430786,0.49781090021133423,0.5019541382789612,0.5034130215644836,0.5210516452789307,0.5419252514839172,0.5282734632492065,0.5815074443817139,0.4788256287574768,0.4979149103164673,0.48938605189323425,0.5090342164039612,0.4920569360256195,0.5325455665588379,0.49367430806159973,0.5601431727409363,0.46785223484039307,0.538431704044342,0.48046040534973145,0.5700451135635376,0.48411789536476135,0.5978851318359375,0.48437196016311646,0.6236288547515869,0.46139010787010193,0.5762954950332642,0.47527486085891724,0.6094940900802612,0.47843965888023376,0.6335444450378418,0.4781879484653473,0.6522751450538635,0.4586499333381653,0.6101163029670715,0.47092288732528687,0.6398484706878662,0.46991851925849915,0.6560322642326355,0.4670766592025757,0.669220507144928
agarrar,7,19,0.43592214584350586,0.5383273363113403,0.46635040640830994,0.4978258013725281,0.5011692643165588,0.5002884864807129,0.5222426652908325,0.5370326638221741,0.5306367874145508,0.577216386795044,0.4768735468387604,0.4932146966457367,0.4903688430786133,0.5055098533630371,0.4955979287624359,0.5305624604225159,0.49911201000213623,0.5583231449127197,0.4658205509185791,0.5327158570289612,0.4798904061317444,0.56341552734375,0.4848341643810272,0.5924548506736755,0.4869048297405243,0.619071364402771,0.45938554406166077,0.5709711909294128,0.4747198224067688,0.6024770140647888,0.48045751452445984,0.6270517706871033,0.4824458956718445,0.6460605263710022,0.45662352442741394,0.6040340065956116,0.4699057638645172,0.6377418637275696,0.4716879725456238,0.6548857688903809,0.47109946608543396,0.6671525239944458
agarrar,8,0,0.5203126072883606,0.6600304841995239,0.5147244930267334,0.6092398762702942,0.5128010511398315,0.5744379162788391,0.5123038291931152,0.5534947514533997,0.5152932405471802,0.5523782968521118,0.5141156315803528,0.591216504573822,0.5187644958496094,0.5727814435958862,0.5205914378166199,0.5730882287025452,0.5229199528694153,0.5735806822776794,0.5169169902801514,0.6246635913848877,0.5210084319114685,0.606782078742981,0.5246514081954956,0.6000241637229919,0.5300388932228088,0.5931821465492249,0.5193511247634888,0.6576606631278992,0.5190917253494263,0.6462617516517639,0.5251376032829285,0.6360887289047241,0.5321736335754395,0.623491644859314,0.5215428471565247,0.6889069080352783,0.519175112247467,0.695643424987793,0.5199798941612244,0.6885212659835815,0.5214095711708069,0.6779803037643433
agarrar,8,1,0.5199857950210571,0.6565982103347778,0.5290844440460205,0.6118434071540833,0.5314688682556152,0.5756681561470032,0.5326842069625854,0.5474459528923035,0.5386457443237305,0.5358728766441345,0.5221389532089233,0.599531352519989,0.5260275602340698,0.5779089331626892,0.5328021049499512,0.5651493072509766,0.5414437055587769,0.5539533495903015,0.522478461265564,0.6274325251579285,0.5252129435539246,0.6062815189361572,0.534260094165802,0.5928338170051575,0.5443875789642334,0.579755425453186,0.5243170261383057,0.6567696332931519,0.5241689085960388,0.6430359482765198,0.5346910357475281,0.6309497952461243,0.5458078384399414,0.6168479323387146,0.5267848968505859,0.6872458457946777,0.5263911485671997,0.6906471848487854,0.5309241414070129,0.6806248426437378,0.5360605716705322,0.667919933795929
agarrar,8,2,0.447904497385025,0.4918425977230072,0.4777160882949829,0.4662751257419586,0.5181294679641724,0.45853906869888306,0.546823263168335,0.45727401971817017,0.5658644437789917,0.44287264347076416,0.4979095757007599,0.460084468126297,0.5096344947814941,0.478656142950058,0.5147411823272705,0.5042135715484619,0.5192064046859741,0.5281497240066528,0.48158326745033264,0.4939146041870117,0.49430277943611145,0.52189701795578,0.5000451803207397,0.5453184843063354,0.5052714943885803,0.5663772225379944,0.4691849946975708,0.5253010988235474,0.48498791456222534,0.5493128299713135,0.4923553466796875,0.5698003172874451,0.4987063407897949,0.5855960249900818,0.4616188108921051,0.5518898367881775,0.4777153432369232,0.5743624567985535,0.48520398139953613,0.5908429026603699,0.4923536777496338,0.606818675994873
agarrar,8,3,0.44496408104896545,0.5091515779495239,0.47382158041000366,0.4686714708805084,0.5136995911598206,0.4620211124420166,0.5415928363800049,0.473177433013916,0.5597957372665405,0.47633716464042664,0.4987339675426483,0.47172439098358154,0.511941134929657,0.49516773223876953,0.5188037753105164,0.5224592089653015,0.5246955752372742,0.5473330616950989,0.4834384322166443,0.5103313326835632,0.4973675012588501,0.5371649861335754,0.5061972737312317,0.563463032245636,0.5126754641532898,0.5860030055046082,0.470595121383667,0.5450713038444519,0.48717638850212097,0.5721299648284912,0.4984686076641083,0.5948364734649658,0.5068604350090027,0.6126389503479004,0.46108365058898926,0.5735824704170227,0.4783051013946533,0.5990873575210571,0.4891255497932434,0.6163564920425415,0.49784666299819946,0.6328741908073425
agarrar,8,4,0.4463508427143097,0.5142114162445068,0.4755117893218994,0.4836590886116028,0.511326253414154,0.4845772981643677,0.5348330736160278,0.5063870549201965,0.549281895160675,0.5277829766273499,0.49654802680015564,0.4904569089412689,0.5110547542572021,0.5118998885154724,0.5179659724235535,0.5373910665512085,0.5230234265327454,0.5601755976676941,0.48210760951042175,0.5209904909133911,0.4994150698184967,0.5523218512535095,0.5088564157485962,0.578186571598053,0.5164273977279663,0.6006650328636169,0.47102609276771545,0.5492883324623108,0.4898386597633362,0.5793098211288452,0.5008062124252319,0.6024531722068787,0.5103459358215332,0.621566116809845,0.46285077929496765,0.5731289386749268,0.47892069816589355,0.5999832153320312,0.4894845485687256,0.6187022924423218,0.49946701526641846,0.6372719407081604
agarrar,8,5,0.4494817852973938,0.5223187804222107,0.4813573360443115,0.4942869544029236,0.5168386101722717,0.49880704283714294,0.5388625264167786,0.5197248458862305,0.5497055649757385,0.5383099317550659,0.49785155057907104,0.5008565187454224,0.5106289386749268,0.5205922722816467,0.5181768536567688,0.5438537001609802,0.5241581201553345,0.5655856132507324,0.48334643244743347,0.5312002897262573,0.5006090402603149,0.5606069564819336,0.5106889605522156,0.5860818028450012,0.5185911655426025,0.6094182133674622,0.47236764430999756,0.5601178407669067,0.4912292957305908,0.5890321135520935,0.5021153092384338,0.611231803894043,0.5115482211112976,0.629724383354187,0.46423691511154175,0.5844494104385376,0.4788905382156372,0.6110774278640747,0.48834332823753357,0.6285678744316101,0.4971652328968048,0.6447488069534302
agarrar,8,6,0.45645061135292053,0.5327356457710266,0.4880638122558594,0.5057343244552612,0.522084653377533,0.5147097706794739,0.5430649518966675,0.5465143918991089,0.554374635219574,0.5768114924430847,0.5012946724891663,0.5086092352867126,0.5140277147293091,0.5263109803199768,0.5203237533569336,0.5484024286270142,0.5247468948364258,0.5684431791305542,0.4855835437774658,0.5373726487159729,0.5000179409980774,0.5640509128570557,0.5089487433433533,0.5890216827392578,0.5150120258331299,0.6107111573219299,0.4733874201774597,0.5659981369972229,0.4899735450744629,0.59412682056427,0.5008068084716797,0.618485152721405,0.509566068649292,0.638546347618103,0.46477627754211426,0.5914371013641357,0.4780748188495636,0.6177651286125183,0.4885624647140503,0.6359609961509705,0.4982457458972931,0.6536682844161987
agarrar,8,7,0.4502370357513428,0.532514750957489,0.4846957325935364,0.5028246641159058,0.5204842686653137,0.5160934925079346,0.5410337448120117,0.5540191531181335,0.5497174859046936,0.5882712602615356,0.49906104803085327,0.5092898607254028,0.5116705894470215,0.5289029479026794,0.517219603061676,0.5522668361663818,0.5210742950439453,0.5737212300300598,0.48244568705558777,0.5397878885269165,0.4969143271446228,0.5687674880027771,0.5047014951705933,0.5946967601776123,0.5101997256278992,0.6168469190597534,0.4707145392894745,0.5691183805465698,0.4861215651035309,0.5984422564506531,0.49554315209388733,0.6220000982284546,0.5034555196762085,0.6403764486312866,0.4635906219482422,0.5945996642112732,0.47753751277923584,0.6221643090248108,0.48685339093208313,0.6395322680473328,0.4952898919582367,0.6547533869743347
agarrar,8,8,0.44963768124580383,0.5249279737472534,0.4839782416820526,0.5001154541969299,0.5190878510475159,0.5127522945404053,0.5386280417442322,0.5488177537918091,0.5471538305282593,0.5825835466384888,0.4982953369617462,0.5006003975868225,0.5084937810897827,0.5204788446426392,0.5118036270141602,0.5467589497566223,0.5131818056106567,0.5740100741386414,0.4814412593841553,0.5303530097007751,0.49339044094085693,0.5682181715965271,0.49893027544021606,0.6007290482521057,0.5022256970405579,0.6306086182594299,0.4688541889190674,0.5597206354141235,0.4805702567100525,0.5980973243713379,0.48646819591522217,0.6276034116744995,0.49056434631347656,0.6510093808174133,0.46048596501350403,0.5861909985542297,0.4698541462421417,0.6197782158851624,0.4741642475128174,0.6408249735832214,0.4772580564022064,0.6594472527503967
agarrar,8,9,0.44117772579193115,0.5294189453125,0.475867360830307,0.4985523819923401,0.513107419013977,0.5058898329734802,0.5326610803604126,0.5420004725456238,0.5400714874267578,0.5799189209938049,0.49095314741134644,0.49336978793144226,0.5015480518341064,0.5117296576499939,0.5055983662605286,0.5385450124740601,0.5081194043159485,0.5663997530937195,0.47501158714294434,0.5272805094718933,0.48829135298728943,0.5652883648872375,0.49499788880348206,0.5987062454223633,0.4999045133590698,0.6272284388542175,0.46395793557167053,0.5605430603027344,0.48038652539253235,0.5993882417678833,0.48820748925209045,0.6273749470710754,0.49339136481285095,0.6453995108604431,0.45821070671081543,0.5923013091087341,0.475620299577713,0.6257944107055664,0.481279581785202,0.6443791389465332,0.48465922474861145,0.6564972996711731
agarrar,8,10,0.4418867826461792,0.5377334952354431,0.4723573625087738,0.49879154562950134,0.5085386633872986,0.5046138763427734,0.5278798341751099,0.5434804558753967,0.5351693630218506,0.5848175883293152,0.48399674892425537,0.49457162618637085,0.4967856705188751,0.5054808855056763,0.4998725950717926,0.5292089581489563,0.5018724203109741,0.5563462376594543,0.4728233814239502,0.5337990522384644,0.4837045967578888,0.5639628767967224,0.48802706599235535,0.5909420847892761,0.4906248450279236,0.6162412762641907,0.4652937650680542,0.5710880756378174,0.4774445593357086,0.6024419665336609,0.48116183280944824,0.6247411966323853,0.482471227645874,0.6422324776649475,0.4614408612251282,0.6046348810195923,0.4718283414840698,0.6362213492393494,0.47144556045532227,0.6523094773292542,0.46961578726768494,0.6652746200561523
agarrar,8,11,0.44250619411468506,0.5387295484542847,0.47479620575904846,0.4999624192714691,0.5079956650733948,0.5053049325942993,0.5242056846618652,0.5435507297515869,0.5283346772193909,0.5821383595466614,0.4853321313858032,0.5027359127998352,0.4934195578098297,0.5136440992355347,0.49424082040786743,0.5344984531402588,0.4944181442260742,0.5602464079856873,0.47488096356391907,0.542245626449585,0.48278307914733887,0.5725136995315552,0.48430678248405457,0.5982224941253662,0.4827721118927002,0.6231887340545654,0.4685360789299011,0.5788704752922058,0.4770246744155884,0.6117650270462036,0.4780680537223816,0.6347411870956421,0.4764319062232971,0.654330313205719,0.46487268805503845,0.6114906668663025,0.47099769115448,0.6432591676712036,0.46750643849372864,0.6582214832305908,0.4635421931743622,0.6711592078208923
agarrar,8,12,0.43781188130378723,0.5360438823699951,0.4704878330230713,0.5000214576721191,0.5052345395088196,0.507348895072937,0.5220192670822144,0.5466028451919556,0.5288835167884827,0.5834378600120544,0.47930416464805603,0.4948037266731262,0.4887608587741852,0.5083308815956116,0.49135637283325195,0.5331711769104004,0.4928782284259796,0.5612595677375793,0.4679863452911377,0.533550500869751,0.4791679382324219,0.5682441592216492,0.4824470579624176,0.5961706042289734,0.48239222168922424,0.6217384934425354,0.4616950750350952,0.5709633231163025,0.4739820063114166,0.6082147359848022,0.4765249490737915,0.6335506439208984,0.47552499175071716,0.6532523036003113,0.4588387608528137,0.6050904393196106,0.4702114164829254,0.6386630535125732,0.46903806924819946,0.6558266878128052,0.4658275842666626,0.6690545678138733
agarrar,8,13,0.43371254205703735,0.5370862483978271,0.46554356813430786,0.49781090021133423,0.5019541382789612,0.5034130215644836,0.5210516452789307,0.5419252514839172,0.5282734632492065,0.5815074443817139,0.4788256287574768,0.4979149103164673,0.48938605189323425,0.5090342164039612,0.4920569360256195,0.5325455665588379,0.49367430806159973,0.5601431727409363,0.46785223484039307,0.538431704044342,0.48046040534973145,0.5700451135635376,0.48411789536476135,0.5978851318359375,0.48437196016311646,0.6236288547515869,0.46139010787010193,0.5762954950332642,0.47527486085891724,0.6094940900802612,0.47843965888023376,0.6335444450378418,0.4781879484653473,0.6522751450538635,0.4586499333381653,0.6101163029670715,0.47092288732528687,0.6398484706878662,0.46991851925849915,0.6560322642326355,0.4670766592025757,0.669220507144928
agarrar,8,14,0.43592214584350586,0.5383273363113403,0.46635040640830994,0.4978258013725281,0.5011692643165588,0.5002884864807129,0.5222426652908325,0.5370326638221741,0.5306367874145508,0.577216386795044,0.4768735468387604,0.4932146966457367,0.4903688430786133,0.5055098533630371,0.4955979287624359,0.5305624604225159,0.49911201000213623,0.5583231449127197,0.4658205509185791,0.5327158570289612,0.4798904061317444,0.56341552734375,0.4848341643810272,0.5924548506736755,0.4869048297405243,0.619071364402771,0.45938554406166077,0.5709711909294128,0.4747198224067688,0.6024770140647888,0.48045751452445984,0.6270517706871033,0.4824458956718445,0.6460605263710022,0.45662352442741394,0.6040340065956116,0.4699057638645172,0.6377418637275696,0.4716879725456238,0.6548857688903809,0.47109946608543396,0.6671525239944458
agarrar,8,15,0.43423396348953247,0.534223735332489,0.4615269899368286,0.49450159072875977,0.4957980811595917,0.48961350321769714,0.5195028185844421,0.5182510614395142,0.5299955606460571,0.5571416020393372,0.4716731607913971,0.4824758768081665,0.48720061779022217,0.49195459485054016,0.4954453110694885,0.5140479803085327,0.5026224255561829,0.5375867486000061,0.46219876408576965,0.5219166874885559,0.4790501892566681,0.5446644425392151,0.48881036043167114,0.5712608098983765,0.4958309829235077,0.595221221446991,0.4566805958747864,0.5614086389541626,0.4739634096622467,0.5868156552314758,0.4836864769458771,0.6112592220306396,0.49022090435028076,0.6291775107383728,0.45474305748939514,0.5966482758522034,0.4725179374217987,0.6249138116836548,0.48125144839286804,0.6428370475769043,0.48786163330078125,0.6568187475204468
agarrar,8,16,0.4337136745452881,0.5290288925170898,0.4588838517665863,0.4906232953071594,0.49119701981544495,0.48127925395965576,0.5164397954940796,0.5000301599502563,0.5315967798233032,0.53082674741745,0.46744245290756226,0.4736276865005493,0.48364517092704773,0.478289395570755,0.4958251714706421,0.49341094493865967,0.506649911403656,0.5085294842720032,0.4589129388332367,0.5111234188079834,0.47908732295036316,0.5251436233520508,0.49233362078666687,0.5409386157989502,0.5030843615531921,0.5525454878807068,0.4538986384868622,0.5495436191558838,0.47406166791915894,0.562751293182373,0.487251341342926,0.5745492577552795,0.49752941727638245,0.5793978571891785,0.4516926407814026,0.5854910612106323,0.4731188118457794,0.6022502779960632,0.4833718538284302,0.6123241186141968,0.4911337196826935,0.6190842390060425
agarrar,8,17,0.4309227168560028,0.5211806297302246,0.453947514295578,0.4900320768356323,0.48626476526260376,0.47676408290863037,0.5129104256629944,0.48580217361450195,0.5313186049461365,0.5063795447349548,0.4649423062801361,0.4638286530971527,0.48485052585601807,0.463323175907135,0.5017420649528503,0.472748339176178,0.5159085392951965,0.48335644602775574,0.45469704270362854,0.49507978558540344,0.4782293438911438,0.5039625763893127,0.49623793363571167,0.5155649185180664,0.5105253458023071,0.5246882438659668,0.44632667303085327,0.5317733883857727,0.470698744058609,0.539840579032898,0.4881996214389801,0.5491937398910522,0.502604603767395,0.5525442361831665,0.44038718938827515,0.5680789947509766,0.46080300211906433,0.5794407725334167,0.4750698506832123,0.5847980380058289,0.4881970286369324,0.5868929624557495
agarrar,8,18,0.42654889822006226,0.5206670761108398,0.44878146052360535,0.4881930351257324,0.47778722643852234,0.46484100818634033,0.5025613903999329,0.46294355392456055,0.5212671160697937,0.4708629548549652,0.46374115347862244,0.45047110319137573,0.48770228028297424,0.4476569890975952,0.5069419741630554,0.452839732170105,0.5237745046615601,0.4588920474052429,0.4546862542629242,0.4816357493400574,0.48172804713249207,0.4842536449432373,0.5045287013053894,0.4910757541656494,0.5248807668685913,0.4977177679538727,0.44699767231941223,0.5197362303733826,0.47246065735816956,0.522439181804657,0.49315452575683594,0.5282709002494812,0.5128452181816101,0.5310270190238953,0.4409849941730499,0.5584983229637146,0.4605850279331207,0.5650137662887573,0.4764624536037445,0.5675027370452881,0.4932904541492462,0.5700812935829163
agarrar,8,19,0.4225228726863861,0.5236122012138367,0.44447752833366394,0.49467983841896057,0.47203293442726135,0.4716090261936188,0.49568673968315125,0.46673864126205444,0.5147479176521301,0.46819737553596497,0.4607900381088257,0.447275847196579,0.49542236328125,0.43725767731666565,0.5176194906234741,0.4426786005496979,0.5362807512283325,0.44870221614837646,0.453337699174881,0.47445613145828247,0.4886149764060974,0.46831628680229187,0.5140016078948975,0.47651222348213196,0.5348069667816162,0.48423492908477783,0.4462345540523529,0.5111009478569031,0.47951740026474,0.5092958211898804,0.5036139488220215,0.5177804827690125,0.5244138240814209,0.5230919122695923,0.44117027521133423,0.5509477257728577,0.4663808345794678,0.553776204586029,0.48431625962257385,0.5565263628959656,0.5009291172027588,0.5585936903953552
agarrar,9,0,0.4494817852973938,0.5223187804222107,0.4813573360443115,0.4942869544029236,0.5168386101722717,0.49880704283714294,0.5388625264167786,0.5197248458862305,0.5497055649757385,0.5383099317550659,0.49785155057907104,0.5008565187454224,0.5106289386749268,0.5205922722816467,0.5181768536567688,0.5438537001609802,0.5241581201553345,0.5655856132507324,0.48334643244743347,0.5312002897262573,0.5006090402603149,0.5606069564819336,0.5106889605522156,0.5860818028450012,0.5185911655426025,0.6094182133674622,0.47236764430999756,0.5601178407669067,0.4912292957305908,0.5890321135520935,0.5021153092384338,0.611231803894043,0.5115482211112976,0.629724383354187,0.46423691511154175,0.5844494104385376,0.4788905382156372,0.6110774278640747,0.48834332823753357,0.6285678744316101,0.4971652328968048,0.6447488069534302
agarrar,9,1,0.45645061135292053,0.5327356457710266,0.4880638122558594,0.5057343244552612,0.522084653377533,0.5147097706794739,0.5430649518966675,0.5465143918991089,0.554374635219574,0.5768114924430847,0.5012946724891663,0.5086092352867126,0.5140277147293091,0.5263109803199768,0.5203237533569336,0.5484024286270142,0.5247468948364258,0.5684431791305542,0.4855835437774658,0.5373726487159729,0.5000179409980774,0.5640509128570557,0.5089487433433533,0.5890216827392578,0.5150120258331299,0.6107111573219299,0.4733874201774597,0.5659981369972229,0.4899735450744629,0.59412682056427,0.5008068084716797,0.618485152721405,0.509566068649292,0.638546347618103,0.46477627754211426,0.5914371013641357,0.4780748188495636,0.6177651286125183,0.4885624647140503,0.6359609961509705,0.4982457458972931,0.6536682844161987
agarrar,9,2,0.4502370357513428,0.532514750957489,0.4846957325935364,0.5028246641159058,0.5204842686653137,0.5160934925079346,0.5410337448120117,0.5540191531181335,0.5497174859046936,0.5882712602615356,0.49906104803085327,0.5092898607254028,0.5116705894470215,0.5289029479026794,0.517219603061676,0.5522668361663818,0.5210742950439453,0.5737212300300598,0.48244568705558777,0.5397878885269165,0.4969143271446228,0.5687674880027771,0.5047014951705933,0.5946967601776123,0.5101997256278992,0.6168469190597534,0.4707145392894745,0.5691183805465698,0.4861215651035309,0.5984422564506531,0.49554315209388733,0.6220000982284546,0.5034555196762085,0.6403764486312866,0.4635906219482422,0.5945996642112732,0.47753751277923584,0.6221643090248108,0.48685339093208313,0.6395322680473328,0.4952898919582367,0.6547533869743347
agarrar,9,3,0.44963768124580383,0.5249279737472534,0.4839782416820526,0.5001154541969299,0.5190878510475159,0.5127522945404053,0.5386280417442322,0.5488177537918091,0.5471538305282593,0.5825835466384888,0.4982953369617462,0.5006003975868225,0.5084937810897827,0.5204788446426392,0.5118036270141602,0.5467589497566223,0.5131818056106567,0.5740100741386414,0.4814412593841553,0.5303530097007751,0.49339044094085693,0.5682181715965271,0.49893027544021606,0.6007290482521057,0.5022256970405579,0.6306086182594299,0.4688541889190674,0.5597206354141235,0.4805702567100525,0.5980973243713379,0.48646819591522217,0.6276034116744995,0.49056434631347656,0.6510093808174133,0.46048596501350403,0.5861909985542297,0.4698541462421417,0.6197782158851624,0.4741642475128174,0.6408249735832214,0.4772580564022064,0.6594472527503967
agarrar,9,4,0.44117772579193115,0.5294189453125,0.475867360830307,0.4985523819923401,0.513107419013977,0.5058898329734802,0.5326610803604126,0.5420004725456238,0.5400714874267578,0.5799189209938049,0.49095314741134644,0.49336978793144226,0.5015480518341064,0.5117296576499939,0.5055983662605286,0.5385450124740601,0.5081194043159485,0.5663997530937195,0.47501158714294434,0.5272805094718933,0.48829135298728943,0.5652883648872375,0.49499788880348206,0.5987062454223633,0.4999045133590698,0.6272284388542175,0.46395793557167053,0.5605430603027344,0.48038652539253235,0.5993882417678833,0.48820748925209045,0.6273749470710754,0.49339136481285095,0.6453995108604431,0.45821070671081543,0.5923013091087341,0.475620299577713,0.6257944107055664,0.481279581785202,0.6443791389465332,0.48465922474861145,0.6564972996711731
agarrar,9,5,0.4418867826461792,0.5377334952354431,0.4723573625087738,0.49879154562950134,0.5085386633872986,0.5046138763427734,0.5278798341751099,0.5434804558753967,0.5351693630218506,0.5848175883293152,0.48399674892425537,0.49457162618637085,0.4967856705188751,0.5054808855056763,0.4998725950717926,0.5292089581489563,0.5018724203109741,0.5563462376594543,0.4728233814239502,0.5337990522384644,0.4837045967578888,0.5639628767967224,0.48802706599235535,0.5909420847892761,0.4906248450279236,0.6162412762641907,0.4652937650680542,0.5710880756378174,0.4774445593357086,0.6024419665336609,0.48116183280944824,0.6247411966323853,0.482471227645874,0.6422324776649475,0.4614408612251282,0.6046348810195923,0.4718283414840698,0.6362213492393494,0.47144556045532227,0.6523094773292542,0.46961578726768494,0.6652746200561523
agarrar,9,6,0.44250619411468506,0.5387295484542847,0.47479620575904846,0.4999624192714691,0.5079956650733948,0.5053049325942993,0.5242056846618652,0.5435507297515869,0.5283346772193909,0.5821383595466614,0.4853321313858032,0.5027359127998352,0.4934195578098297,0.5136440992355347,0.49424082040786743,0.5344984531402588,0.4944181442260742,0.5602464079856873,0.47488096356391907,0.542245626449585,0.48278307914733887,0.5725136995315552,0.48430678248405457,0.5982224941253662,0.4827721118927002,0.6231887340545654,0.4685360789299011,0.5788704752922058,0.4770246744155884,0.6117650270462036,0.4780680537223816,0.6347411870956421,0.4764319062232971,0.654330313205719,0.46487268805503845,0.6114906668663025,0.47099769115448,0.6432591676712036,0.46750643849372864,0.6582214832305908,0.4635421931743622,0.6711592078208923
agarrar,9,7,0.43781188130378723,0.5360438823699951,0.4704878330230713,0.5000214576721191,0.5052345395088196,0.507348895072937,0.5220192670822144,0.5466028451919556,0.5288835167884827,0.5834378600120544,0.47930416464805603,0.4948037266731262,0.4887608587741852,0.5083308815956116,0.49135637283325195,0.5331711769104004,0.4928782284259796,0.5612595677375793,0.4679863452911377,0.533550500869751,0.4791679382324219,0.5682441592216492,0.4824470579624176,0.5961706042289734,0.48239222168922424,0.6217384934425354,0.4616950750350952,0.5709633231163025,0.4739820063114166,0.6082147359848022,0.4765249490737915,0.6335506439208984,0.47552499175071716,0.6532523036003113,0.4588387608528137,0.6050904393196106,0.4702114164829254,0.6386630535125732,0.46903806924819946,0.6558266878128052,0.4658275842666626,0.6690545678138733
agarrar,9,8,0.43371254205703735,0.5370862483978271,0.46554356813430786,0.49781090021133423,0.5019541382789612,0.5034130215644836,0.5210516452789307,0.5419252514839172,0.5282734632492065,0.5815074443817139,0.4788256287574768,0.4979149103164673,0.48938605189323425,0.5090342164039612,0.4920569360256195,0.5325455665588379,0.49367430806159973,0.5601431727409363,0.46785223484039307,0.538431704044342,0.48046040534973145,0.5700451135635376,0.48411789536476135,0.5978851318359375,0.48437196016311646,0.6236288547515869,0.46139010787010193,0.5762954950332642,0.47527486085891724,0.6094940900802612,0.47843965888023376,0.6335444450378418,0.4781879484653473,0.6522751450538635,0.4586499333381653,0.6101163029670715,0.47092288732528687,0.6398484706878662,0.46991851925849915,0.6560322642326355,0.4670766592025757,0.669220507144928
agarrar,9,9,0.43592214584350586,0.5383273363113403,0.46635040640830994,0.4978258013725281,0.5011692643165588,0.5002884864807129,0.5222426652908325,0.5370326638221741,0.5306367874145508,0.577216386795044,0.4768735468387604,0.4932146966457367,0.4903688430786133,0.5055098533630371,0.4955979287624359,0.5305624604225159,0.49911201000213623,0.5583231449127197,0.4658205509185791,0.5327158570289612,0.4798904061317444,0.56341552734375,0.4848341643810272,0.5924548506736755,0.4869048297405243,0.619071364402771,0.45938554406166077,0.5709711909294128,0.4747198224067688,0.6024770140647888,0.48045751452445984,0.6270517706871033,0.4824458956718445,0.6460605263710022,0.45662352442741394,0.6040340065956116,0.4699057638645172,0.6377418637275696,0.4716879725456238,0.6548857688903809,0.47109946608543396,0.6671525239944458
agarrar,9,10,0.43423396348953247,0.534223735332489,0.4615269899368286,0.49450159072875977,0.4957980811595917,0.48961350321769714,0.5195028185844421,0.5182510614395142,0.5299955606460571,0.5571416020393372,0.4716731607913971,0.4824758768081665,0.48720061779022217,0.49195459485054016,0.4954453110694885,0.5140479803085327,0.5026224255561829,0.5375867486000061,0.46219876408576965,0.5219166874885559,0.4790501892566681,0.5446644425392151,0.48881036043167114,0.5712608098983765,0.4958309829235077,0.595221221446991,0.4566805958747864,0.5614086389541626,0.4739634096622467,0.5868156552314758,0.4836864769458771,0.6112592220306396,0.49022090435028076,0.6291775107383728,0.45474305748939514,0.5966482758522034,0.4725179374217987,0.6249138116836548,0.48125144839286804,0.6428370475769043,0.48786163330078125,0.6568187475204468
agarrar,9,11,0.4337136745452881,0.5290288925170898,0.4588838517665863,0.4906232953071594,0.49119701981544495,0.48127925395965576,0.5164397954940796,0.5000301599502563,0.5315967798233032,0.53082674741745,0.46744245290756226,0.4736276865005493,0.48364517092704773,0.478289395570755,0.4958251714706421,0.49341094493865967,0.506649911403656,0.5085294842720032,0.4589129388332367,0.5111234188079834,0.47908732295036316,0.5251436233520508,0.49233362078666687,0.5409386157989502,0.5030843615531921,0.5525454878807068,0.4538986384868622,0.5495436191558838,0.47406166791915894,0.562751293182373,0.487251341342926,0.5745492577552795,0.49752941727638245,0.5793978571891785,0.4516926407814026,0.5854910612106323,0.4731188118457794,0.6022502779960632,0.4833718538284302,0.6123241186141968,0.4911337196826935,0.6190842390060425
agarrar,9,12,0.4309227168560028,0.5211806297302246,0.453947514295578,0.4900320768356323,0.48626476526260376,0.47676408290863037,0.5129104256629944,0.48580217361450195,0.5313186049461365,0.5063795447349548,0.4649423062801361,0.4638286530971527,0.48485052585601807,0.463323175907135,0.5017420649528503,0.472748339176178,0.5159085392951965,0.48335644602775574,0.45469704270362854,0.49507978558540344,0.4782293438911438,0.5039625763893127,0.49623793363571167,0.5155649185180664,0.5105253458023071,0.5246882438659668,0.44632667303085327,0.5317733883857727,0.470698744058609,0.539840579032898,0.4881996214389801,0.5491937398910522,0.502604603767395,0.5525442361831665,0.44038718938827515,0.5680789947509766,0.46080300211906433,0.5794407725334167,0.4750698506832123,0.5847980380058289,0.4881970286369324,0.5868929624557495
agarrar,9,13,0.42654889822006226,0.5206670761108398,0.44878146052360535,0.4881930351257324,0.47778722643852234,0.46484100818634033,0.5025613903999329,0.46294355392456055,0.5212671160697937,0.4708629548549652,0.46374115347862244,0.45047110319137573,0.48770228028297424,0.4476569890975952,0.5069419741630554,0.452839732170105,0.5237745046615601,0.4588920474052429,0.4546862542629242,0.4816357493400574,0.48172804713249207,0.4842536449432373,0.5045287013053894,0.4910757541656494,0.5248807668685913,0.4977177679538727,0.44699767231941223,0.5197362303733826,0.47246065735816956,0.522439181804657,0.49315452575683594,0.5282709002494812,0.5128452181816101,0.5310270190238953,0.4409849941730499,0.5584983229637146,0.4605850279331207,0.5650137662887573,0.4764624536037445,0.5675027370452881,0.4932904541492462,0.5700812935829163
agarrar,9,14,0.4225228726863861,0.5236122012138367,0.44447752833366394,0.49467983841896057,0.47203293442726135,0.4716090261936188,0.49568673968315125,0.46673864126205444,0.5147479176521301,0.46819737553596497,0.4607900381088257,0.447275847196579,0.49542236328125,0.43725767731666565,0.5176194906234741,0.4426786005496979,0.5362807512283325,0.44870221614837646,0.453337699174881,0.47445613145828247,0.4886149764060974,0.46831628680229187,0.5140016078948975,0.47651222348213196,0.5348069667816162,0.48423492908477783,0.4462345540523529,0.5111009478569031,0.47951740026474,0.5092958211898804,0.5036139488220215,0.5177804827690125,0.5244138240814209,0.5230919122695923,0.44117027521133423,0.5509477257728577,0.4663808345794678,0.553776204586029,0.48431625962257385,0.5565263628959656,0.5009291172027588,0.5585936903953552
agarrar,9,15,0.5892354249954224,0.6699979305267334,0.5726669430732727,0.607598066329956,0.5426381230354309,0.5731675624847412,0.5119066834449768,0.5717614889144897,0.49156391620635986,0.5893731713294983,0.538677990436554,0.5978779196739197,0.5048316121101379,0.612453043460846,0.48517894744873047,0.6270579695701599,0.4692319929599762,0.641704797744751,0.5358999371528625,0.6372163891792297,0.49977245926856995,0.6580358743667603,0.47612464427948,0.6731022000312805,0.45902663469314575,0.6862368583679199,0.5346521735191345,0.6718634366989136,0.5000216364860535,0.6879122853279114,0.477281391620636,0.6974637508392334,0.46091973781585693,0.7053173780441284,0.535528838634491,0.701029896736145,0.5078005790710449,0.7123544216156006,0.48929405212402344,0.7207754254341125,0.4743235409259796,0.7273748517036438
agarrar,9,16,0.5904260873794556,0.6650079488754272,0.580560028553009,0.6031402349472046,0.5568206906318665,0.5663549304008484,0.5271438956260681,0.5655705332756042,0.5069612860679626,0.5753093361854553,0.5412362813949585,0.6149303317070007,0.5096035003662109,0.6287391185760498,0.48783063888549805,0.6397663354873657,0.46863797307014465,0.6510960459709167,0.5388730764389038,0.6540768146514893,0.5032606720924377,0.6665931344032288,0.47519543766975403,0.6729982495307922,0.4526614546775818,0.6807451248168945,0.5386473536491394,0.680176854133606,0.5039782524108887,0.6872937083244324,0.47845658659935,0.6912485361099243,0.45777592062950134,0.6942764520645142,0.540397047996521,0.6975610256195068,0.510848879814148,0.7029982209205627,0.49114543199539185,0.7062875032424927,0.47453126311302185,0.707996129989624
agarrar,9,17,0.6048269867897034,0.6670049428939819,0.5944409966468811,0.6032519936561584,0.572104275226593,0.5667774677276611,0.5445188879966736,0.5575476884841919,0.5233622193336487,0.5558831691741943,0.5518923997879028,0.6187514066696167,0.5130338668823242,0.6314128637313843,0.48906421661376953,0.6398971676826477,0.46902069449424744,0.6470898389816284,0.5489757061004639,0.6560085415840149,0.5060300827026367,0.66526198387146,0.4772384762763977,0.664294421672821,0.4540359675884247,0.6628679037094116,0.5477719306945801,0.6803819537162781,0.5077728629112244,0.6841752529144287,0.48183029890060425,0.6831184029579163,0.46037840843200684,0.6811455488204956,0.5483025908470154,0.6932901740074158,0.5170935392379761,0.69493168592453,0.4976179599761963,0.6936978101730347,0.4814073145389557,0.6915100812911987
agarrar,9,18,0.4294677674770355,0.5591346025466919,0.4594942033290863,0.547235906124115,0.4841763377189636,0.5169488787651062,0.5045604109764099,0.4990842938423157,0.5206294655799866,0.49489304423332214,0.4729326069355011,0.46531611680984497,0.5087432861328125,0.46226081252098083,0.5286201238632202,0.48968127369880676,0.5371395945549011,0.5166961550712585,0.46496495604515076,0.47454679012298584,0.5062839388847351,0.4709416329860687,0.5273064374923706,0.5058605074882507,0.5349059104919434,0.5364121198654175,0.4584595561027527,0.49838605523109436,0.49782663583755493,0.49178624153137207,0.5194581747055054,0.5215001106262207,0.5303114652633667,0.5468023419380188,0.4535551965236664,0.5304002165794373,0.48430365324020386,0.528766393661499,0.5021584630012512,0.5425238609313965,0.5131637454032898,0.5567747950553894
agarrar,9,19,0.43249791860580444,0.5816726088523865,0.4708768129348755,0.5855640769004822,0.49607226252555847,0.5597529411315918,0.5136045813560486,0.5414539575576782,0.5251849293708801,0.5311076641082764,0.4829983711242676,0.48645031452178955,0.5168260335922241,0.4825102686882019,0.5326750874519348,0.5126587748527527,0.5379297137260437,0.5424919128417969,0.47438204288482666,0.4901100993156433,0.5145578384399414,0.4890771210193634,0.5303497910499573,0.526669979095459,0.5339006185531616,0.5594162940979004,0.46700525283813477,0.5093833804130554,0.5036173462867737,0.504842221736908,0.521527111530304,0.5375344753265381,0.5284903645515442,0.5654475688934326,0.46079450845718384,0.5386306047439575,0.4896572232246399,0.5372132062911987,0.5060390830039978,0.5529942512512207,0.5149818658828735,0.5694172382354736
agarrar,10,0,0.4418867826461792,0.5377334952354431,0.4723573625087738,0.49879154562950134,0.5085386633872986,0.5046138763427734,0.5278798341751099,0.5434804558753967,0.5351693630218506,0.5848175883293152,0.48399674892425537,0.49457162618637085,0.4967856705188751,0.5054808855056763,0.4998725950717926,0.5292089581489563,0.5018724203109741,0.5563462376594543,0.4728233814239502,0.5337990522384644,0.4837045967578888,0.5639628767967224,0.48802706599235535,0.5909420847892761,0.4906248450279236,0.6162412762641907,0.4652937650680542,0.5710880756378174,0.4774445593357086,0.6024419665336609,0.48116183280944824,0.6247411966323853,0.482471227645874,0.6422324776649475,0.4614408612251282,0.6046348810195923,0.4718283414840698,0.6362213492393494,0.47144556045532227,0.6523094773292542,0.46961578726768494,0.6652746200561523
agarrar,10,1,0.44250619411468506,0.5387295484542847,0.47479620575904846,0.4999624192714691,0.5079956650733948,0.5053049325942993,0.5242056846618652,0.5435507297515869,0.5283346772193909,0.5821383595466614,0.4853321313858032,0.5027359127998352,0.4934195578098297,0.5136440992355347,0.49424082040786743,0.5344984531402588,0.4944181442260742,0.5602464079856873,0.47488096356391907,0.542245626449585,0.48278307914733887,0.5725136995315552,0.48430678248405457,0.5982224941253662,0.4827721118927002,0.6231887340545654,0.4685360789299011,0.5788704752922058,0.4770246744155884,0.6117650270462036,0.4780680537223816,0.6347411870956421,0.4764319062232971,0.654330313205719,0.46487268805503845,0.6114906668663025,0.47099769115448,0.6432591676712036,0.46750643849372864,0.6582214832305908,0.4635421931743622,0.6711592078208923
agarrar,10,2,0.43781188130378723,0.5360438823699951,0.4704878330230713,0.5000214576721191,0.5052345395088196,0.507348895072937,0.5220192670822144,0.5466028451919556,0.5288835167884827,0.5834378600120544,0.47930416464805603,0.4948037266731262,0.4887608587741852,0.5083308815956116,0.49135637283325195,0.5331711769104004,0.4928782284259796,0.5612595677375793,0.4679863452911377,0.533550500869751,0.4791679382324219,0.5682441592216492,0.4824470579624176,0.5961706042289734,0.48239222168922424,0.6217384934425354,0.4616950750350952,0.5709633231163025,0.4739820063114166,0.6082147359848022,0.4765249490737915,0.6335506439208984,0.47552499175071716,0.6532523036003113,0.4588387608528137,0.6050904393196106,0.4702114164829254,0.6386630535125732,0.46903806924819946,0.6558266878128052,0.4658275842666626,0.6690545678138733
agarrar,10,3,0.43371254205703735,0.5370862483978271,0.46554356813430786,0.49781090021133423,0.5019541382789612,0.5034130215644836,0.5210516452789307,0.5419252514839172,0.5282734632492065,0.5815074443817139,0.4788256287574768,0.4979149103164673,0.48938605189323425,0.5090342164039612,0.4920569360256195,0.5325455665588379,0.49367430806159973,0.5601431727409363,0.46785223484039307,0.538431704044342,0.48046040534973145,0.5700451135635376,0.48411789536476135,0.5978851318359375,0.48437196016311646,0.6236288547515869,0.46139010787010193,0.5762954950332642,0.47527486085891724,0.6094940900802612,0.47843965888023376,0.6335444450378418,0.4781879484653473,0.6522751450538635,0.4586499333381653,0.6101163029670715,0.47092288732528687,0.6398484706878662,0.46991851925849915,0.6560322642326355,0.4670766592025757,0.669220507144928
agarrar,10,4,0.43592214584350586,0.5383273363113403,0.46635040640830994,0.4978258013725281,0.5011692643165588,0.5002884864807129,0.5222426652908325,0.5370326638221741,0.5306367874145508,0.577216386795044,0.4768735468387604,0.4932146966457367,0.4903688430786133,0.5055098533630371,0.4955979287624359,0.5305624604225159,0.49911201000213623,0.5583231449127197,0.4658205509185791,0.5327158570289612,0.4798904061317444,0.56341552734375,0.4848341643810272,0.5924548506736755,0.4869048297405243,0.619071364402771,0.45938554406166077,0.5709711909294128,0.4747198224067688,0.6024770140647888,0.48045751452445984,0.6270517706871033,0.4824458956718445,0.6460605263710022,0.45662352442741394,0.6040340065956116,0.4699057638645172,0.6377418637275696,0.4716879725456238,0.6548857688903809,0.47109946608543396,0.6671525239944458
agarrar,10,5,0.43423396348953247,0.534223735332489,0.4615269899368286,0.49450159072875977,0.4957980811595917,0.48961350321769714,0.5195028185844421,0.5182510614395142,0.5299955606460571,0.5571416020393372,0.4716731607913971,0.4824758768081665,0.48720061779022217,0.49195459485054016,0.4954453110694885,0.5140479803085327,0.5026224255561829,0.5375867486000061,0.46219876408576965,0.5219166874885559,0.4790501892566681,0.5446644425392151,0.48881036043167114,0.5712608098983765,0.4958309829235077,0.595221221446991,0.4566805958747864,0.5614086389541626,0.4739634096622467,0.5868156552314758,0.4836864769458771,0.6112592220306396,0.49022090435028076,0.6291775107383728,0.45474305748939514,0.5966482758522034,0.4725179374217987,0.6249138116836548,0.48125144839286804,0.6428370475769043,0.48786163330078125,0.6568187475204468
agarrar,10,6,0.4337136745452881,0.5290288925170898,0.4588838517665863,0.4906232953071594,0.49119701981544495,0.48127925395965576,0.5164397954940796,0.5000301599502563,0.5315967798233032,0.53082674741745,0.46744245290756226,0.4736276865005493,0.48364517092704773,0.478289395570755,0.4958251714706421,0.49341094493865967,0.506649911403656,0.5085294842720032,0.4589129388332367,0.5111234188079834,0.47908732295036316,0.5251436233520508,0.49233362078666687,0.5409386157989502,0.5030843615531921,0.5525454878807068,0.4538986384868622,0.5495436191558838,0.47406166791915894,0.562751293182373,0.487251341342926,0.5745492577552795,0.49752941727638245,0.5793978571891785,0.4516926407814026,0.5854910612106323,0.4731188118457794,0.6022502779960632,0.4833718538284302,0.6123241186141968,0.4911337196826935,0.6190842390060425
agarrar,10,7,0.4309227168560028,0.5211806297302246,0.453947514295578,0.4900320768356323,0.48626476526260376,0.47676408290863037,0.5129104256629944,0.48580217361450195,0.5313186049461365,0.5063795447349548,0.4649423062801361,0.4638286530971527,0.48485052585601807,0.463323175907135,0.5017420649528503,0.472748339176178,0.5159085392951965,0.48335644602775574,0.45469704270362854,0.49507978558540344,0.4782293438911438,0.5039625763893127,0.49623793363571167,0.5155649185180664,0.5105253458023071,0.5246882438659668,0.44632667303085327,0.5317733883857727,0.470698744058609,0.539840579032898,0.4881996214389801,0.5491937398910522,0.502604603767395,0.5525442361831665,0.44038718938827515,0.5680789947509766,0.46080300211906433,0.5794407725334167,0.4750698506832123,0.5847980380058289,0.4881970286369324,0.5868929624557495
agarrar,10,8,0.42654889822006226,0.5206670761108398,0.44878146052360535,0.4881930351257324,0.47778722643852234,0.46484100818634033,0.5025613903999329,0.46294355392456055,0.5212671160697937,0.4708629548549652,0.46374115347862244,0.45047110319137573,0.48770228028297424,0.4476569890975952,0.5069419741630554,0.452839732170105,0.5237745046615601,0.4588920474052429,0.4546862542629242,0.4816357493400574,0.48172804713249207,0.4842536449432373,0.5045287013053894,0.4910757541656494,0.5248807668685913,0.4977177679538727,0.44699767231941223,0.5197362303733826,0.47246065735816956,0.522439181804657,0.49315452575683594,0.5282709002494812,0.5128452181816101,0.5310270190238953,0.4409849941730499,0.5584983229637146,0.4605850279331207,0.5650137662887573,0.4764624536037445,0.5675027370452881,0.4932904541492462,0.5700812935829163
agarrar,10,9,0.4225228726863861,0.5236122012138367,0.44447752833366394,0.49467983841896057,0.47203293442726135,0.4716090261936188,0.49568673968315125,0.46673864126205444,0.5147479176521301,0.46819737553596497,0.4607900381088257,0.447275847196579,0.49542236328125,0.43725767731666565,0.5176194906234741,0.4426786005496979,0.5362807512283325,0.44870221614837646,0.453337699174881,0.47445613145828247,0.4886149764060974,0.46831628680229187,0.5140016078948975,0.47651222348213196,0.5348069667816162,0.48423492908477783,0.4462345540523529,0.5111009478569031,0.47951740026474,0.5092958211898804,0.5036139488220215,0.5177804827690125,0.5244138240814209,0.5230919122695923,0.44117027521133423,0.5509477257728577,0.4663808345794678,0.553776204586029,0.48431625962257385,0.5565263628959656,0.5009291172027588,0.5585936903953552
agarrar,10,10,0.5892354249954224,0.6699979305267334,0.5726669430732727,0.607598066329956,0.5426381230354309,0.5731675624847412,0.5119066834449768,0.5717614889144897,0.49156391620635986,0.5893731713294983,0.538677990436554,0.5978779196739197,0.5048316121101379,0.612453043460846,0.48517894744873047,0.6270579695701599,0.4692319929599762,0.641704797744751,0.5358999371528625,0.6372163891792297,0.49977245926856995,0.6580358743667603,0.47612464427948,0.6731022000312805,0.45902663469314575,0.6862368583679199,0.5346521735191345,0.6718634366989136,0.5000216364860535,0.6879122853279114,0.477281391620636,0.6974637508392334,0.46091973781585693,0.7053173780441284,0.535528838634491,0.701029896736145,0.5078005790710449,0.7123544216156006,0.48929405212402344,0.7207754254341125,0.4743235409259796,0.7273748517036438
agarrar,10,11,0.5904260873794556,0.6650079488754272,0.580560028553009,0.6031402349472046,0.5568206906318665,0.5663549304008484,0.5271438956260681,0.5655705332756042,0.5069612860679626,0.5753093361854553,0.5412362813949585,0.6149303317070007,0.5096035003662109,0.6287391185760498,0.48783063888549805,0.6397663354873657,0.46863797307014465,0.6510960459709167,0.5388730764389038,0.6540768146514893,0.5032606720924377,0.6665931344032288,0.47519543766975403,0.6729982495307922,0.4526614546775818,0.6807451248168945,0.5386473536491394,0.680176854133606,0.5039782524108887,0.6872937083244324,0.47845658659935,0.6912485361099243,0.45777592062950134,0.6942764520645142,0.540397047996521,0.6975610256195068,0.510848879814148,0.7029982209205627,0.49114543199539185,0.7062875032424927,0.47453126311302185,0.707996129989624
agarrar,10,12,0.6048269867897034,0.6670049428939819,0.5944409966468811,0.6032519936561584,0.572104275226593,0.5667774677276611,0.5445188879966736,0.5575476884841919,0.5233622193336487,0.5558831691741943,0.5518923997879028,0.6187514066696167,0.5130338668823242,0.6314128637313843,0.48906421661376953,0.6398971676826477,0.46902069449424744,0.6470898389816284,0.5489757061004639,0.6560085415840149,0.5060300827026367,0.66526198387146,0.4772384762763977,0.664294421672821,0.4540359675884247,0.6628679037094116,0.5477719306945801,0.6803819537162781,0.5077728629112244,0.6841752529144287,0.48183029890060425,0.6831184029579163,0.46037840843200684,0.6811455488204956,0.5483025908470154,0.6932901740074158,0.5170935392379761,0.69493168592453,0.4976179599761963,0.6936978101730347,0.4814073145389557,0.6915100812911987
agarrar,10,13,0.4294677674770355,0.5591346025466919,0.4594942033290863,0.547235906124115,0.4841763377189636,0.5169488787651062,0.5045604109764099,0.4990842938423157,0.5206294655799866,0.49489304423332214,0.4729326069355011,0.46531611680984497,0.5087432861328125,0.46226081252098083,0.5286201238632202,0.48968127369880676,0.5371395945549011,0.5166961550712585,0.46496495604515076,0.47454679012298584,0.5062839388847351,0.4709416329860687,0.5273064374923706,0.5058605074882507,0.5349059104919434,0.5364121198654175,0.4584595561027527,0.49838605523109436,0.49782663583755493,0.49178624153137207,0.5194581747055054,0.5215001106262207,0.5303114652633667,0.5468023419380188,0.4535551965236664,0.5304002165794373,0.48430365324020386,0.528766393661499,0.5021584630012512,0.5425238609313965,0.5131637454032898,0.5567747950553894
agarrar,10,14,0.43249791860580444,0.5816726088523865,0.4708768129348755,0.5855640769004822,0.49607226252555847,0.5597529411315918,0.5136045813560486,0.5414539575576782,0.5251849293708801,0.5311076641082764,0.4829983711242676,0.48645031452178955,0.5168260335922241,0.4825102686882019,0.5326750874519348,0.5126587748527527,0.5379297137260437,0.5424919128417969,0.47438204288482666,0.4901100993156433,0.5145578384399414,0.4890771210193634,0.5303497910499573,0.526669979095459,0.5339006185531616,0.5594162940979004,0.46700525283813477,0.5093833804130554,0.5036173462867737,0.504842221736908,0.521527111530304,0.5375344753265381,0.5284903645515442,0.5654475688934326,0.46079450845718384,0.5386306047439575,0.4896572232246399,0.5372132062911987,0.5060390830039978,0.5529942512512207,0.5149818658828735,0.5694172382354736
agarrar,10,15,0.6215290427207947,0.6835731267929077,0.6159826517105103,0.6184118986129761,0.5964909195899963,0.586700439453125,0.5711172819137573,0.5781378149986267,0.5501956939697266,0.5661438703536987,0.5702550411224365,0.6453741788864136,0.5305774807929993,0.6574367880821228,0.5078985095024109,0.6460250616073608,0.4925909638404846,0.6326119303703308,0.5637409687042236,0.6790978312492371,0.5196735262870789,0.675684928894043,0.4998590052127838,0.6507687568664551,0.489136666059494,0.6293890476226807,0.5607859492301941,0.6964799761772156,0.5189656019210815,0.6909307837486267,0.5008476972579956,0.6659929752349854,0.4910474717617035,0.6451017260551453,0.5603322386741638,0.7020564079284668,0.5260085463523865,0.6962953209877014,0.5092964172363281,0.6783283948898315,0.49974367022514343,0.6619859337806702
agarrar,10,16,0.6245568990707397,0.6939433217048645,0.6188254952430725,0.6318173408508301,0.5989948511123657,0.6006396412849426,0.5744789242744446,0.589165985584259,0.5547317266464233,0.5750156044960022,0.5736603736877441,0.6603561043739319,0.532289981842041,0.6706494688987732,0.5125448703765869,0.6546099185943604,0.5009528994560242,0.6374495029449463,0.5674414038658142,0.692833662033081,0.521953821182251,0.6867035627365112,0.506298840045929,0.6580818295478821,0.5011000633239746,0.6350738406181335,0.5648949146270752,0.7091171741485596,0.5229377746582031,0.7020906209945679,0.5082119703292847,0.6757363080978394,0.5023453831672668,0.654947817325592,0.5642423033714294,0.7134292721748352,0.5305578708648682,0.7062500715255737,0.5165901184082031,0.6880584359169006,0.5097813010215759,0.6715075969696045
agarrar,10,17,0.4340547025203705,0.6315029859542847,0.4746626317501068,0.6492187976837158,0.5015290379524231,0.6310199499130249,0.5192179083824158,0.6189843416213989,0.529782235622406,0.6117398142814636,0.49620237946510315,0.5521293878555298,0.5306545495986938,0.5585329532623291,0.5383447408676147,0.5980609059333801,0.537467360496521,0.6292746067047119,0.49027520418167114,0.5482301712036133,0.5299162864685059,0.5559178590774536,0.5375842452049255,0.601457953453064,0.5342782735824585,0.6350616812705994,0.4841035008430481,0.5596554279327393,0.5223665237426758,0.5614762306213379,0.531898558139801,0.603723406791687,0.5307305455207825,0.6363961100578308,0.47759073972702026,0.5823173522949219,0.5075612664222717,0.5845288634300232,0.5185116529464722,0.6102162003517151,0.5206874012947083,0.634591281414032
agarrar,10,18,0.4325525164604187,0.6526716351509094,0.47019705176353455,0.6688206195831299,0.4953014850616455,0.6510623097419739,0.5115118622779846,0.6381327509880066,0.5229784846305847,0.6285826563835144,0.49244794249534607,0.5757743120193481,0.5265927314758301,0.5810579657554626,0.5366755723953247,0.617503821849823,0.5368620157241821,0.6454561948776245,0.48836883902549744,0.5718353390693665,0.5278149843215942,0.5779524445533752,0.5376918315887451,0.6202758550643921,0.535378098487854,0.6505792140960693,0.48449233174324036,0.5818856954574585,0.523534893989563,0.584684431552887,0.5332798361778259,0.6240158081054688,0.5319291353225708,0.6531739830970764,0.4807495176792145,0.6043411493301392,0.5120572447776794,0.6095083355903625,0.5220794081687927,0.633564293384552,0.522732138633728,0.6549246311187744
agarrar,10,19,0.4352179765701294,0.668138861656189,0.47013968229293823,0.6825587749481201,0.4937177300453186,0.6677141189575195,0.5093629956245422,0.6585182547569275,0.520784854888916,0.6504697203636169,0.4944150745868683,0.5924828052520752,0.5298967361450195,0.5998231172561646,0.5396282076835632,0.6344674229621887,0.5380348563194275,0.6599071621894836,0.49106070399284363,0.590025782585144,0.5305382013320923,0.6003671884536743,0.5399629473686218,0.6407812237739563,0.5363620519638062,0.6683399081230164,0.48752355575561523,0.6014026999473572,0.5259228348731995,0.6095842719078064,0.5352144837379456,0.6472741961479187,0.5322301983833313,0.6741588711738586,0.4842880964279175,0.6257919669151306,0.5154430270195007,0.6354875564575195,0.5243751406669617,0.6595796942710876,0.5231665968894958,0.678775429725647
agarrar,11,0,0.43423396348953247,0.534223735332489,0.4615269899368286,0.49450159072875977,0.4957980811595917,0.48961350321769714,0.5195028185844421,0.5182510614395142,0.5299955606460571,0.5571416020393372,0.4716731607913971,0.4824758768081665,0.48720061779022217,0.49195459485054016,0.4954453110694885,0.5140479803085327,0.5026224255561829,0.5375867486000061,0.46219876408576965,0.5219166874885559,0.4790501892566681,0.5446644425392151,0.48881036043167114,0.5712608098983765,0.4958309829235077,0.595221221446991,0.4566805958747864,0.5614086389541626,0.4739634096622467,0.5868156552314758,0.4836864769458771,0.6112592220306396,0.49022090435028076,0.6291775107383728,0.45474305748939514,0.5966482758522034,0.4725179374217987,0.6249138116836548,0.48125144839286804,0.6428370475769043,0.48786163330078125,0.6568187475204468
agarrar,11,1,0.4337136745452881,0.5290288925170898,0.4588838517665863,0.4906232953071594,0.49119701981544495,0.48127925395965576,0.5164397954940796,0.5000301599502563,0.5315967798233032,0.53082674741745,0.46744245290756226,0.4736276865005493,0.48364517092704773,0.478289395570755,0.4958251714706421,0.49341094493865967,0.506649911403656,0.5085294842720032,0.4589129388332367,0.5111234188079834,0.47908732295036316,0.5251436233520508,0.49233362078666687,0.5409386157989502,0.5030843615531921,0.5525454878807068,0.4538986384868622,0.5495436191558838,0.47406166791915894,0.562751293182373,0.487251341342926,0.5745492577552795,0.49752941727638245,0.5793978571891785,0.4516926407814026,0.5854910612106323,0.4731188118457794,0.6022502779960632,0.4833718538284302,0.6123241186141968,0.4911337196826935,0.6190842390060425
agarrar,11,2,0.4309227168560028,0.5211806297302246,0.453947514295578,0.4900320768356323,0.48626476526260376,0.47676408290863037,0.5129104256629944,0.48580217361450195,0.5313186049461365,0.5063795447349548,0.4649423062801361,0.4638286530971527,0.48485052585601807,0.463323175907135,0.5017420649528503,0.472748339176178,0.5159085392951965,0.48335644602775574,0.45469704270362854,0.49507978558540344,0.4782293438911438,0.5039625763893127,0.49623793363571167,0.5155649185180664,0.5105253458023071,0.5246882438659668,0.44632667303085327,0.5317733883857727,0.470698744058609,0.539840579032898,0.4881996214389801,0.5491937398910522,0.502604603767395,0.5525442361831665,0.44038718938827515,0.5680789947509766,0.46080300211906433,0.5794407725334167,0.4750698506832123,0.5847980380058289,0.4881970286369324,0.5868929624557495
agarrar,11,3,0.42654889822006226,0.5206670761108398,0.44878146052360535,0.4881930351257324,0.47778722643852234,0.46484100818634033,0.5025613903999329,0.46294355392456055,0.5212671160697937,0.4708629548549652,0.46374115347862244,0.45047110319137573,0.48770228028297424,0.4476569890975952,0.5069419741630554,0.452839732170105,0.5237745046615601,0.4588920474052429,0.4546862542629242,0.4816357493400574,0.48172804713249207,0.4842536449432373,0.5045287013053894,0.4910757541656494,0.5248807668685913,0.4977177679538727,0.44699767231941223,0.5197362303733826,0.47246065735816956,0.522439181804657,0.49315452575683594,0.5282709002494812,0.5128452181816101,0.5310270190238953,0.4409849941730499,0.5584983229637146,0.4605850279331207,0.5650137662887573,0.4764624536037445,0.5675027370452881,0.4932904541492462,0.5700812935829163
agarrar,11,4,0.4225228726863861,0.5236122012138367,0.44447752833366394,0.49467983841896057,0.47203293442726135,0.4716090261936188,0.49568673968315125,0.46673864126205444,0.5147479176521301,0.46819737553596497,0.4607900381088257,0.447275847196579,0.49542236328125,0.43725767731666565,0.5176194906234741,0.4426786005496979,0.5362807512283325,0.44870221614837646,0.453337699174881,0.47445613145828247,0.4886149764060974,0.46831628680229187,0.5140016078948975,0.47651222348213196,0.5348069667816162,0.48423492908477783,0.4462345540523529,0.5111009478569031,0.47951740026474,0.5092958211898804,0.5036139488220215,0.5177804827690125,0.5244138240814209,0.5230919122695923,0.44117027521133423,0.5509477257728577,0.4663808345794678,0.553776204586029,0.48431625962257385,0.5565263628959656,0.5009291172027588,0.5585936903953552
agarrar,11,5,0.5892354249954224,0.6699979305267334,0.5726669430732727,0.607598066329956,0.5426381230354309,0.5731675624847412,0.5119066834449768,0.5717614889144897,0.49156391620635986,0.5893731713294983,0.538677990436554,0.5978779196739197,0.5048316121101379,0.612453043460846,0.48517894744873047,0.6270579695701599,0.4692319929599762,0.641704797744751,0.5358999371528625,0.6372163891792297,0.49977245926856995,0.6580358743667603,0.47612464427948,0.6731022000312805,0.45902663469314575,0.6862368583679199,0.5346521735191345,0.6718634366989136,0.5000216364860535,0.6879122853279114,0.477281391620636,0.6974637508392334,0.46091973781585693,0.7053173780441284,0.535528838634491,0.701029896736145,0.5078005790710449,0.7123544216156006,0.48929405212402344,0.7207754254341125,0.4743235409259796,0.7273748517036438
agarrar,11,6,0.5904260873794556,0.6650079488754272,0.580560028553009,0.6031402349472046,0.5568206906318665,0.5663549304008484,0.5271438956260681,0.5655705332756042,0.5069612860679626,0.5753093361854553,0.5412362813949585,0.6149303317070007,0.5096035003662109,0.6287391185760498,0.48783063888549805,0.6397663354873657,0.46863797307014465,0.6510960459709167,0.5388730764389038,0.6540768146514893,0.5032606720924377,0.6665931344032288,0.47519543766975403,0.6729982495307922,0.4526614546775818,0.6807451248168945,0.5386473536491394,0.680176854133606,0.5039782524108887,0.6872937083244324,0.47845658659935,0.6912485361099243,0.45777592062950134,0.6942764520645142,0.540397047996521,0.6975610256195068,0.510848879814148,0.7029982209205627,0.49114543199539185,0.7062875032424927,0.47453126311302185,0.707996129989624
agarrar,11,7,0.6048269867897034,0.6670049428939819,0.5944409966468811,0.6032519936561584,0.572104275226593,0.5667774677276611,0.5445188879966736,0.5575476884841919,0.5233622193336487,0.5558831691741943,0.5518923997879028,0.6187514066696167,0.5130338668823242,0.6314128637313843,0.48906421661376953,0.6398971676826477,0.46902069449424744,0.6470898389816284,0.5489757061004639,0.6560085415840149,0.5060300827026367,0.66526198387146,0.4772384762763977,0.664294421672821,0.4540359675884247,0.6628679037094116,0.5477719306945801,0.6803819537162781,0.5077728629112244,0.6841752529144287,0.48183029890060425,0.6831184029579163,0.46037840843200684,0.6811455488204956,0.5483025908470154,0.6932901740074158,0.5170935392379761,0.69493168592453,0.4976179599761963,0.6936978101730347,0.4814073145389557,0.6915100812911987
agarrar,11,8,0.4294677674770355,0.5591346025466919,0.4594942033290863,0.547235906124115,0.4841763377189636,0.5169488787651062,0.5045604109764099,0.4990842938423157,0.5206294655799866,0.49489304423332214,0.4729326069355011,0.46531611680984497,0.5087432861328125,0.46226081252098083,0.5286201238632202,0.48968127369880676,0.5371395945549011,0.5166961550712585,0.46496495604515076,0.47454679012298584,0.5062839388847351,0.4709416329860687,0.5273064374923706,0.5058605074882507,0.5349059104919434,0.5364121198654175,0.4584595561027527,0.49838605523109436,0.49782663583755493,0.49178624153137207,0.5194581747055054,0.5215001106262207,0.5303114652633667,0.5468023419380188,0.4535551965236664,0.5304002165794373,0.48430365324020386,0.528766393661499,0.5021584630012512,0.5425238609313965,0.5131637454032898,0.5567747950553894
agarrar,11,9,0.43249791860580444,0.5816726088523865,0.4708768129348755,0.5855640769004822,0.49607226252555847,0.5597529411315918,0.5136045813560486,0.5414539575576782,0.5251849293708801,0.5311076641082764,0.4829983711242676,0.48645031452178955,0.5168260335922241,0.4825102686882019,0.5326750874519348,0.5126587748527527,0.5379297137260437,0.5424919128417969,0.47438204288482666,0.4901100993156433,0.5145578384399414,0.4890771210193634,0.5303497910499573,0.526669979095459,0.5339006185531616,0.5594162940979004,0.46700525283813477,0.5093833804130554,0.5036173462867737,0.504842221736908,0.521527111530304,0.5375344753265381,0.5284903645515442,0.5654475688934326,0.46079450845718384,0.5386306047439575,0.4896572232246399,0.5372132062911987,0.5060390830039978,0.5529942512512207,0.5149818658828735,0.5694172382354736
agarrar,11,10,0.6215290427207947,0.6835731267929077,0.6159826517105103,0.6184118986129761,0.5964909195899963,0.586700439453125,0.5711172819137573,0.5781378149986267,0.5501956939697266,0.5661438703536987,0.5702550411224365,0.6453741788864136,0.5305774807929993,0.6574367880821228,0.5078985095024109,0.6460250616073608,0.4925909638404846,0.6326119303703308,0.5637409687042236,0.6790978312492371,0.5196735262870789,0.675684928894043,0.4998590052127838,0.6507687568664551,0.489136666059494,0.6293890476226807,0.5607859492301941,0.6964799761772156,0.5189656019210815,0.6909307837486267,0.5008476972579956,0.6659929752349854,0.4910474717617035,0.6451017260551453,0.5603322386741638,0.7020564079284668,0.5260085463523865,0.6962953209877014,0.5092964172363281,0.6783283948898315,0.49974367022514343,0.6619859337806702
agarrar,11,11,0.6245568990707397,0.6939433217048645,0.6188254952430725,0.6318173408508301,0.5989948511123657,0.6006396412849426,0.5744789242744446,0.589165985584259,0.5547317266464233,0.5750156044960022,0.5736603736877441,0.6603561043739319,0.532289981842041,0.6706494688987732,0.5125448703765869,0.6546099185943604,0.5009528994560242,0.6374495029449463,0.5674414038658142,0.692833662033081,0.521953821182251,0.6867035627365112,0.506298840045929,0.6580818295478821,0.5011000633239746,0.6350738406181335,0.5648949146270752,0.7091171741485596,0.5229377746582031,0.7020906209945679,0.5082119703292847,0.6757363080978394,0.5023453831672668,0.654947817325592,0.5642423033714294,0.7134292721748352,0.5305578708648682,0.7062500715255737,0.5165901184082031,0.6880584359169006,0.5097813010215759,0.6715075969696045
agarrar,11,12,0.4340547025203705,0.6315029859542847,0.4746626317501068,0.6492187976837158,0.5015290379524231,0.6310199499130249,0.5192179083824158,0.6189843416213989,0.529782235622406,0.6117398142814636,0.49620237946510315,0.5521293878555298,0.5306545495986938,0.5585329532623291,0.5383447408676147,0.5980609059333801,0.537467360496521,0.6292746067047119,0.49027520418167114,0.5482301712036133,0.5299162864685059,0.5559178590774536,0.5375842452049255,0.601457953453064,0.5342782735824585,0.6350616812705994,0.4841035008430481,0.5596554279327393,0.5223665237426758,0.5614762306213379,0.531898558139801,0.603723406791687,0.5307305455207825,0.6363961100578308,0.47759073972702026,0.5823173522949219,0.5075612664222717,0.5845288634300232,0.5185116529464722,0.6102162003517151,0.5206874012947083,0.634591281414032
agarrar,11,13,0.4325525164604187,0.6526716351509094,0.47019705176353455,0.6688206195831299,0.4953014850616455,0.6510623097419739,0.5115118622779846,0.6381327509880066,0.5229784846305847,0.6285826563835144,0.49244794249534607,0.5757743120193481,0.5265927314758301,0.5810579657554626,0.5366755723953247,0.617503821849823,0.5368620157241821,0.6454561948776245,0.48836883902549744,0.5718353390693665,0.5278149843215942,0.5779524445533752,0.5376918315887451,0.6202758550643921,0.535378098487854,0.6505792140960693,0.48449233174324036,0.5818856954574585,0.523534893989563,0.584684431552887,0.5332798361778259,0.6240158081054688,0.5319291353225708,0.6531739830970764,0.4807495176792145,0.6043411493301392,0.5120572447776794,0.6095083355903625,0.5220794081687927,0.633564293384552,0.522732138633728,0.6549246311187744
agarrar,11,14,0.4352179765701294,0.668138861656189,0.47013968229293823,0.6825587749481201,0.4937177300453186,0.6677141189575195,0.5093629956245422,0.6585182547569275,0.520784854888916,0.6504697203636169,0.4944150745868683,0.5924828052520752,0.5298967361450195,0.5998231172561646,0.5396282076835632,0.6344674229621887,0.5380348563194275,0.6599071621894836,0.49106070399284363,0.590025782585144,0.5305382013320923,0.6003671884536743,0.5399629473686218,0.6407812237739563,0.5363620519638062,0.6683399081230164,0.48752355575561523,0.6014026999473572,0.5259228348731995,0.6095842719078064,0.5352144837379456,0.6472741961479187,0.5322301983833313,0.6741588711738586,0.4842880964279175,0.6257919669151306,0.5154430270195007,0.6354875564575195,0.5243751406669617,0.6595796942710876,0.5231665968894958,0.678775429725647
agarrar,11,15,0.43569302558898926,0.6825587749481201,0.46625083684921265,0.6894542574882507,0.48985305428504944,0.6750245094299316,0.5068076252937317,0.6692408323287964,0.5202569961547852,0.6641485691070557,0.4924722909927368,0.6081161499023438,0.5259114503860474,0.6196036338806152,0.5348794460296631,0.6520978808403015,0.5332804322242737,0.6745581030845642,0.4906668961048126,0.6085345149040222,0.5288925170898438,0.6222133040428162,0.537246584892273,0.6596171855926514,0.5339887142181396,0.6849197149276733,0.48899561166763306,0.6223821640014648,0.5252622365951538,0.6351202726364136,0.5337381958961487,0.6718105673789978,0.5312941670417786,0.6982322335243225,0.48690512776374817,0.6480414867401123,0.5176328420639038,0.6570355296134949,0.5261151194572449,0.6795470118522644,0.5257006287574768,0.6976824998855591
agarrar,11,16,0.4405122995376587,0.6934961676597595,0.46388429403305054,0.6985459327697754,0.4865027368068695,0.6837493181228638,0.5018908977508545,0.6796953678131104,0.5144258737564087,0.6761310696601868,0.49285295605659485,0.6212802529335022,0.5254769921302795,0.633441150188446,0.5358797907829285,0.6627045273780823,0.5359914898872375,0.6816384196281433,0.4917430281639099,0.622913658618927,0.5298886895179749,0.6380524039268494,0.5383063554763794,0.6736341118812561,0.5348363518714905,0.695004940032959,0.4904463291168213,0.637150764465332,0.5285410284996033,0.6504329442977905,0.5348054766654968,0.6857922077178955,0.5299261212348938,0.7066965699195862,0.4892371892929077,0.6619427800178528,0.5216076374053955,0.6734112501144409,0.5282197594642639,0.6959032416343689,0.5251418948173523,0.7096343040466309
agarrar,11,17,0.44331374764442444,0.6988369822502136,0.4654037654399872,0.6785361170768738,0.4883943498134613,0.6596126556396484,0.5046065449714661,0.6575915217399597,0.5176433324813843,0.6646056771278381,0.495860755443573,0.627727746963501,0.5274015069007874,0.6422001719474792,0.5341036915779114,0.6685713529586792,0.5303059220314026,0.6864640712738037,0.4951646625995636,0.6351874470710754,0.5311818718910217,0.6530468463897705,0.5378101468086243,0.6837177276611328,0.5338082909584045,0.7040688991546631,0.49351775646209717,0.6534281373023987,0.5298478007316589,0.6690402626991272,0.5344879627227783,0.7005817294120789,0.5291871428489685,0.7204025387763977,0.4916147291660309,0.6802663207054138,0.5232993960380554,0.6909551620483398,0.5285815000534058,0.7106737494468689,0.5252985954284668,0.7240668535232544
agarrar,11,18,0.44465142488479614,0.7130721211433411,0.46568676829338074,0.6887492537498474,0.4873492419719696,0.6693229675292969,0.5033280253410339,0.6653478741645813,0.5169707536697388,0.6693130731582642,0.4960351288318634,0.6394793391227722,0.5255526304244995,0.6559290289878845,0.5351965427398682,0.6813002824783325,0.5348788499832153,0.6988185048103333,0.4956454038619995,0.647777795791626,0.5305100679397583,0.6650570631027222,0.5391201972961426,0.6933699250221252,0.5372965931892395,0.7120728492736816,0.49437594413757324,0.6660904288291931,0.5299493670463562,0.6788353323936462,0.5367591381072998,0.7067291140556335,0.5332223176956177,0.7238360047340393,0.49255669116973877,0.6923172473907471,0.5236150622367859,0.7007492780685425,0.530012845993042,0.7175679802894592,0.5278576016426086,0.728070855140686
agarrar,11,19,0.4415644109249115,0.7277430295944214,0.4672252833843231,0.7203078866004944,0.48954665660858154,0.7039986848831177,0.5050988793373108,0.7006831765174866,0.5172340869903564,0.7002976536750793,0.49715712666511536,0.6513704061508179,0.529440701007843,0.667316198348999,0.5360704064369202,0.6941157579421997,0.5332077145576477,0.709442675113678,0.496675044298172,0.6567673683166504,0.5337725281715393,0.6752983927726746,0.5388004183769226,0.706595242023468,0.533632218837738,0.7248853445053101,0.49547362327575684,0.6733267307281494,0.5326827168464661,0.6890972256660461,0.5345972776412964,0.7193021178245544,0.5272811651229858,0.7359673976898193,0.49414652585983276,0.6999384164810181,0.5265530347824097,0.7082958221435547,0.5298594236373901,0.7279033660888672,0.5241953730583191,0.7401763796806335
agora,12,0,0.5610207319259644,0.8286725878715515,0.5275165438652039,0.8419262170791626,0.5074979066848755,0.8242756128311157,0.4974153935909271,0.8114537596702576,0.4907601475715637,0.8029173612594604,0.5009679198265076,0.7522762417793274,0.4807336628437042,0.7937723994255066,0.4877265393733978,0.8195863962173462,0.4949275553226471,0.8246758580207825,0.5077939033508301,0.7522334456443787,0.4837557077407837,0.7997717261314392,0.48686447739601135,0.8239747285842896,0.492105633020401,0.8292950987815857,0.5146535634994507,0.7641355991363525,0.4869021773338318,0.7977312207221985,0.4724107086658478,0.8102185130119324,0.46183598041534424,0.8074412941932678,0.5195716023445129,0.7837284803390503,0.5016096830368042,0.8116204142570496,0.5011066198348999,0.8262342214584351,0.5031348466873169,0.8309032320976257
agora,12,1,0.5632684826850891,0.8295475840568542,0.5292813777923584,0.838738203048706,0.5077414512634277,0.8205640316009521,0.4959273934364319,0.8095610737800598,0.4886297583580017,0.8033225536346436,0.5007484555244446,0.7509106397628784,0.48103439807891846,0.7956815361976624,0.4851977527141571,0.8216679692268372,0.49000030755996704,0.8276684284210205,0.5070605278015137,0.7528391480445862,0.4820733666419983,0.8004233837127686,0.4806440472602844,0.8242629170417786,0.48125505447387695,0.8318603038787842,0.5140143036842346,0.7647236585617065,0.4842173159122467,0.7992250919342041,0.4702104926109314,0.8141534924507141,0.45902615785598755,0.8148409724235535,0.5196253657341003,0.7834782004356384,0.5012400150299072,0.8108493685722351,0.5017184019088745,0.8280664086341858,0.5038904547691345,0.836410641670227
agora,12,2,0.5605648756027222,0.82769775390625,0.5273742079734802,0.834391713142395,0.5067102909088135,0.8174945712089539,0.4960823953151703,0.8061559200286865,0.491855651140213,0.7966539859771729,0.5016414523124695,0.7501113414764404,0.4824305772781372,0.7905868291854858,0.48944613337516785,0.8155458569526672,0.49694183468818665,0.8205035328865051,0.5093209743499756,0.7522433996200562,0.48501846194267273,0.7965646386146545,0.4853992164134979,0.8191470503807068,0.4876856207847595,0.8252438306808472,0.5166881680488586,0.7643058896064758,0.48803162574768066,0.7957750558853149,0.47233882546424866,0.8056613802909851,0.4597272276878357,0.8029638528823853,0.5224230289459229,0.7830368280410767,0.5036724209785461,0.8077840805053711,0.5002179741859436,0.8224983811378479,0.4983956813812256,0.82952880859375
agora,12,3,0.4534139633178711,0.808533251285553,0.44663575291633606,0.8001964688301086,0.4564209580421448,0.795218825340271,0.4748280942440033,0.7893518805503845,0.4914214313030243,0.7820549607276917,0.4895956516265869,0.8372818231582642,0.5191193222999573,0.822102427482605,0.5088480710983276,0.8047429919242859,0.49749037623405457,0.8038055896759033,0.49794676899909973,0.8227800726890564,0.5223854184150696,0.7922669053077698,0.5050557851791382,0.7775850296020508,0.4960704445838928,0.784662663936615,0.5034927129745483,0.8066499829292297,0.5211139917373657,0.7734499573707581,0.5031899213790894,0.7651535868644714,0.49486351013183594,0.7755670547485352,0.5076053142547607,0.7925063371658325,0.5164069533348083,0.7678504586219788,0.5027086734771729,0.7620692253112793,0.49449509382247925,0.773041307926178
agora,12,4,0.4065534472465515,0.7432295083999634,0.41111132502555847,0.7043485045433044,0.4255528450012207,0.6798738837242126,0.44084101915359497,0.6680920124053955,0.4548846185207367,0.6666871309280396,0.4561174809932709,0.7505137324333191,0.4845964014530182,0.7725459933280945,0.49689069390296936,0.7528067827224731,0.4971206486225128,0.7318924069404602,0.456956148147583,0.7664401531219482,0.48676782846450806,0.7755491137504578,0.4966590106487274,0.7486409544944763,0.49551770091056824,0.727747917175293,0.45718830823898315,0.7731850743293762,0.485146164894104,0.7746413946151733,0.493435800075531,0.7491787075996399,0.4945107698440552,0.7290863394737244,0.4570116102695465,0.7745981812477112,0.4790400266647339,0.7694330811500549,0.4872875213623047,0.7517637610435486,0.4904596209526062,0.7356562614440918
agora,12,5,0.0,0.0,0.0,0.0,0.0,0.0,0.0,0.0,0.0,0.0,0.0,0.0,0.0,0.0,0.0,0.0,0.0,0.0,0.0,0.0,0.0,0.0,0.0,0.0,0.0,0.0,0.0,0.0,0.0,0.0,0.0,0.0,0.0,0.0,0.0,0.0,0.0,0.0,0.0,0.0,0.0,0.0
agora,12,6,0.0,0.0,0.0,0.0,0.0,0.0,0.0,0.0,0.0,0.0,0.0,0.0,0.0,0.0,0.0,0.0,0.0,0.0,0.0,0.0,0.0,0.0,0.0,0.0,0.0,0.0,0.0,0.0,0.0,0.0,0.0,0.0,0.0,0.0,0.0,0.0,0.0,0.0,0.0,0.0,0.0,0.0
agora,12,7,0.6822606325149536,0.5392329692840576,0.6940194964408875,0.49533307552337646,0.7166265249252319,0.46642935276031494,0.7352051734924316,0.4481625556945801,0.7520071268081665,0.43339163064956665,0.7282537221908569,0.49218565225601196,0.7429492473602295,0.4815874397754669,0.7510374188423157,0.4683905243873596,0.7571311593055725,0.4562898576259613,0.7243826985359192,0.5114959478378296,0.7387345433235168,0.502998948097229,0.7460645437240601,0.4853348433971405,0.7502232193946838,0.4714423716068268,0.7153222560882568,0.5302312970161438,0.7285966873168945,0.5207944512367249,0.7348326444625854,0.5063074231147766,0.7382212281227112,0.4953475892543793,0.702263355255127,0.5454512238502502,0.7120082378387451,0.5383264422416687,0.7186980247497559,0.5276740193367004,0.722619354724884,0.5177264213562012
agora,12,8,0.6929053664207458,0.5435189008712769,0.7106694579124451,0.5000075697898865,0.7374139428138733,0.47685855627059937,0.7585181593894958,0.46206584572792053,0.7783143520355225,0.4487648010253906,0.7445207238197327,0.5068414807319641,0.7653141021728516,0.5044400691986084,0.7783746123313904,0.49292734265327454,0.7885172963142395,0.4807187020778656,0.7380262613296509,0.5239868760108948,0.758770227432251,0.5204443335533142,0.7720499634742737,0.5045753717422485,0.7829343676567078,0.4895418882369995,0.7257139086723328,0.5398651957511902,0.7452240586280823,0.5331937074661255,0.7576907873153687,0.5185326337814331,0.7667468190193176,0.5040065050125122,0.709115743637085,0.5508994460105896,0.7231033444404602,0.5434339046478271,0.7331909537315369,0.5296162366867065,0.7407296299934387,0.5160855650901794
agora,12,9,0.0,0.0,0.0,0.0,0.0,0.0,0.0,0.0,0.0,0.0,0.0,0.0,0.0,0.0,0.0,0.0,0.0,0.0,0.0,0.0,0.0,0.0,0.0,0.0,0.0,0.0,0.0,0.0,0.0,0.0,0.0,0.0,0.0,0.0,0.0,0.0,0.0,0.0,0.0,0.0,0.0,0.0
agora,12,10,0.0,0.0,0.0,0.0,0.0,0.0,0.0,0.0,0.0,0.0,0.0,0.0,0.0,0.0,0.0,0.0,0.0,0.0,0.0,0.0,0.0,0.0,0.0,0.0,0.0,0.0,0.0,0.0,0.0,0.0,0.0,0.0,0.0,0.0,0.0,0.0,0.0,0.0,0.0,0.0,0.0,0.0
agora,12,11,0.614874541759491,0.6194928884506226,0.5994465351104736,0.6269511580467224,0.5842725038528442,0.6459453701972961,0.5734275579452515,0.6597517132759094,0.5636849999427795,0.6722320318222046,0.5774730443954468,0.6501937508583069,0.5618070363998413,0.665803849697113,0.5501574873924255,0.6806920170783997,0.5421493649482727,0.6944217681884766,0.5820778012275696,0.6531394124031067,0.5667979717254639,0.6746423244476318,0.5553765892982483,0.6935034394264221,0.5472281575202942,0.7096014022827148,0.5899273157119751,0.6552800536155701,0.5758541822433472,0.6777192950248718,0.5655271410942078,0.6961482167243958,0.5580344200134277,0.7114466428756714,0.5994167327880859,0.6578384637832642,0.5919313430786133,0.6706912517547607,0.5839157700538635,0.6808065176010132,0.5766516327857971,0.6908681392669678
agora,12,12,0.0,0.0,0.0,0.0,0.0,0.0,0.0,0.0,0.0,0.0,0.0,0.0,0.0,0.0,0.0,0.0,0.0,0.0,0.0,0.0,0.0,0.0,0.0,0.0,0.0,0.0,0.0,0.0,0.0,0.0,0.0,0.0,0.0,0.0,0.0,0.0,0.0,0.0,0.0,0.0,0.0,0.0
agora,12,13,0.6694880723953247,0.6076740026473999,0.6919203400611877,0.5900262594223022,0.7160961031913757,0.5787610411643982,0.7383519411087036,0.5722337961196899,0.7580326199531555,0.5725747346878052,0.7012377977371216,0.5889903903007507,0.7118613719940186,0.6204313635826111,0.7111353874206543,0.6203261017799377,0.7117292284965515,0.6156421899795532,0.6863431334495544,0.6025956869125366,0.6971626281738281,0.63555508852005,0.696998655796051,0.6316985487937927,0.6974702477455139,0.6278038024902344,0.6712929606437683,0.6143950819969177,0.6798645853996277,0.6392754912376404,0.6826940178871155,0.6369169354438782,0.6870666146278381,0.636793851852417,0.6574828624725342,0.6225061416625977,0.6586022973060608,0.6370514035224915,0.6606558561325073,0.6367545127868652,0.6635767817497253,0.638416588306427
agora,12,14,0.0,0.0,0.0,0.0,0.0,0.0,0.0,0.0,0.0,0.0,0.0,0.0,0.0,0.0,0.0,0.0,0.0,0.0,0.0,0.0,0.0,0.0,0.0,0.0,0.0,0.0,0.0,0.0,0.0,0.0,0.0,0.0,0.0,0.0,0.0,0.0,0.0,0.0,0.0,0.0,0.0,0.0
agora,12,15,0.6110591292381287,0.6273402571678162,0.6108096241950989,0.6263656616210938,0.5990554690361023,0.6466061472892761,0.5843299627304077,0.6710747480392456,0.5655002593994141,0.6876233816146851,0.6040753126144409,0.6509255766868591,0.5905348658561707,0.663113534450531,0.5779679417610168,0.6762245297431946,0.5669102668762207,0.6865732073783875,0.5985000133514404,0.6636940240859985,0.5786014199256897,0.6748282313346863,0.5628513097763062,0.6861109733581543,0.5502681732177734,0.6962470412254333,0.5931804180145264,0.6732157468795776,0.5734704732894897,0.6816080808639526,0.5593229532241821,0.6879355311393738,0.5485424399375916,0.6942765116691589,0.5893594026565552,0.6789057850837708,0.5732957720756531,0.6881034970283508,0.5626938343048096,0.6910333633422852,0.5546920895576477,0.6936280727386475
agora,12,16,0.6060677170753479,0.6581209301948547,0.6209993362426758,0.6329917907714844,0.6387110352516174,0.6217403411865234,0.6554403901100159,0.6189190149307251,0.6710020303726196,0.6196308732032776,0.6217621564865112,0.644058108329773,0.6164872050285339,0.655281662940979,0.6085062026977539,0.6677626371383667,0.5990533828735352,0.6807544231414795,0.6061141490936279,0.6554385423660278,0.5971917510032654,0.666771650314331,0.5870411396026611,0.6813337802886963,0.5762709975242615,0.6951482892036438,0.5948190093040466,0.6613175868988037,0.585898220539093,0.6732933521270752,0.5755266547203064,0.6847361326217651,0.565668523311615,0.6968078017234802,0.5870491862297058,0.6620855331420898,0.5765491724014282,0.6709142327308655,0.5681331157684326,0.6789097785949707,0.5608623027801514,0.6878233551979065
agora,12,17,0.605375349521637,0.6505874991416931,0.620685338973999,0.6296051144599915,0.6376307606697083,0.6244072318077087,0.6519943475723267,0.6173986792564392,0.6636602282524109,0.6131641268730164,0.6207464337348938,0.6440612077713013,0.6124927997589111,0.653774619102478,0.6028726696968079,0.6659097671508789,0.5927902460098267,0.6772982478141785,0.6056638360023499,0.6541844010353088,0.5931224226951599,0.6644731760025024,0.581796407699585,0.6782625913619995,0.5703166127204895,0.6925797462463379,0.5950365662574768,0.6607014536857605,0.5837050676345825,0.6697307229042053,0.5724847316741943,0.6786143779754639,0.5616852641105652,0.6879895925521851,0.5886685848236084,0.6631382703781128,0.5785381197929382,0.6698129773139954,0.5699096322059631,0.6767176985740662,0.5617775917053223,0.6850190758705139
agora,12,18,0.6087014675140381,0.6789740920066833,0.6217687129974365,0.6529422402381897,0.6319015622138977,0.630983293056488,0.6429690718650818,0.6194419264793396,0.6562432050704956,0.6117852330207825,0.6142666339874268,0.6582198143005371,0.607028067111969,0.6591478586196899,0.5991083979606628,0.6650819778442383,0.5895172953605652,0.6716493964195251,0.5991409420967102,0.6710867285728455,0.5879224538803101,0.6683995723724365,0.578625500202179,0.6681734919548035,0.5703055262565613,0.6702988743782043,0.5875044465065002,0.6786098480224609,0.5755631327629089,0.6744170784950256,0.5656078457832336,0.6720398664474487,0.5565946698188782,0.6730309128761292,0.579912543296814,0.6829947829246521,0.5687499046325684,0.6769737005233765,0.5592225790023804,0.6738512516021729,0.5510503053665161,0.6721794605255127
agora,12,19,0.6066112518310547,0.6715968251228333,0.6147900223731995,0.6453298330307007,0.6257557272911072,0.6193627119064331,0.6356720328330994,0.5978999137878418,0.646352231502533,0.5781246423721313,0.6189593076705933,0.6654382348060608,0.6123200058937073,0.6519811749458313,0.6013423204421997,0.6338852047920227,0.5899602770805359,0.6160406470298767,0.6071826815605164,0.6864011883735657,0.5936861634254456,0.6679054498672485,0.5805880427360535,0.643593430519104,0.5692350268363953,0.6231092214584351,0.5962784290313721,0.7006217241287231,0.5813307166099548,0.6840392351150513,0.5688483715057373,0.663946270942688,0.5593432188034058,0.6445370316505432,0.5861504673957825,0.7055731415748596,0.5724591016769409,0.6953410506248474,0.561773955821991,0.6837989687919617,0.5538057088851929,0.6711624264717102
agora,13,0,0.0,0.0,0.0,0.0,0.0,0.0,0.0,0.0,0.0,0.0,0.0,0.0,0.0,0.0,0.0,0.0,0.0,0.0,0.0,0.0,0.0,0.0,0.0,0.0,0.0,0.0,0.0,0.0,0.0,0.0,0.0,0.0,0.0,0.0,0.0,0.0,0.0,0.0,0.0,0.0,0.0,0.0
agora,13,1,0.0,0.0,0.0,0.0,0.0,0.0,0.0,0.0,0.0,0.0,0.0,0.0,0.0,0.0,0.0,0.0,0.0,0.0,0.0,0.0,0.0,0.0,0.0,0.0,0.0,0.0,0.0,0.0,0.0,0.0,0.0,0.0,0.0,0.0,0.0,0.0,0.0,0.0,0.0,0.0,0.0,0.0
agora,13,2,0.6822606325149536,0.5392329692840576,0.6940194964408875,0.49533307552337646,0.7166265249252319,0.46642935276031494,0.7352051734924316,0.4481625556945801,0.7520071268081665,0.43339163064956665,0.7282537221908569,0.49218565225601196,0.7429492473602295,0.4815874397754669,0.7510374188423157,0.4683905243873596,0.7571311593055725,0.4562898576259613,0.7243826985359192,0.5114959478378296,0.7387345433235168,0.502998948097229,0.7460645437240601,0.4853348433971405,0.7502232193946838,0.4714423716068268,0.7153222560882568,0.5302312970161438,0.7285966873168945,0.5207944512367249,0.7348326444625854,0.5063074231147766,0.7382212281227112,0.4953475892543793,0.702263355255127,0.5454512238502502,0.7120082378387451,0.5383264422416687,0.7186980247497559,0.5276740193367004,0.722619354724884,0.5177264213562012
agora,13,3,0.6929053664207458,0.5435189008712769,0.7106694579124451,0.5000075697898865,0.7374139428138733,0.47685855627059937,0.7585181593894958,0.46206584572792053,0.7783143520355225,0.4487648010253906,0.7445207238197327,0.5068414807319641,0.7653141021728516,0.5044400691986084,0.7783746123313904,0.49292734265327454,0.7885172963142395,0.4807187020778656,0.7380262613296509,0.5239868760108948,0.758770227432251,0.5204443335533142,0.7720499634742737,0.5045753717422485,0.7829343676567078,0.4895418882369995,0.7257139086723328,0.5398651957511902,0.7452240586280823,0.5331937074661255,0.7576907873153687,0.5185326337814331,0.7667468190193176,0.5040065050125122,0.709115743637085,0.5508994460105896,0.7231033444404602,0.5434339046478271,0.7331909537315369,0.5296162366867065,0.7407296299934387,0.5160855650901794
agora,13,4,0.0,0.0,0.0,0.0,0.0,0.0,0.0,0.0,0.0,0.0,0.0,0.0,0.0,0.0,0.0,0.0,0.0,0.0,0.0,0.0,0.0,0.0,0.0,0.0,0.0,0.0,0.0,0.0,0.0,0.0,0.0,0.0,0.0,0.0,0.0,0.0,0.0,0.0,0.0,0.0,0.0,0.0
agora,13,5,0.0,0.0,0.0,0.0,0.0,0.0,0.0,0.0,0.0,0.0,0.0,0.0,0.0,0.0,0.0,0.0,0.0,0.0,0.0,0.0,0.0,0.0,0.0,0.0,0.0,0.0,0.0,0.0,0.0,0.0,0.0,0.0,0.0,0.0,0.0,0.0,0.0,0.0,0.0,0.0,0.0,0.0
agora,13,6,0.614874541759491,0.6194928884506226,0.5994465351104736,0.6269511580467224,0.5842725038528442,0.6459453701972961,0.5734275579452515,0.6597517132759094,0.5636849999427795,0.6722320318222046,0.5774730443954468,0.6501937508583069,0.5618070363998413,0.665803849697113,0.5501574873924255,0.6806920170783997,0.5421493649482727,0.6944217681884766,0.5820778012275696,0.6531394124031067,0.5667979717254639,0.6746423244476318,0.5553765892982483,0.6935034394264221,0.5472281575202942,0.7096014022827148,0.5899273157119751,0.6552800536155701,0.5758541822433472,0.6777192950248718,0.5655271410942078,0.6961482167243958,0.5580344200134277,0.7114466428756714,0.5994167327880859,0.6578384637832642,0.5919313430786133,0.6706912517547607,0.5839157700538635,0.6808065176010132,0.5766516327857971,0.6908681392669678
agora,13,7,0.0,0.0,0.0,0.0,0.0,0.0,0.0,0.0,0.0,0.0,0.0,0.0,0.0,0.0,0.0,0.0,0.0,0.0,0.0,0.0,0.0,0.0,0.0,0.0,0.0,0.0,0.0,0.0,0.0,0.0,0.0,0.0,0.0,0.0,0.0,0.0,0.0,0.0,0.0,0.0,0.0,0.0
agora,13,8,0.6694880723953247,0.6076740026473999,0.6919203400611877,0.5900262594223022,0.7160961031913757,0.5787610411643982,0.7383519411087036,0.5722337961196899,0.7580326199531555,0.5725747346878052,0.7012377977371216,0.5889903903007507,0.7118613719940186,0.6204313635826111,0.7111353874206543,0.6203261017799377,0.7117292284965515,0.6156421899795532,0.6863431334495544,0.6025956869125366,0.6971626281738281,0.63555508852005,0.696998655796051,0.6316985487937927,0.6974702477455139,0.6278038024902344,0.6712929606437683,0.6143950819969177,0.6798645853996277,0.6392754912376404,0.6826940178871155,0.6369169354438782,0.6870666146278381,0.636793851852417,0.6574828624725342,0.6225061416625977,0.6586022973060608,0.6370514035224915,0.6606558561325073,0.6367545127868652,0.6635767817497253,0.638416588306427
agora,13,9,0.0,0.0,0.0,0.0,0.0,0.0,0.0,0.0,0.0,0.0,0.0,0.0,0.0,0.0,0.0,0.0,0.0,0.0,0.0,0.0,0.0,0.0,0.0,0.0,0.0,0.0,0.0,0.0,0.0,0.0,0.0,0.0,0.0,0.0,0.0,0.0,0.0,0.0,0.0,0.0,0.0,0.0
agora,13,10,0.6110591292381287,0.6273402571678162,0.6108096241950989,0.6263656616210938,0.5990554690361023,0.6466061472892761,0.5843299627304077,0.6710747480392456,0.5655002593994141,0.6876233816146851,0.6040753126144409,0.6509255766868591,0.5905348658561707,0.663113534450531,0.5779679417610168,0.6762245297431946,0.5669102668762207,0.6865732073783875,0.5985000133514404,0.6636940240859985,0.5786014199256897,0.6748282313346863,0.5628513097763062,0.6861109733581543,0.5502681732177734,0.6962470412254333,0.5931804180145264,0.6732157468795776,0.5734704732894897,0.6816080808639526,0.5593229532241821,0.6879355311393738,0.5485424399375916,0.6942765116691589,0.5893594026565552,0.6789057850837708,0.5732957720756531,0.6881034970283508,0.5626938343048096,0.6910333633422852,0.5546920895576477,0.6936280727386475
agora,13,11,0.6060677170753479,0.6581209301948547,0.6209993362426758,0.6329917907714844,0.6387110352516174,0.6217403411865234,0.6554403901100159,0.6189190149307251,0.6710020303726196,0.6196308732032776,0.6217621564865112,0.644058108329773,0.6164872050285339,0.655281662940979,0.6085062026977539,0.6677626371383667,0.5990533828735352,0.6807544231414795,0.6061141490936279,0.6554385423660278,0.5971917510032654,0.666771650314331,0.5870411396026611,0.6813337802886963,0.5762709975242615,0.6951482892036438,0.5948190093040466,0.6613175868988037,0.585898220539093,0.6732933521270752,0.5755266547203064,0.6847361326217651,0.565668523311615,0.6968078017234802,0.5870491862297058,0.6620855331420898,0.5765491724014282,0.6709142327308655,0.5681331157684326,0.6789097785949707,0.5608623027801514,0.6878233551979065
agora,13,12,0.605375349521637,0.6505874991416931,0.620685338973999,0.6296051144599915,0.6376307606697083,0.6244072318077087,0.6519943475723267,0.6173986792564392,0.6636602282524109,0.6131641268730164,0.6207464337348938,0.6440612077713013,0.6124927997589111,0.653774619102478,0.6028726696968079,0.6659097671508789,0.5927902460098267,0.6772982478141785,0.6056638360023499,0.6541844010353088,0.5931224226951599,0.6644731760025024,0.581796407699585,0.6782625913619995,0.5703166127204895,0.6925797462463379,0.5950365662574768,0.6607014536857605,0.5837050676345825,0.6697307229042053,0.5724847316741943,0.6786143779754639,0.5616852641105652,0.6879895925521851,0.5886685848236084,0.6631382703781128,0.5785381197929382,0.6698129773139954,0.5699096322059631,0.6767176985740662,0.5617775917053223,0.6850190758705139
agora,13,13,0.6087014675140381,0.6789740920066833,0.6217687129974365,0.6529422402381897,0.6319015622138977,0.630983293056488,0.6429690718650818,0.6194419264793396,0.6562432050704956,0.6117852330207825,0.6142666339874268,0.6582198143005371,0.607028067111969,0.6591478586196899,0.5991083979606628,0.6650819778442383,0.5895172953605652,0.6716493964195251,0.5991409420967102,0.6710867285728455,0.5879224538803101,0.6683995723724365,0.578625500202179,0.6681734919548035,0.5703055262565613,0.6702988743782043,0.5875044465065002,0.6786098480224609,0.5755631327629089,0.6744170784950256,0.5656078457832336,0.6720398664474487,0.5565946698188782,0.6730309128761292,0.579912543296814,0.6829947829246521,0.5687499046325684,0.6769737005233765,0.5592225790023804,0.6738512516021729,0.5510503053665161,0.6721794605255127
agora,13,14,0.6066112518310547,0.6715968251228333,0.6147900223731995,0.6453298330307007,0.6257557272911072,0.6193627119064331,0.6356720328330994,0.5978999137878418,0.646352231502533,0.5781246423721313,0.6189593076705933,0.6654382348060608,0.6123200058937073,0.6519811749458313,0.6013423204421997,0.6338852047920227,0.5899602770805359,0.6160406470298767,0.6071826815605164,0.6864011883735657,0.5936861634254456,0.6679054498672485,0.5805880427360535,0.643593430519104,0.5692350268363953,0.6231092214584351,0.5962784290313721,0.7006217241287231,0.5813307166099548,0.6840392351150513,0.5688483715057373,0.663946270942688,0.5593432188034058,0.6445370316505432,0.5861504673957825,0.7055731415748596,0.5724591016769409,0.6953410506248474,0.561773955821991,0.6837989687919617,0.5538057088851929,0.6711624264717102
agora,13,15,0.6005765795707703,0.7284129858016968,0.592826247215271,0.6779273152351379,0.5857062935829163,0.6314522624015808,0.5779953598976135,0.5933564305305481,0.5757375955581665,0.5631879568099976,0.6071881055831909,0.6338380575180054,0.5876787304878235,0.6007465720176697,0.5661861300468445,0.598068356513977,0.5487976670265198,0.6015007495880127,0.6062629818916321,0.6657910943031311,0.5746704936027527,0.6345774531364441,0.5501059293746948,0.6270887851715088,0.5338492393493652,0.6262212991714478,0.6013616323471069,0.6975024938583374,0.5731935501098633,0.6684374809265137,0.5511163473129272,0.6549374461174011,0.5351825952529907,0.6496056318283081,0.5939021706581116,0.7257691025733948,0.5720874667167664,0.7084524631500244,0.5570893883705139,0.6973109841346741,0.5457115173339844,0.6892878413200378
agora,13,16,0.40167349576950073,0.773705780506134,0.40862220525741577,0.7342215776443481,0.4256437420845032,0.7129544019699097,0.4460555911064148,0.7082759141921997,0.4651705026626587,0.7076156139373779,0.44625768065452576,0.7812932133674622,0.4825510084629059,0.7983225584030151,0.5036338567733765,0.7852498292922974,0.5151827931404114,0.7698938846588135,0.44797390699386597,0.804980456829071,0.4868983328342438,0.8203563690185547,0.5078434348106384,0.8020440936088562,0.5172486901283264,0.7831859588623047,0.4500845670700073,0.8136311173439026,0.4832863211631775,0.8282895684242249,0.5027399063110352,0.812360942363739,0.5141540765762329,0.7955216765403748,0.45263034105300903,0.8149707317352295,0.47959911823272705,0.8245425820350647,0.49503880739212036,0.8185803890228271,0.5055433511734009,0.8109498023986816
agora,13,17,0.5903298258781433,0.8061951398849487,0.5527916550636292,0.8026399612426758,0.5310094952583313,0.7762857675552368,0.5170167088508606,0.7556871771812439,0.5061931610107422,0.7452932596206665,0.5373503565788269,0.7152950763702393,0.5030574202537537,0.7205290794372559,0.4931848645210266,0.7529233694076538,0.49405959248542786,0.7747489809989929,0.544008731842041,0.7202184200286865,0.5049266219139099,0.7282360792160034,0.49465614557266235,0.7612457871437073,0.49545833468437195,0.7844469547271729,0.5506502985954285,0.7380028367042542,0.5136808753013611,0.7415360808372498,0.5010948181152344,0.7710825800895691,0.498128205537796,0.7934205532073975,0.5560952425003052,0.7645167112350464,0.5352091193199158,0.7638079524040222,0.5206772089004517,0.7754682302474976,0.5107353925704956,0.7876383662223816
agora,13,18,0.434583842754364,0.8255112767219543,0.4412079453468323,0.7952674627304077,0.459342896938324,0.7796899080276489,0.48002564907073975,0.7692158222198486,0.4998970627784729,0.7639678716659546,0.4815235137939453,0.8442494869232178,0.5124998688697815,0.8504457473754883,0.5257685780525208,0.8360212445259094,0.5264437198638916,0.8198056817054749,0.48319295048713684,0.8529074788093567,0.5127009749412537,0.8538358807563782,0.5215133428573608,0.831993043422699,0.5196436047554016,0.8137403130531311,0.48358169198036194,0.8526335954666138,0.5079314708709717,0.8494777679443359,0.5153584480285645,0.8286706209182739,0.5153779983520508,0.8109011054039001,0.4842322766780853,0.8484106063842773,0.502791166305542,0.8441406488418579,0.5109216570854187,0.8303685188293457,0.5122383832931519,0.816574215888977
agora,13,19,0.44497281312942505,0.831001877784729,0.44725126028060913,0.8073234558105469,0.46638956665992737,0.7937524318695068,0.4899464249610901,0.7796697616577148,0.5107566118240356,0.7694000601768494,0.4927666485309601,0.8565890789031982,0.5283001661300659,0.8352411985397339,0.5243270993232727,0.8157854676246643,0.5135433077812195,0.8142518401145935,0.4972769320011139,0.8576942682266235,0.5282652378082275,0.8280910849571228,0.5198355317115784,0.806441068649292,0.5085533261299133,0.8068752884864807,0.49957168102264404,0.8510640263557434,0.5250387191772461,0.8222221732139587,0.5154547691345215,0.8039596676826477,0.5055805444717407,0.8070484399795532,0.5022003650665283,0.8429328799247742,0.5198214054107666,0.8178859353065491,0.5125836133956909,0.8055835366249084,0.5027543306350708,0.809572696685791
