target,sample_idx,frame_idx,x_1,y_1,x_2,y_2,x_3,y_3,x_4,y_4,x_5,y_5,x_6,y_6,x_7,y_7,x_8,y_8,x_9,y_9,x_10,y_10,x_11,y_11,x_12,y_12,x_13,y_13,x_14,y_14,x_15,y_15,x_16,y_16,x_17,y_17,x_18,y_18,x_19,y_19,x_20,y_20,x_21,y_21
agora,0,0,0.5610207319259644,0.8286725878715515,0.5275165438652039,0.8419262170791626,0.5074979066848755,0.824275553226471,0.4974153935909271,0.8114537596702576,0.4907601475715637,0.8029173612594604,0.5009679198265076,0.7522762417793274,0.4807336628437042,0.7937723398208618,0.4877265393733978,0.8195863962173462,0.4949275553226471,0.8246758580207825,0.5077939629554749,0.7522334456443787,0.4837557077407837,0.7997717261314392,0.48686447739601135,0.8239747285842896,0.492105633020401,0.8292950987815857,0.5146535634994507,0.7641355991363525,0.4869021773338318,0.7977312207221985,0.4724107086658478,0.8102185130119324,0.46183598041534424,0.8074412941932678,0.5195716023445129,0.7837284803390503,0.5016096830368042,0.8116204142570496,0.5011066198348999,0.8262342214584351,0.5031348466873169,0.8309032320976257
agora,0,1,0.5632675290107727,0.8295465707778931,0.529277503490448,0.8387395143508911,0.5077384114265442,0.8205655217170715,0.4959252178668976,0.8095628619194031,0.4886290729045868,0.8033228516578674,0.5007443428039551,0.7509130239486694,0.4810348153114319,0.7956888675689697,0.48520657420158386,0.8216774463653564,0.4900152385234833,0.8276766538619995,0.5070573687553406,0.7528397440910339,0.4820764660835266,0.8004356622695923,0.4806593954563141,0.8242801427841187,0.4812816381454468,0.8318736553192139,0.5140114426612854,0.7647238969802856,0.48421719670295715,0.7992274761199951,0.47021162509918213,0.8141568899154663,0.4590294361114502,0.8148418068885803,0.5196220874786377,0.7834792733192444,0.5012369751930237,0.8108519315719604,0.5017165541648865,0.8280678391456604,0.5038906335830688,0.8364084959030151
agora,0,2,0.5605608820915222,0.827699601650238,0.5273669958114624,0.8343929648399353,0.5067053437232971,0.8174949884414673,0.49608081579208374,0.8061567544937134,0.4918561577796936,0.796653151512146,0.5016389489173889,0.7501084208488464,0.48243314027786255,0.7905907034873962,0.4894507825374603,0.8155483603477478,0.49694767594337463,0.8205077648162842,0.5093209743499756,0.7522400617599487,0.48502078652381897,0.796570360660553,0.48541024327278137,0.8191559910774231,0.48770594596862793,0.8252547979354858,0.5166890025138855,0.7643041610717773,0.4880339205265045,0.7957760095596313,0.47234097123146057,0.8056576251983643,0.4597305655479431,0.8029569387435913,0.522423505783081,0.7830385565757751,0.5036759376525879,0.807785153388977,0.5002217292785645,0.8224928379058838,0.498399943113327,0.8295164704322815
agora,0,3,0.4533900320529938,0.8085801601409912,0.4466184377670288,0.8001968264579773,0.456417977809906,0.7951927185058594,0.4748382270336151,0.7893308401107788,0.4914381802082062,0.7820447683334351,0.4895828366279602,0.83730548620224,0.519118070602417,0.8220685124397278,0.5088329315185547,0.8047049045562744,0.49747589230537415,0.8037881255149841,0.4979293942451477,0.8228537440299988,0.5223796963691711,0.79230797290802,0.505047082901001,0.777624785900116,0.4960668087005615,0.78470778465271,0.5034752488136292,0.8067625164985657,0.5211120843887329,0.7735288143157959,0.5031867623329163,0.7652304172515869,0.4948665499687195,0.7756459712982178,0.5075929164886475,0.7926517724990845,0.5164061784744263,0.7679683566093445,0.5027071833610535,0.7621751427650452,0.4944952130317688,0.7731420993804932
agora,0,4,0.4065602421760559,0.7432307004928589,0.4111086130142212,0.7043482065200806,0.42554762959480286,0.6798665523529053,0.44083845615386963,0.6680940389633179,0.4548835754394531,0.6666914224624634,0.45611169934272766,0.7505074143409729,0.4845846891403198,0.7725591063499451,0.49688324332237244,0.752839207649231,0.4971219599246979,0.7319329380989075,0.4569624960422516,0.7664342522621155,0.4867633581161499,0.775547981262207,0.49665549397468567,0.7486435770988464,0.4955182373523712,0.727752149105072,0.4572056233882904,0.7731796503067017,0.4851579964160919,0.7746328115463257,0.49344176054000854,0.7491720914840698,0.49451813101768494,0.7290834188461304,0.45703431963920593,0.7745946645736694,0.47905847430229187,0.7694230079650879,0.4873000681400299,0.7517576813697815,0.4904690682888031,0.7356540560722351
agora,0,5,0.0,0.0,0.0,0.0,0.0,0.0,0.0,0.0,0.0,0.0,0.0,0.0,0.0,0.0,0.0,0.0,0.0,0.0,0.0,0.0,0.0,0.0,0.0,0.0,0.0,0.0,0.0,0.0,0.0,0.0,0.0,0.0,0.0,0.0,0.0,0.0,0.0,0.0,0.0,0.0,0.0,0.0
agora,0,6,0.0,0.0,0.0,0.0,0.0,0.0,0.0,0.0,0.0,0.0,0.0,0.0,0.0,0.0,0.0,0.0,0.0,0.0,0.0,0.0,0.0,0.0,0.0,0.0,0.0,0.0,0.0,0.0,0.0,0.0,0.0,0.0,0.0,0.0,0.0,0.0,0.0,0.0,0.0,0.0,0.0,0.0
agora,0,7,0.6822637319564819,0.5392231941223145,0.6940245628356934,0.4953242540359497,0.7166345119476318,0.466418594121933,0.735214352607727,0.44814538955688477,0.7520167231559753,0.4333683252334595,0.7282565832138062,0.49218443036079407,0.7429542541503906,0.48158901929855347,0.7510430216789246,0.468389630317688,0.7571333646774292,0.4562871754169464,0.7243828177452087,0.511495053768158,0.7387369871139526,0.503001868724823,0.7460684776306152,0.48533305525779724,0.7502270936965942,0.4714362323284149,0.7153191566467285,0.5302318930625916,0.7285952568054199,0.5208019018173218,0.7348330616950989,0.5063133239746094,0.7382223606109619,0.49535131454467773,0.7022565603256226,0.5454505681991577,0.7120032906532288,0.5383338332176208,0.7186944484710693,0.5276780128479004,0.72261643409729,0.5177254676818848
agora,0,8,0.6929053664207458,0.5435189008712769,0.7106694579124451,0.5000075697898865,0.7374139428138733,0.47685855627059937,0.7585181593894958,0.46206584572792053,0.7783143520355225,0.4487648010253906,0.7445207238197327,0.5068414807319641,0.7653141021728516,0.5044400691986084,0.7783746123313904,0.49292734265327454,0.7885172963142395,0.4807187020778656,0.7380262613296509,0.5239868760108948,0.758770227432251,0.5204443335533142,0.7720499634742737,0.5045753717422485,0.7829343676567078,0.4895418882369995,0.7257139086723328,0.5398651957511902,0.7452240586280823,0.5331937074661255,0.7576907873153687,0.5185326337814331,0.7667468190193176,0.5040065050125122,0.709115743637085,0.5508994460105896,0.7231033444404602,0.5434339046478271,0.7331909537315369,0.5296162366867065,0.7407296299934387,0.5160855650901794
agora,0,9,0.0,0.0,0.0,0.0,0.0,0.0,0.0,0.0,0.0,0.0,0.0,0.0,0.0,0.0,0.0,0.0,0.0,0.0,0.0,0.0,0.0,0.0,0.0,0.0,0.0,0.0,0.0,0.0,0.0,0.0,0.0,0.0,0.0,0.0,0.0,0.0,0.0,0.0,0.0,0.0,0.0,0.0
agora,0,10,0.0,0.0,0.0,0.0,0.0,0.0,0.0,0.0,0.0,0.0,0.0,0.0,0.0,0.0,0.0,0.0,0.0,0.0,0.0,0.0,0.0,0.0,0.0,0.0,0.0,0.0,0.0,0.0,0.0,0.0,0.0,0.0,0.0,0.0,0.0,0.0,0.0,0.0,0.0,0.0,0.0,0.0
agora,0,11,0.614874541759491,0.6194928884506226,0.5994465351104736,0.6269511580467224,0.5842725038528442,0.6459453701972961,0.5734275579452515,0.6597517132759094,0.5636849999427795,0.6722320318222046,0.5774730443954468,0.6501937508583069,0.5618070363998413,0.665803849697113,0.5501574873924255,0.6806920170783997,0.5421493649482727,0.6944217681884766,0.5820778012275696,0.6531394124031067,0.5667979717254639,0.6746423244476318,0.5553765892982483,0.6935034394264221,0.5472281575202942,0.7096014022827148,0.5899273157119751,0.6552800536155701,0.5758541822433472,0.6777192950248718,0.5655271410942078,0.6961482167243958,0.5580344200134277,0.7114466428756714,0.5994167327880859,0.6578384637832642,0.5919313430786133,0.6706912517547607,0.5839157700538635,0.6808065176010132,0.5766516327857971,0.6908681392669678
agora,0,12,0.0,0.0,0.0,0.0,0.0,0.0,0.0,0.0,0.0,0.0,0.0,0.0,0.0,0.0,0.0,0.0,0.0,0.0,0.0,0.0,0.0,0.0,0.0,0.0,0.0,0.0,0.0,0.0,0.0,0.0,0.0,0.0,0.0,0.0,0.0,0.0,0.0,0.0,0.0,0.0,0.0,0.0
agora,0,13,0.6694880723953247,0.6076740026473999,0.6919203400611877,0.5900262594223022,0.7160961031913757,0.5787610411643982,0.7383519411087036,0.5722337961196899,0.7580326199531555,0.5725747346878052,0.7012377977371216,0.5889903903007507,0.7118613719940186,0.6204313635826111,0.7111353874206543,0.6203261017799377,0.7117292284965515,0.6156421899795532,0.6863431334495544,0.6025956869125366,0.6971626281738281,0.63555508852005,0.696998655796051,0.6316985487937927,0.6974702477455139,0.6278038024902344,0.6712929606437683,0.6143950819969177,0.6798645853996277,0.6392754912376404,0.6826940178871155,0.6369169354438782,0.6870666146278381,0.636793851852417,0.6574828624725342,0.6225061416625977,0.6586022973060608,0.6370514035224915,0.6606558561325073,0.6367545127868652,0.6635767817497253,0.638416588306427
agora,0,14,0.0,0.0,0.0,0.0,0.0,0.0,0.0,0.0,0.0,0.0,0.0,0.0,0.0,0.0,0.0,0.0,0.0,0.0,0.0,0.0,0.0,0.0,0.0,0.0,0.0,0.0,0.0,0.0,0.0,0.0,0.0,0.0,0.0,0.0,0.0,0.0,0.0,0.0,0.0,0.0,0.0,0.0
agora,0,15,0.6110591292381287,0.6273402571678162,0.6108096241950989,0.6263656616210938,0.5990554690361023,0.6466061472892761,0.5843299627304077,0.6710747480392456,0.5655002593994141,0.6876233816146851,0.6040753126144409,0.6509255766868591,0.5905348658561707,0.663113534450531,0.5779679417610168,0.6762245297431946,0.5669102668762207,0.6865732073783875,0.5985000133514404,0.6636940240859985,0.5786014199256897,0.6748282313346863,0.5628513097763062,0.6861109733581543,0.5502681732177734,0.6962470412254333,0.5931804180145264,0.6732157468795776,0.5734704732894897,0.6816080808639526,0.5593229532241821,0.6879355311393738,0.5485424399375916,0.6942765116691589,0.5893594026565552,0.6789057850837708,0.5732957720756531,0.6881034970283508,0.5626938343048096,0.6910333633422852,0.5546920895576477,0.6936280727386475
agora,0,16,0.6060677170753479,0.6581209301948547,0.6209993362426758,0.6329917907714844,0.6387110352516174,0.6217403411865234,0.6554403901100159,0.6189190149307251,0.6710020303726196,0.6196308732032776,0.6217621564865112,0.644058108329773,0.6164872050285339,0.655281662940979,0.6085062026977539,0.6677626371383667,0.5990533828735352,0.6807544231414795,0.6061141490936279,0.6554385423660278,0.5971917510032654,0.666771650314331,0.5870411396026611,0.6813337802886963,0.5762709975242615,0.6951482892036438,0.5948190093040466,0.6613175868988037,0.585898220539093,0.6732933521270752,0.5755266547203064,0.6847361326217651,0.565668523311615,0.6968078017234802,0.5870491862297058,0.6620855331420898,0.5765491724014282,0.6709142327308655,0.5681331157684326,0.6789097785949707,0.5608623027801514,0.6878233551979065
agora,0,17,0.605375349521637,0.6505874991416931,0.620685338973999,0.6296051144599915,0.6376307606697083,0.6244072318077087,0.6519943475723267,0.6173986792564392,0.6636602282524109,0.6131641268730164,0.6207464337348938,0.6440612077713013,0.6124927997589111,0.653774619102478,0.6028726696968079,0.6659097671508789,0.5927902460098267,0.6772982478141785,0.6056638360023499,0.6541844010353088,0.5931224226951599,0.6644731760025024,0.581796407699585,0.6782625913619995,0.5703166127204895,0.6925797462463379,0.5950365662574768,0.6607014536857605,0.5837050676345825,0.6697307229042053,0.5724847316741943,0.6786143779754639,0.5616852641105652,0.6879895925521851,0.5886685848236084,0.6631382703781128,0.5785381197929382,0.6698129773139954,0.5699096322059631,0.6767176985740662,0.5617775917053223,0.6850190758705139
agora,0,18,0.6087014675140381,0.6789740920066833,0.6217687129974365,0.6529422402381897,0.6319015622138977,0.630983293056488,0.6429690718650818,0.6194419264793396,0.6562432050704956,0.6117852330207825,0.6142666339874268,0.6582198143005371,0.607028067111969,0.6591478586196899,0.5991083979606628,0.6650819778442383,0.5895172953605652,0.6716493964195251,0.5991409420967102,0.6710867285728455,0.5879224538803101,0.6683995723724365,0.578625500202179,0.6681734919548035,0.5703055262565613,0.6702988743782043,0.5875044465065002,0.6786098480224609,0.5755631327629089,0.6744170784950256,0.5656078457832336,0.6720398664474487,0.5565946698188782,0.6730309128761292,0.579912543296814,0.6829947829246521,0.5687499046325684,0.6769737005233765,0.5592225790023804,0.6738512516021729,0.5510503053665161,0.6721794605255127
agora,0,19,0.6066112518310547,0.6715968251228333,0.6147900223731995,0.6453298330307007,0.6257557272911072,0.6193627119064331,0.6356720328330994,0.5978999137878418,0.646352231502533,0.5781246423721313,0.6189593076705933,0.6654382348060608,0.6123200058937073,0.6519811749458313,0.6013423204421997,0.6338852047920227,0.5899602770805359,0.6160406470298767,0.6071826815605164,0.6864011883735657,0.5936861634254456,0.6679054498672485,0.5805880427360535,0.643593430519104,0.5692350268363953,0.6231092214584351,0.5962784290313721,0.7006217241287231,0.5813307166099548,0.6840392351150513,0.5688483715057373,0.663946270942688,0.5593432188034058,0.6445370316505432,0.5861504673957825,0.7055731415748596,0.5724591016769409,0.6953410506248474,0.561773955821991,0.6837989687919617,0.5538057088851929,0.6711624264717102
agora,1,0,0.0,0.0,0.0,0.0,0.0,0.0,0.0,0.0,0.0,0.0,0.0,0.0,0.0,0.0,0.0,0.0,0.0,0.0,0.0,0.0,0.0,0.0,0.0,0.0,0.0,0.0,0.0,0.0,0.0,0.0,0.0,0.0,0.0,0.0,0.0,0.0,0.0,0.0,0.0,0.0,0.0,0.0
agora,1,1,0.0,0.0,0.0,0.0,0.0,0.0,0.0,0.0,0.0,0.0,0.0,0.0,0.0,0.0,0.0,0.0,0.0,0.0,0.0,0.0,0.0,0.0,0.0,0.0,0.0,0.0,0.0,0.0,0.0,0.0,0.0,0.0,0.0,0.0,0.0,0.0,0.0,0.0,0.0,0.0,0.0,0.0
agora,1,2,0.6822637319564819,0.5392231941223145,0.6940245628356934,0.4953242540359497,0.7166345119476318,0.466418594121933,0.735214352607727,0.44814538955688477,0.7520167231559753,0.4333683252334595,0.7282565832138062,0.49218443036079407,0.7429542541503906,0.48158901929855347,0.7510430216789246,0.468389630317688,0.7571333646774292,0.4562871754169464,0.7243828177452087,0.511495053768158,0.7387369871139526,0.503001868724823,0.7460684776306152,0.48533305525779724,0.7502270936965942,0.4714362323284149,0.7153191566467285,0.5302318930625916,0.7285952568054199,0.5208019018173218,0.7348330616950989,0.5063133239746094,0.7382223606109619,0.49535131454467773,0.7022565603256226,0.5454505681991577,0.7120032906532288,0.5383338332176208,0.7186944484710693,0.5276780128479004,0.72261643409729,0.5177254676818848
agora,1,3,0.6929053664207458,0.5435189008712769,0.7106694579124451,0.5000075697898865,0.7374139428138733,0.47685855627059937,0.7585181593894958,0.46206584572792053,0.7783143520355225,0.4487648010253906,0.7445207238197327,0.5068414807319641,0.7653141021728516,0.5044400691986084,0.7783746123313904,0.49292734265327454,0.7885172963142395,0.4807187020778656,0.7380262613296509,0.5239868760108948,0.758770227432251,0.5204443335533142,0.7720499634742737,0.5045753717422485,0.7829343676567078,0.4895418882369995,0.7257139086723328,0.5398651957511902,0.7452240586280823,0.5331937074661255,0.7576907873153687,0.5185326337814331,0.7667468190193176,0.5040065050125122,0.709115743637085,0.5508994460105896,0.7231033444404602,0.5434339046478271,0.7331909537315369,0.5296162366867065,0.7407296299934387,0.5160855650901794
agora,1,4,0.0,0.0,0.0,0.0,0.0,0.0,0.0,0.0,0.0,0.0,0.0,0.0,0.0,0.0,0.0,0.0,0.0,0.0,0.0,0.0,0.0,0.0,0.0,0.0,0.0,0.0,0.0,0.0,0.0,0.0,0.0,0.0,0.0,0.0,0.0,0.0,0.0,0.0,0.0,0.0,0.0,0.0
agora,1,5,0.0,0.0,0.0,0.0,0.0,0.0,0.0,0.0,0.0,0.0,0.0,0.0,0.0,0.0,0.0,0.0,0.0,0.0,0.0,0.0,0.0,0.0,0.0,0.0,0.0,0.0,0.0,0.0,0.0,0.0,0.0,0.0,0.0,0.0,0.0,0.0,0.0,0.0,0.0,0.0,0.0,0.0
agora,1,6,0.614874541759491,0.6194928884506226,0.5994465351104736,0.6269511580467224,0.5842725038528442,0.6459453701972961,0.5734275579452515,0.6597517132759094,0.5636849999427795,0.6722320318222046,0.5774730443954468,0.6501937508583069,0.5618070363998413,0.665803849697113,0.5501574873924255,0.6806920170783997,0.5421493649482727,0.6944217681884766,0.5820778012275696,0.6531394124031067,0.5667979717254639,0.6746423244476318,0.5553765892982483,0.6935034394264221,0.5472281575202942,0.7096014022827148,0.5899273157119751,0.6552800536155701,0.5758541822433472,0.6777192950248718,0.5655271410942078,0.6961482167243958,0.5580344200134277,0.7114466428756714,0.5994167327880859,0.6578384637832642,0.5919313430786133,0.6706912517547607,0.5839157700538635,0.6808065176010132,0.5766516327857971,0.6908681392669678
agora,1,7,0.0,0.0,0.0,0.0,0.0,0.0,0.0,0.0,0.0,0.0,0.0,0.0,0.0,0.0,0.0,0.0,0.0,0.0,0.0,0.0,0.0,0.0,0.0,0.0,0.0,0.0,0.0,0.0,0.0,0.0,0.0,0.0,0.0,0.0,0.0,0.0,0.0,0.0,0.0,0.0,0.0,0.0
agora,1,8,0.6694880723953247,0.6076740026473999,0.6919203400611877,0.5900262594223022,0.7160961031913757,0.5787610411643982,0.7383519411087036,0.5722337961196899,0.7580326199531555,0.5725747346878052,0.7012377977371216,0.5889903903007507,0.7118613719940186,0.6204313635826111,0.7111353874206543,0.6203261017799377,0.7117292284965515,0.6156421899795532,0.6863431334495544,0.6025956869125366,0.6971626281738281,0.63555508852005,0.696998655796051,0.6316985487937927,0.6974702477455139,0.6278038024902344,0.6712929606437683,0.6143950819969177,0.6798645853996277,0.6392754912376404,0.6826940178871155,0.6369169354438782,0.6870666146278381,0.636793851852417,0.6574828624725342,0.6225061416625977,0.6586022973060608,0.6370514035224915,0.6606558561325073,0.6367545127868652,0.6635767817497253,0.638416588306427
agora,1,9,0.0,0.0,0.0,0.0,0.0,0.0,0.0,0.0,0.0,0.0,0.0,0.0,0.0,0.0,0.0,0.0,0.0,0.0,0.0,0.0,0.0,0.0,0.0,0.0,0.0,0.0,0.0,0.0,0.0,0.0,0.0,0.0,0.0,0.0,0.0,0.0,0.0,0.0,0.0,0.0,0.0,0.0
agora,1,10,0.6110591292381287,0.6273402571678162,0.6108096241950989,0.6263656616210938,0.5990554690361023,0.6466061472892761,0.5843299627304077,0.6710747480392456,0.5655002593994141,0.6876233816146851,0.6040753126144409,0.6509255766868591,0.5905348658561707,0.663113534450531,0.5779679417610168,0.6762245297431946,0.5669102668762207,0.6865732073783875,0.5985000133514404,0.6636940240859985,0.5786014199256897,0.6748282313346863,0.5628513097763062,0.6861109733581543,0.5502681732177734,0.6962470412254333,0.5931804180145264,0.6732157468795776,0.5734704732894897,0.6816080808639526,0.5593229532241821,0.6879355311393738,0.5485424399375916,0.6942765116691589,0.5893594026565552,0.6789057850837708,0.5732957720756531,0.6881034970283508,0.5626938343048096,0.6910333633422852,0.5546920895576477,0.6936280727386475
agora,1,11,0.6060677170753479,0.6581209301948547,0.6209993362426758,0.6329917907714844,0.6387110352516174,0.6217403411865234,0.6554403901100159,0.6189190149307251,0.6710020303726196,0.6196308732032776,0.6217621564865112,0.644058108329773,0.6164872050285339,0.655281662940979,0.6085062026977539,0.6677626371383667,0.5990533828735352,0.6807544231414795,0.6061141490936279,0.6554385423660278,0.5971917510032654,0.666771650314331,0.5870411396026611,0.6813337802886963,0.5762709975242615,0.6951482892036438,0.5948190093040466,0.6613175868988037,0.585898220539093,0.6732933521270752,0.5755266547203064,0.6847361326217651,0.565668523311615,0.6968078017234802,0.5870491862297058,0.6620855331420898,0.5765491724014282,0.6709142327308655,0.5681331157684326,0.6789097785949707,0.5608623027801514,0.6878233551979065
agora,1,12,0.605375349521637,0.6505874991416931,0.620685338973999,0.6296051144599915,0.6376307606697083,0.6244072318077087,0.6519943475723267,0.6173986792564392,0.6636602282524109,0.6131641268730164,0.6207464337348938,0.6440612077713013,0.6124927997589111,0.653774619102478,0.6028726696968079,0.6659097671508789,0.5927902460098267,0.6772982478141785,0.6056638360023499,0.6541844010353088,0.5931224226951599,0.6644731760025024,0.581796407699585,0.6782625913619995,0.5703166127204895,0.6925797462463379,0.5950365662574768,0.6607014536857605,0.5837050676345825,0.6697307229042053,0.5724847316741943,0.6786143779754639,0.5616852641105652,0.6879895925521851,0.5886685848236084,0.6631382703781128,0.5785381197929382,0.6698129773139954,0.5699096322059631,0.6767176985740662,0.5617775917053223,0.6850190758705139
agora,1,13,0.6087014675140381,0.6789740920066833,0.6217687129974365,0.6529422402381897,0.6319015622138977,0.630983293056488,0.6429690718650818,0.6194419264793396,0.6562432050704956,0.6117852330207825,0.6142666339874268,0.6582198143005371,0.607028067111969,0.6591478586196899,0.5991083979606628,0.6650819778442383,0.5895172953605652,0.6716493964195251,0.5991409420967102,0.6710867285728455,0.5879224538803101,0.6683995723724365,0.578625500202179,0.6681734919548035,0.5703055262565613,0.6702988743782043,0.5875044465065002,0.6786098480224609,0.5755631327629089,0.6744170784950256,0.5656078457832336,0.6720398664474487,0.5565946698188782,0.6730309128761292,0.579912543296814,0.6829947829246521,0.5687499046325684,0.6769737005233765,0.5592225790023804,0.6738512516021729,0.5510503053665161,0.6721794605255127
agora,1,14,0.6066112518310547,0.6715968251228333,0.6147900223731995,0.6453298330307007,0.6257557272911072,0.6193627119064331,0.6356720328330994,0.5978999137878418,0.646352231502533,0.5781246423721313,0.6189593076705933,0.6654382348060608,0.6123200058937073,0.6519811749458313,0.6013423204421997,0.6338852047920227,0.5899602770805359,0.6160406470298767,0.6071826815605164,0.6864011883735657,0.5936861634254456,0.6679054498672485,0.5805880427360535,0.643593430519104,0.5692350268363953,0.6231092214584351,0.5962784290313721,0.7006217241287231,0.5813307166099548,0.6840392351150513,0.5688483715057373,0.663946270942688,0.5593432188034058,0.6445370316505432,0.5861504673957825,0.7055731415748596,0.5724591016769409,0.6953410506248474,0.561773955821991,0.6837989687919617,0.5538057088851929,0.6711624264717102
agora,1,15,0.6005765795707703,0.7284129858016968,0.592826247215271,0.6779273152351379,0.5857062935829163,0.6314522624015808,0.5779953598976135,0.5933564305305481,0.5757375955581665,0.5631879568099976,0.6071881055831909,0.6338380575180054,0.5876787304878235,0.6007465720176697,0.5661861300468445,0.598068356513977,0.5487976670265198,0.6015007495880127,0.6062629818916321,0.6657910943031311,0.5746704936027527,0.6345774531364441,0.5501059293746948,0.6270887851715088,0.5338492393493652,0.6262212991714478,0.6013616323471069,0.6975024938583374,0.5731935501098633,0.6684374809265137,0.5511163473129272,0.6549374461174011,0.5351825952529907,0.6496056318283081,0.5939021706581116,0.7257691025733948,0.5720874667167664,0.7084524631500244,0.5570893883705139,0.6973109841346741,0.5457115173339844,0.6892878413200378
agora,1,16,0.4016720652580261,0.7737058997154236,0.40862131118774414,0.7342206239700317,0.42564302682876587,0.7129542231559753,0.44605743885040283,0.7082779407501221,0.4651714265346527,0.7076165080070496,0.4462580680847168,0.781294584274292,0.4825526475906372,0.7983211278915405,0.5036324858665466,0.7852477431297302,0.5151816010475159,0.7698946595191956,0.4479736089706421,0.8049780130386353,0.48690086603164673,0.8203485012054443,0.5078443288803101,0.802037239074707,0.517251193523407,0.7831842303276062,0.4500834047794342,0.8136276602745056,0.4832877218723297,0.8282848596572876,0.5027395486831665,0.8123543858528137,0.5141541361808777,0.7955169081687927,0.45262813568115234,0.8149673342704773,0.4795977473258972,0.8245460987091064,0.49503761529922485,0.818583071231842,0.5055422782897949,0.8109518885612488
agora,1,17,0.5903298258781433,0.8061951398849487,0.5527916550636292,0.8026399612426758,0.5310094952583313,0.7762857675552368,0.5170167088508606,0.7556871771812439,0.5061931610107422,0.7452932596206665,0.5373503565788269,0.7152950763702393,0.5030574202537537,0.7205290794372559,0.4931848645210266,0.7529233694076538,0.49405959248542786,0.7747489809989929,0.544008731842041,0.7202184200286865,0.5049266219139099,0.7282360792160034,0.49465614557266235,0.7612457871437073,0.49545833468437195,0.7844469547271729,0.5506502985954285,0.7380028367042542,0.5136808753013611,0.7415360808372498,0.5010948181152344,0.7710825800895691,0.498128205537796,0.7934205532073975,0.5560952425003052,0.7645167112350464,0.5352091193199158,0.7638079524040222,0.5206772089004517,0.7754682302474976,0.5107353925704956,0.7876383662223816
agora,1,18,0.4345863163471222,0.8255127668380737,0.4412078261375427,0.7952669262886047,0.45934200286865234,0.7796890139579773,0.48002544045448303,0.769217848777771,0.49989593029022217,0.7639708518981934,0.4815230667591095,0.8442487120628357,0.5125014781951904,0.8504446744918823,0.5257667303085327,0.8360105752944946,0.5264378190040588,0.8197928071022034,0.48319387435913086,0.852907121181488,0.5127063989639282,0.8538352251052856,0.5215136408805847,0.8319845199584961,0.5196405053138733,0.8137332201004028,0.4835839867591858,0.8526327013969421,0.5079366564750671,0.8494781255722046,0.5153591632843018,0.8286659717559814,0.5153751969337463,0.8108986020088196,0.48423564434051514,0.8484091758728027,0.5027952790260315,0.8441393971443176,0.5109232068061829,0.8303641676902771,0.512237548828125,0.8165712356567383
agora,1,19,0.4449723958969116,0.8310027122497559,0.44724833965301514,0.8073238730430603,0.46638762950897217,0.7937525510787964,0.4899466335773468,0.7796709537506104,0.5107578635215759,0.7694016098976135,0.49276310205459595,0.856587827205658,0.5282987356185913,0.835242509841919,0.5243298411369324,0.815788209438324,0.5135475993156433,0.8142510652542114,0.49727630615234375,0.8576908111572266,0.5282652974128723,0.828086256980896,0.5198360681533813,0.8064379096031189,0.5085529088973999,0.8068711757659912,0.49957433342933655,0.8510592579841614,0.5250415205955505,0.8222161531448364,0.5154556632041931,0.8039560317993164,0.5055809020996094,0.8070436716079712,0.502204954624176,0.8429268598556519,0.5198245048522949,0.817880392074585,0.5125858783721924,0.8055791854858398,0.5027571320533752,0.8095653653144836
agarrar,2,0,0.4421030879020691,0.7730944752693176,0.46479275822639465,0.7557332515716553,0.48773983120918274,0.7332738041877747,0.5081578493118286,0.7295690774917603,0.5214127898216248,0.7382218837738037,0.4933047592639923,0.6969239711761475,0.5146892666816711,0.6904071569442749,0.5240018963813782,0.7083505392074585,0.5270716547966003,0.7253396511077881,0.49308452010154724,0.712104320526123,0.5148293375968933,0.7108197212219238,0.5211274027824402,0.7282715439796448,0.5241973996162415,0.7443280816078186,0.49311551451683044,0.7327864170074463,0.5138271450996399,0.7322326898574829,0.5189597010612488,0.746424674987793,0.5210379958152771,0.7576274871826172,0.492056280374527,0.7536366581916809,0.5123229622840881,0.7536073327064514,0.516970157623291,0.7621482014656067,0.5178754329681396,0.7673777341842651
agarrar,2,1,0.5873213410377502,0.768251359462738,0.5772020220756531,0.7069999575614929,0.5566921234130859,0.6809442639350891,0.5319245457649231,0.6734699010848999,0.5134493112564087,0.6734276413917542,0.5520920753479004,0.7389697432518005,0.5198228359222412,0.7607877254486084,0.5062693953514099,0.7504384517669678,0.5001345276832581,0.7402132749557495,0.5457289814949036,0.7735393047332764,0.5032283067703247,0.7728699445724487,0.4979828894138336,0.7470689415931702,0.5048423409461975,0.732428252696991,0.5405632853507996,0.7950567603111267,0.5015811920166016,0.7836280465126038,0.5005910396575928,0.7576055526733398,0.5099303126335144,0.7439170479774475,0.5363300442695618,0.8046334981918335,0.5053406357765198,0.7917537093162537,0.5036641955375671,0.7685087323188782,0.5104005932807922,0.7564830183982849
agarrar,2,2,0.4328271150588989,0.6856944561004639,0.447897344827652,0.6528797149658203,0.4705064296722412,0.637372612953186,0.48791706562042236,0.6349531412124634,0.5010687112808228,0.6416493058204651,0.4805196523666382,0.6143670678138733,0.5082774758338928,0.6184388995170593,0.5234309434890747,0.6363513469696045,0.5296939015388489,0.6534554958343506,0.4834038019180298,0.6263362765312195,0.5119824409484863,0.6292985677719116,0.525356650352478,0.6479693651199341,0.531183123588562,0.6662567257881165,0.48533549904823303,0.6472101211547852,0.5125734210014343,0.6515651941299438,0.522426187992096,0.6694297194480896,0.5257254838943481,0.6859117150306702,0.48669448494911194,0.6749043464660645,0.5074699521064758,0.6782434582710266,0.5148781538009644,0.6895359754562378,0.5174752473831177,0.7001503705978394
agarrar,2,3,0.42358657717704773,0.6405940651893616,0.44029614329338074,0.6072693467140198,0.4655703008174896,0.5862736701965332,0.4873393177986145,0.5846162438392639,0.5030778646469116,0.5928545594215393,0.46862971782684326,0.56595379114151,0.4994467496871948,0.5591299533843994,0.5192590355873108,0.5690612196922302,0.5321782827377319,0.5804299116134644,0.4674868881702423,0.5827070474624634,0.5003906488418579,0.5770731568336487,0.5209123492240906,0.5872811079025269,0.5347108840942383,0.5998393297195435,0.46554893255233765,0.6102251410484314,0.49813756346702576,0.6054204702377319,0.516546905040741,0.6161634922027588,0.5283172726631165,0.6285467147827148,0.46283698081970215,0.6439117789268494,0.4856824576854706,0.639020562171936,0.4974193572998047,0.6435540914535522,0.5050086975097656,0.6504884362220764
agarrar,2,4,0.5899028778076172,0.6793113350868225,0.585732638835907,0.6213433742523193,0.5706900358200073,0.5857151746749878,0.5497034788131714,0.5716238617897034,0.5344524383544922,0.5556707978248596,0.5479956865310669,0.6233311295509338,0.5191366672515869,0.6302171349525452,0.5046113729476929,0.6317758560180664,0.49323907494544983,0.6312131881713867,0.541233479976654,0.6629206538200378,0.5071069002151489,0.664574146270752,0.4926542639732361,0.6567720770835876,0.48405200242996216,0.6499906778335571,0.5368784070014954,0.6938895583152771,0.5043001174926758,0.6937441229820251,0.4900570511817932,0.682801365852356,0.4814581274986267,0.6719872355461121,0.5345144271850586,0.7172538042068481,0.5064992904663086,0.7145074605941772,0.4948838949203491,0.7038332223892212,0.48816484212875366,0.6916024088859558
agarrar,2,5,0.5892776250839233,0.6602148413658142,0.5804834961891174,0.5979348421096802,0.565188467502594,0.5572788119316101,0.5425871014595032,0.5446271896362305,0.5276828408241272,0.5364073514938354,0.5520858764648438,0.5817035436630249,0.5303997993469238,0.5824785828590393,0.5182214379310608,0.5884677767753601,0.5080385804176331,0.5912455916404724,0.5482221245765686,0.6215017437934875,0.5225963592529297,0.6247759461402893,0.5059575438499451,0.6272376775741577,0.49278295040130615,0.6268772482872009,0.5466181039810181,0.6575292348861694,0.5205758213996887,0.663442075252533,0.503756046295166,0.6637002825737,0.4900256395339966,0.660264790058136,0.5469568967819214,0.6902652978897095,0.5247442722320557,0.6927686929702759,0.5117030143737793,0.691750705242157,0.500176727771759,0.6867833733558655
agarrar,2,6,0.5922112464904785,0.6538757085800171,0.5774115324020386,0.5860341191291809,0.5539474487304688,0.547519862651825,0.5307028293609619,0.5401673316955566,0.5165919065475464,0.5623643398284912,0.5619780421257019,0.5557833909988403,0.535010576248169,0.5541133284568787,0.5295548439025879,0.5633915066719055,0.5304957032203674,0.5667723417282104,0.559751570224762,0.59058678150177,0.5282333493232727,0.5962464213371277,0.5301982760429382,0.6022303104400635,0.538773238658905,0.6009945869445801,0.5581910014152527,0.6259682178497314,0.5305750370025635,0.6348075866699219,0.5343142151832581,0.6370097398757935,0.5427129864692688,0.6326918601989746,0.556799054145813,0.660305380821228,0.5351663827896118,0.666704535484314,0.5345743894577026,0.6680492758750916,0.5392799377441406,0.6653422713279724
agarrar,2,7,0.5615057349205017,0.6402947902679443,0.5473945736885071,0.5890313982963562,0.5383554697036743,0.5555357933044434,0.5270748734474182,0.5487497448921204,0.5134478211402893,0.5625563263893127,0.5605164170265198,0.5560382604598999,0.5575546026229858,0.5366061925888062,0.5527566075325012,0.5314846038818359,0.5494591593742371,0.5309514403343201,0.5634576082229614,0.585639238357544,0.5609210133552551,0.5732327699661255,0.5566466450691223,0.5666093826293945,0.5535870790481567,0.5618897676467896,0.5637670755386353,0.6178945302963257,0.5602098107337952,0.6176396012306213,0.5579464435577393,0.6129617691040039,0.5560092926025391,0.6063204407691956,0.5617644190788269,0.6500057578086853,0.5607679486274719,0.6563185453414917,0.5581045150756836,0.6536190509796143,0.5556064248085022,0.64842289686203
agarrar,2,8,0.4121967554092407,0.4832770526409149,0.43721699714660645,0.45332348346710205,0.47100767493247986,0.4385340213775635,0.49901413917541504,0.43744349479675293,0.5214713215827942,0.43653741478919983,0.45545119047164917,0.43312668800354004,0.47190001606941223,0.43130025267601013,0.48327720165252686,0.44236990809440613,0.49317964911460876,0.45485296845436096,0.44517064094543457,0.4612460136413574,0.46453139185905457,0.47018811106681824,0.47917431592941284,0.4839451014995575,0.4906836152076721,0.4964843988418579,0.4353829324245453,0.4938494563102722,0.45394325256347656,0.5054104924201965,0.46790558099746704,0.5182691812515259,0.47965940833091736,0.526492714881897,0.42690035700798035,0.5264923572540283,0.44461962580680847,0.5418499708175659,0.4565230906009674,0.5518110394477844,0.4675426185131073,0.5599655508995056
agarrar,2,9,0.41561180353164673,0.48239320516586304,0.4419705867767334,0.4526733160018921,0.47752609848976135,0.44198817014694214,0.5057955980300903,0.44567495584487915,0.5277581810951233,0.45109283924102783,0.46418142318725586,0.4395998418331146,0.4799565374851227,0.4428439438343048,0.48908400535583496,0.4576934278011322,0.49620291590690613,0.4738806486129761,0.4530477821826935,0.468865305185318,0.4702509641647339,0.482771635055542,0.48166710138320923,0.49940842390060425,0.4902697205543518,0.5135866403579712,0.4423013925552368,0.5007245540618896,0.45820310711860657,0.5156276822090149,0.46987104415893555,0.5299445986747742,0.4796338677406311,0.5391854047775269,0.4329906404018402,0.5321324467658997,0.44847142696380615,0.5486270785331726,0.45828884840011597,0.5600649118423462,0.46768468618392944,0.5702193975448608
agarrar,2,10,0.5275588035583496,0.6042929291725159,0.5249403119087219,0.5620182156562805,0.5242505669593811,0.5251095294952393,0.52837073802948,0.5057772994041443,0.5374110341072083,0.49916648864746094,0.5239595770835876,0.5678126811981201,0.5324857234954834,0.5696715116500854,0.5411057472229004,0.5700770020484924,0.5516552925109863,0.5639747977256775,0.5275183320045471,0.5911098122596741,0.5367820262908936,0.5741207599639893,0.5485574007034302,0.5616564750671387,0.5608187913894653,0.5488218069076538,0.5308329463005066,0.6123435497283936,0.5355419516563416,0.5945967435836792,0.5473285913467407,0.5792147517204285,0.5605589747428894,0.5634772777557373,0.5350399613380432,0.6362714171409607,0.5350561738014221,0.6343339681625366,0.5408822894096375,0.6264825463294983,0.5480080842971802,0.6162207722663879
agarrar,2,11,0.4314255714416504,0.5033789873123169,0.45985573530197144,0.47709518671035767,0.49450838565826416,0.47798341512680054,0.5173935294151306,0.48979243636131287,0.5318464636802673,0.5063426494598389,0.4828873872756958,0.4816969931125641,0.49580705165863037,0.5051645636558533,0.5014523863792419,0.5299775004386902,0.5056978464126587,0.5516791939735413,0.46777045726776123,0.5093187689781189,0.4790426790714264,0.5403016209602356,0.4864460229873657,0.5682544708251953,0.4925515353679657,0.5916592478752136,0.45477575063705444,0.5371580123901367,0.4676331579685211,0.5674273371696472,0.47558003664016724,0.5919670462608337,0.4824047088623047,0.6108864545822144,0.4448566138744354,0.5626057386398315,0.45730507373809814,0.5928758978843689,0.4654076397418976,0.6113004088401794,0.4734176993370056,0.6284510493278503
agarrar,2,12,0.4322141408920288,0.5149655342102051,0.46728456020355225,0.496259868144989,0.5051803588867188,0.5069199204444885,0.5287578701972961,0.5257546901702881,0.5448971390724182,0.5291654467582703,0.4866048991680145,0.5031598806381226,0.4977186322212219,0.5287578105926514,0.5038978457450867,0.5537658333778381,0.5093919634819031,0.5757719278335571,0.46941277384757996,0.5260196328163147,0.4789303243160248,0.560688853263855,0.48636266589164734,0.590743362903595,0.49269363284111023,0.6159453392028809,0.45575571060180664,0.5495999455451965,0.46728381514549255,0.5840731263160706,0.47517216205596924,0.6124380230903625,0.4820179343223572,0.6349390149116516,0.4457262456417084,0.5700120329856873,0.45517221093177795,0.6041338443756104,0.46287471055984497,0.6261466145515442,0.4706942141056061,0.647071123123169
agarrar,2,13,0.43657994270324707,0.5140498280525208,0.4722542464733124,0.49551570415496826,0.5085580945014954,0.5110717415809631,0.5296102166175842,0.5369547009468079,0.5428366661071777,0.5514329075813293,0.4893423020839691,0.5060268640518188,0.49954745173454285,0.5319597125053406,0.5033599734306335,0.5592970252037048,0.5063714385032654,0.584002673625946,0.4713873863220215,0.5288311243057251,0.48141247034072876,0.5638689398765564,0.48648253083229065,0.5952060222625732,0.49087437987327576,0.6209166049957275,0.45731204748153687,0.5523553490638733,0.46854543685913086,0.587853193283081,0.47534677386283875,0.6171730756759644,0.48187321424484253,0.6398998498916626,0.4470709562301636,0.572279155254364,0.45671847462654114,0.6083504557609558,0.46320411562919617,0.6311050057411194,0.4700482487678528,0.6509870290756226
agarrar,2,14,0.4392571449279785,0.5098367929458618,0.47541722655296326,0.48937711119651794,0.5132821798324585,0.5083372592926025,0.5361548662185669,0.5427038669586182,0.5503119230270386,0.5722691416740417,0.4936447739601135,0.5005043148994446,0.5025693774223328,0.5263943672180176,0.5067472457885742,0.5550001263618469,0.5092172026634216,0.5812117457389832,0.4749244451522827,0.5255706310272217,0.4844275116920471,0.5628736615180969,0.4903576374053955,0.5953381657600403,0.4944925904273987,0.6227458119392395,0.4603157639503479,0.5508634448051453,0.4720347225666046,0.5878369212150574,0.47878625988960266,0.6173768639564514,0.48501017689704895,0.64027339220047,0.4496311545372009,0.5734882950782776,0.4589482545852661,0.607387363910675,0.46603474020957947,0.6288487911224365,0.473461776971817,0.6487964391708374
agarrar,2,15,0.4423464834690094,0.5059447288513184,0.4795331656932831,0.4884658455848694,0.5160972476005554,0.5095461010932922,0.5381243228912354,0.5469021797180176,0.550927996635437,0.580030620098114,0.49857741594314575,0.49693459272384644,0.508000373840332,0.5230005979537964,0.5111592411994934,0.5520351529121399,0.5127154588699341,0.5790802240371704,0.479056715965271,0.5220461487770081,0.4884437322616577,0.5591815710067749,0.4928472638130188,0.5914195775985718,0.49601686000823975,0.6192499399185181,0.4635227918624878,0.5470986366271973,0.47496721148490906,0.5852615237236023,0.4805462658405304,0.6143090724945068,0.485749751329422,0.636993408203125,0.4525214433670044,0.5703087449073792,0.46180859208106995,0.606139600276947,0.4689215421676636,0.6273607015609741,0.476701557636261,0.6463178992271423
agarrar,2,16,0.4443977177143097,0.5022214651107788,0.4820815622806549,0.484982430934906,0.518174946308136,0.5056942701339722,0.5403144955635071,0.5407440662384033,0.5538999438285828,0.5715218186378479,0.4999235272407532,0.4892859160900116,0.508484423160553,0.5160989761352539,0.5119929313659668,0.5427072644233704,0.514053225517273,0.5701231956481934,0.4810198247432709,0.5137043595314026,0.49051976203918457,0.5515962839126587,0.49503839015960693,0.5826310515403748,0.4976380169391632,0.6108183264732361,0.46588659286499023,0.5396419763565063,0.4771794378757477,0.5792538523674011,0.482416570186615,0.6076392531394958,0.4867633283138275,0.6306028366088867,0.45433834195137024,0.5643973350524902,0.4645376205444336,0.5997369289398193,0.4716493785381317,0.6221712231636047,0.47856980562210083,0.6422685980796814
agarrar,2,17,0.4464324414730072,0.49720001220703125,0.48086676001548767,0.4773890972137451,0.5168384313583374,0.4950503706932068,0.5395276546478271,0.5314198136329651,0.5538344383239746,0.5622717142105103,0.5000584721565247,0.47923970222473145,0.5089074373245239,0.506708025932312,0.5104464292526245,0.5350970029830933,0.5098551511764526,0.5638771653175354,0.48092299699783325,0.5048731565475464,0.4899875521659851,0.5441927313804626,0.4943208694458008,0.576813280582428,0.4974631667137146,0.6057968735694885,0.46551448106765747,0.5314139127731323,0.47552070021629333,0.5717048048973083,0.4803507924079895,0.6008114218711853,0.4845055937767029,0.6228585243225098,0.4547547399997711,0.5582845211029053,0.46518075466156006,0.5920623540878296,0.4698425531387329,0.6110214591026306,0.4738665819168091,0.6266976594924927
agarrar,2,18,0.45246678590774536,0.48790982365608215,0.48652371764183044,0.47045931220054626,0.5214037299156189,0.489307165145874,0.5414974093437195,0.5246562361717224,0.5539243817329407,0.5552874207496643,0.5021941065788269,0.4640732705593109,0.5081168413162231,0.48779991269111633,0.5073271989822388,0.5125840306282043,0.5058669447898865,0.5396550893783569,0.48207536339759827,0.48880526423454285,0.4875194728374481,0.5290930271148682,0.490093857049942,0.5623549222946167,0.492796927690506,0.5931264162063599,0.4658687114715576,0.5159692168235779,0.4727088212966919,0.5584512948989868,0.47796207666397095,0.5890903472900391,0.48426035046577454,0.6134271621704102,0.4549266993999481,0.5425896644592285,0.4630899727344513,0.579723596572876,0.46735531091690063,0.6018854975700378,0.47234901785850525,0.6199674606323242
agarrar,2,19,0.5304973125457764,0.6458631157875061,0.5265645384788513,0.5765144228935242,0.527127742767334,0.5320836305618286,0.5385956168174744,0.5221737623214722,0.5476515293121338,0.5265191793441772,0.5108357667922974,0.549090564250946,0.49465420842170715,0.525938093662262,0.48576146364212036,0.5350590944290161,0.4821476936340332,0.5474382638931274,0.5066775679588318,0.579552412033081,0.48936986923217773,0.5606546998023987,0.4819543957710266,0.5659272074699402,0.48056644201278687,0.5684455037117004,0.5051407814025879,0.6151495575904846,0.4886382818222046,0.6026304960250854,0.4852277338504791,0.6005777716636658,0.48701274394989014,0.5941154956817627,0.5049213767051697,0.6519152522087097,0.4924509525299072,0.6554593443870544,0.4899710416793823,0.6505057215690613,0.4915320575237274,0.6417975425720215
agarrar,3,0,0.5892776250839233,0.6602148413658142,0.5804834961891174,0.5979348421096802,0.565188467502594,0.5572788119316101,0.5425871014595032,0.5446271896362305,0.5276828408241272,0.5364073514938354,0.5520858764648438,0.5817035436630249,0.5303997993469238,0.5824785828590393,0.5182214379310608,0.5884677767753601,0.5080385804176331,0.5912455916404724,0.5482221245765686,0.6215017437934875,0.5225963592529297,0.6247759461402893,0.5059575438499451,0.6272376775741577,0.49278295040130615,0.6268772482872009,0.5466181039810181,0.6575292348861694,0.5205758213996887,0.663442075252533,0.503756046295166,0.6637002825737,0.4900256395339966,0.660264790058136,0.5469568967819214,0.6902652978897095,0.5247442722320557,0.6927686929702759,0.5117030143737793,0.691750705242157,0.500176727771759,0.6867833733558655
agarrar,3,1,0.5922112464904785,0.6538757085800171,0.5774115324020386,0.5860341191291809,0.5539474487304688,0.547519862651825,0.5307028293609619,0.5401673316955566,0.5165919065475464,0.5623643398284912,0.5619780421257019,0.5557833909988403,0.535010576248169,0.5541133284568787,0.5295548439025879,0.5633915066719055,0.5304957032203674,0.5667723417282104,0.559751570224762,0.59058678150177,0.5282333493232727,0.5962464213371277,0.5301982760429382,0.6022303104400635,0.538773238658905,0.6009945869445801,0.5581910014152527,0.6259682178497314,0.5305750370025635,0.6348075866699219,0.5343142151832581,0.6370097398757935,0.5427129864692688,0.6326918601989746,0.556799054145813,0.660305380821228,0.5351663827896118,0.666704535484314,0.5345743894577026,0.6680492758750916,0.5392799377441406,0.6653422713279724
agarrar,3,2,0.5615057349205017,0.6402947902679443,0.5473945736885071,0.5890313982963562,0.5383554697036743,0.5555357933044434,0.5270748734474182,0.5487497448921204,0.5134478211402893,0.5625563263893127,0.5605164170265198,0.5560382604598999,0.5575546026229858,0.5366061925888062,0.5527566075325012,0.5314846038818359,0.5494591593742371,0.5309514403343201,0.5634576082229614,0.585639238357544,0.5609210133552551,0.5732327699661255,0.5566466450691223,0.5666093826293945,0.5535870790481567,0.5618897676467896,0.5637670755386353,0.6178945302963257,0.5602098107337952,0.6176396012306213,0.5579464435577393,0.6129617691040039,0.5560092926025391,0.6063204407691956,0.5617644190788269,0.6500057578086853,0.5607679486274719,0.6563185453414917,0.5581045150756836,0.6536190509796143,0.5556064248085022,0.64842289686203
agarrar,3,3,0.4121967554092407,0.4832770526409149,0.43721699714660645,0.45332348346710205,0.47100767493247986,0.4385340213775635,0.49901413917541504,0.43744349479675293,0.5214713215827942,0.43653741478919983,0.45545119047164917,0.43312668800354004,0.47190001606941223,0.43130025267601013,0.48327720165252686,0.44236990809440613,0.49317964911460876,0.45485296845436096,0.44517064094543457,0.4612460136413574,0.46453139185905457,0.47018811106681824,0.47917431592941284,0.4839451014995575,0.4906836152076721,0.4964843988418579,0.4353829324245453,0.4938494563102722,0.45394325256347656,0.5054104924201965,0.46790558099746704,0.5182691812515259,0.47965940833091736,0.526492714881897,0.42690035700798035,0.5264923572540283,0.44461962580680847,0.5418499708175659,0.4565230906009674,0.5518110394477844,0.4675426185131073,0.5599655508995056
agarrar,3,4,0.41561180353164673,0.48239320516586304,0.4419705867767334,0.4526733160018921,0.47752609848976135,0.44198817014694214,0.5057955980300903,0.44567495584487915,0.5277581810951233,0.45109283924102783,0.46418142318725586,0.4395998418331146,0.4799565374851227,0.4428439438343048,0.48908400535583496,0.4576934278011322,0.49620291590690613,0.4738806486129761,0.4530477821826935,0.468865305185318,0.4702509641647339,0.482771635055542,0.48166710138320923,0.49940842390060425,0.4902697205543518,0.5135866403579712,0.4423013925552368,0.5007245540618896,0.45820310711860657,0.5156276822090149,0.46987104415893555,0.5299445986747742,0.4796338677406311,0.5391854047775269,0.4329906404018402,0.5321324467658997,0.44847142696380615,0.5486270785331726,0.45828884840011597,0.5600649118423462,0.46768468618392944,0.5702193975448608
agarrar,3,5,0.5275588035583496,0.6042929291725159,0.5249403119087219,0.5620182156562805,0.5242505669593811,0.5251095294952393,0.52837073802948,0.5057772994041443,0.5374110341072083,0.49916648864746094,0.5239595770835876,0.5678126811981201,0.5324857234954834,0.5696715116500854,0.5411057472229004,0.5700770020484924,0.5516552925109863,0.5639747977256775,0.5275183320045471,0.5911098122596741,0.5367820262908936,0.5741207599639893,0.5485574007034302,0.5616564750671387,0.5608187913894653,0.5488218069076538,0.5308329463005066,0.6123435497283936,0.5355419516563416,0.5945967435836792,0.5473285913467407,0.5792147517204285,0.5605589747428894,0.5634772777557373,0.5350399613380432,0.6362714171409607,0.5350561738014221,0.6343339681625366,0.5408822894096375,0.6264825463294983,0.5480080842971802,0.6162207722663879
agarrar,3,6,0.4314255714416504,0.5033789873123169,0.45985573530197144,0.47709518671035767,0.49450838565826416,0.47798341512680054,0.5173935294151306,0.48979243636131287,0.5318464636802673,0.5063426494598389,0.4828873872756958,0.4816969931125641,0.49580705165863037,0.5051645636558533,0.5014523863792419,0.5299775004386902,0.5056978464126587,0.5516791939735413,0.46777045726776123,0.5093187689781189,0.4790426790714264,0.5403016209602356,0.4864460229873657,0.5682544708251953,0.4925515353679657,0.5916592478752136,0.45477575063705444,0.5371580123901367,0.4676331579685211,0.5674273371696472,0.47558003664016724,0.5919670462608337,0.4824047088623047,0.6108864545822144,0.4448566138744354,0.5626057386398315,0.45730507373809814,0.5928758978843689,0.4654076397418976,0.6113004088401794,0.4734176993370056,0.6284510493278503
agarrar,3,7,0.4322141408920288,0.5149655342102051,0.46728456020355225,0.496259868144989,0.5051803588867188,0.5069199204444885,0.5287578701972961,0.5257546901702881,0.5448971390724182,0.5291654467582703,0.4866048991680145,0.5031598806381226,0.4977186322212219,0.5287578105926514,0.5038978457450867,0.5537658333778381,0.5093919634819031,0.5757719278335571,0.46941277384757996,0.5260196328163147,0.4789303243160248,0.560688853263855,0.48636266589164734,0.590743362903595,0.49269363284111023,0.6159453392028809,0.45575571060180664,0.5495999455451965,0.46728381514549255,0.5840731263160706,0.47517216205596924,0.6124380230903625,0.4820179343223572,0.6349390149116516,0.4457262456417084,0.5700120329856873,0.45517221093177795,0.6041338443756104,0.46287471055984497,0.6261466145515442,0.4706942141056061,0.647071123123169
agarrar,3,8,0.43657994270324707,0.5140498280525208,0.4722542464733124,0.49551570415496826,0.5085580945014954,0.5110717415809631,0.5296102166175842,0.5369547009468079,0.5428366661071777,0.5514329075813293,0.4893423020839691,0.5060268640518188,0.49954745173454285,0.5319597125053406,0.5033599734306335,0.5592970252037048,0.5063714385032654,0.584002673625946,0.4713873863220215,0.5288311243057251,0.48141247034072876,0.5638689398765564,0.48648253083229065,0.5952060222625732,0.49087437987327576,0.6209166049957275,0.45731204748153687,0.5523553490638733,0.46854543685913086,0.587853193283081,0.47534677386283875,0.6171730756759644,0.48187321424484253,0.6398998498916626,0.4470709562301636,0.572279155254364,0.45671847462654114,0.6083504557609558,0.46320411562919617,0.6311050057411194,0.4700482487678528,0.6509870290756226
agarrar,3,9,0.4392571449279785,0.5098367929458618,0.47541722655296326,0.48937711119651794,0.5132821798324585,0.5083372592926025,0.5361548662185669,0.5427038669586182,0.5503119230270386,0.5722691416740417,0.4936447739601135,0.5005043148994446,0.5025693774223328,0.5263943672180176,0.5067472457885742,0.5550001263618469,0.5092172026634216,0.5812117457389832,0.4749244451522827,0.5255706310272217,0.4844275116920471,0.5628736615180969,0.4903576374053955,0.5953381657600403,0.4944925904273987,0.6227458119392395,0.4603157639503479,0.5508634448051453,0.4720347225666046,0.5878369212150574,0.47878625988960266,0.6173768639564514,0.48501017689704895,0.64027339220047,0.4496311545372009,0.5734882950782776,0.4589482545852661,0.607387363910675,0.46603474020957947,0.6288487911224365,0.473461776971817,0.6487964391708374
agarrar,3,10,0.4423464834690094,0.5059447288513184,0.4795331656932831,0.4884658455848694,0.5160972476005554,0.5095461010932922,0.5381243228912354,0.5469021797180176,0.550927996635437,0.580030620098114,0.49857741594314575,0.49693459272384644,0.508000373840332,0.5230005979537964,0.5111592411994934,0.5520351529121399,0.5127154588699341,0.5790802240371704,0.479056715965271,0.5220461487770081,0.4884437322616577,0.5591815710067749,0.4928472638130188,0.5914195775985718,0.49601686000823975,0.6192499399185181,0.4635227918624878,0.5470986366271973,0.47496721148490906,0.5852615237236023,0.4805462658405304,0.6143090724945068,0.485749751329422,0.636993408203125,0.4525214433670044,0.5703087449073792,0.46180859208106995,0.606139600276947,0.4689215421676636,0.6273607015609741,0.476701557636261,0.6463178992271423
agarrar,3,11,0.4443977177143097,0.5022214651107788,0.4820815622806549,0.484982430934906,0.518174946308136,0.5056942701339722,0.5403144955635071,0.5407440662384033,0.5538999438285828,0.5715218186378479,0.4999235272407532,0.4892859160900116,0.508484423160553,0.5160989761352539,0.5119929313659668,0.5427072644233704,0.514053225517273,0.5701231956481934,0.4810198247432709,0.5137043595314026,0.49051976203918457,0.5515962839126587,0.49503839015960693,0.5826310515403748,0.4976380169391632,0.6108183264732361,0.46588659286499023,0.5396419763565063,0.4771794378757477,0.5792538523674011,0.482416570186615,0.6076392531394958,0.4867633283138275,0.6306028366088867,0.45433834195137024,0.5643973350524902,0.4645376205444336,0.5997369289398193,0.4716493785381317,0.6221712231636047,0.47856980562210083,0.6422685980796814
agarrar,3,12,0.4464324414730072,0.49720001220703125,0.48086676001548767,0.4773890972137451,0.5168384313583374,0.4950503706932068,0.5395276546478271,0.5314198136329651,0.5538344383239746,0.5622717142105103,0.5000584721565247,0.47923970222473145,0.5089074373245239,0.506708025932312,0.5104464292526245,0.5350970029830933,0.5098551511764526,0.5638771653175354,0.48092299699783325,0.5048731565475464,0.4899875521659851,0.5441927313804626,0.4943208694458008,0.576813280582428,0.4974631667137146,0.6057968735694885,0.46551448106765747,0.5314139127731323,0.47552070021629333,0.5717048048973083,0.4803507924079895,0.6008114218711853,0.4845055937767029,0.6228585243225098,0.4547547399997711,0.5582845211029053,0.46518075466156006,0.5920623540878296,0.4698425531387329,0.6110214591026306,0.4738665819168091,0.6266976594924927
agarrar,3,13,0.45246678590774536,0.48790982365608215,0.48652371764183044,0.47045931220054626,0.5214037299156189,0.489307165145874,0.5414974093437195,0.5246562361717224,0.5539243817329407,0.5552874207496643,0.5021941065788269,0.4640732705593109,0.5081168413162231,0.48779991269111633,0.5073271989822388,0.5125840306282043,0.5058669447898865,0.5396550893783569,0.48207536339759827,0.48880526423454285,0.4875194728374481,0.5290930271148682,0.490093857049942,0.5623549222946167,0.492796927690506,0.5931264162063599,0.4658687114715576,0.5159692168235779,0.4727088212966919,0.5584512948989868,0.47796207666397095,0.5890903472900391,0.48426035046577454,0.6134271621704102,0.4549266993999481,0.5425896644592285,0.4630899727344513,0.579723596572876,0.46735531091690063,0.6018854975700378,0.47234901785850525,0.6199674606323242
agarrar,3,14,0.5304973125457764,0.6458631157875061,0.5265645384788513,0.5765144228935242,0.527127742767334,0.5320836305618286,0.5385956168174744,0.5221737623214722,0.5476515293121338,0.5265191793441772,0.5108357667922974,0.549090564250946,0.49465420842170715,0.525938093662262,0.48576146364212036,0.5350590944290161,0.4821476936340332,0.5474382638931274,0.5066775679588318,0.579552412033081,0.48936986923217773,0.5606546998023987,0.4819543957710266,0.5659272074699402,0.48056644201278687,0.5684455037117004,0.5051407814025879,0.6151495575904846,0.4886382818222046,0.6026304960250854,0.4852277338504791,0.6005777716636658,0.48701274394989014,0.5941154956817627,0.5049213767051697,0.6519152522087097,0.4924509525299072,0.6554593443870544,0.4899710416793823,0.6505057215690613,0.4915320575237274,0.6417975425720215
agarrar,3,15,0.524265706539154,0.63043612241745,0.5190434455871582,0.5650385618209839,0.5183116793632507,0.5218369960784912,0.5294314026832581,0.5074033737182617,0.5410295724868774,0.5057353973388672,0.5071649551391602,0.5456439256668091,0.4924359619617462,0.5253543257713318,0.4838480055332184,0.5351752638816833,0.4782485365867615,0.550145149230957,0.5072578191757202,0.5787485837936401,0.49771344661712646,0.5683718323707581,0.49819883704185486,0.5665296316146851,0.5005608797073364,0.5596665143966675,0.5084288716316223,0.6143858432769775,0.49566471576690674,0.6118489503860474,0.49796798825263977,0.6045106649398804,0.5017235279083252,0.5913626551628113,0.5092449188232422,0.6503036618232727,0.4967572093009949,0.6585113406181335,0.49543747305870056,0.6507259607315063,0.4963552951812744,0.6402440667152405
agarrar,3,16,0.5290157198905945,0.6624763607978821,0.5072953104972839,0.6118519902229309,0.4964894950389862,0.5840533971786499,0.48483705520629883,0.5900488495826721,0.4749312102794647,0.6099730730056763,0.5108320713043213,0.5549770593643188,0.5020499229431152,0.5186333060264587,0.49099767208099365,0.5289722084999084,0.4835205674171448,0.5472765564918518,0.5160568952560425,0.5795500874519348,0.5141729116439819,0.55629563331604,0.5068778395652771,0.559118926525116,0.503794252872467,0.5637542009353638,0.5186775922775269,0.6147322058677673,0.5129099488258362,0.6035599708557129,0.5110248327255249,0.5979322791099548,0.5103545188903809,0.5914403200149536,0.5169353485107422,0.6526520848274231,0.5095731616020203,0.6607356071472168,0.5062307119369507,0.6551492810249329,0.5047467947006226,0.6466735601425171
agarrar,3,17,0.5236332416534424,0.6425589323043823,0.5122824311256409,0.5965992212295532,0.5056495666503906,0.5691938996315002,0.49856430292129517,0.5669161081314087,0.4944998025894165,0.5810433030128479,0.5192880630493164,0.5600716471672058,0.5136168003082275,0.5444366931915283,0.5071584582328796,0.5543205738067627,0.5025611519813538,0.5674424171447754,0.5218707323074341,0.5859980583190918,0.5240036845207214,0.5666137933731079,0.5216619968414307,0.5622714757919312,0.5224933624267578,0.5586909055709839,0.522538959980011,0.6172724962234497,0.5219977498054504,0.611920177936554,0.5229417681694031,0.6047883033752441,0.5253849625587463,0.5943535566329956,0.5195847749710083,0.6498227715492249,0.5163000822067261,0.6604105234146118,0.5149802565574646,0.6571387052536011,0.5146627426147461,0.6486546397209167
agarrar,3,18,0.5233815312385559,0.658187210559845,0.5207877159118652,0.5949475169181824,0.5250086188316345,0.5468137264251709,0.531951367855072,0.5126563906669617,0.5403875708580017,0.4925406873226166,0.5200198888778687,0.5585678815841675,0.5267302989959717,0.5315619111061096,0.5300268530845642,0.5319693684577942,0.5341799259185791,0.5355789065361023,0.5202527642250061,0.5904101133346558,0.5272743701934814,0.5715371966362,0.5318252444267273,0.5665956735610962,0.5388762354850769,0.5627957582473755,0.5212443470954895,0.6245834827423096,0.5253840088844299,0.6143437623977661,0.5321030616760254,0.6048351526260376,0.5404115915298462,0.5942814946174622,0.5219852924346924,0.6594604849815369,0.5223709940910339,0.6658555865287781,0.5247166752815247,0.6589665412902832,0.5279332399368286,0.6488841772079468
agarrar,3,19,0.44096803665161133,0.4556352198123932,0.4750707745552063,0.42507511377334595,0.5126067399978638,0.42779192328453064,0.5385623574256897,0.45420417189598083,0.5551695227622986,0.4810810685157776,0.49444910883903503,0.4255930185317993,0.5070092082023621,0.45061543583869934,0.5125799775123596,0.47799837589263916,0.5167326927185059,0.5027809143066406,0.4768048822879791,0.45578116178512573,0.49270978569984436,0.49335378408432007,0.4993831217288971,0.5222956538200378,0.5040277242660522,0.5446150898933411,0.46381017565727234,0.4853353500366211,0.4816035330295563,0.5226314067840576,0.4914340078830719,0.5491116046905518,0.4997313320636749,0.5683836936950684,0.4558321237564087,0.5119873285293579,0.4729487895965576,0.5437687039375305,0.48288172483444214,0.5632470846176147,0.4915679693222046,0.5796716809272766
agarrar,4,0,0.5275588035583496,0.6042929291725159,0.5249403119087219,0.5620182156562805,0.5242505669593811,0.5251095294952393,0.52837073802948,0.5057772994041443,0.5374110341072083,0.49916648864746094,0.5239595770835876,0.5678126811981201,0.5324857234954834,0.5696715116500854,0.5411057472229004,0.5700770020484924,0.5516552925109863,0.5639747977256775,0.5275183320045471,0.5911098122596741,0.5367820262908936,0.5741207599639893,0.5485574007034302,0.5616564750671387,0.5608187913894653,0.5488218069076538,0.5308329463005066,0.6123435497283936,0.5355419516563416,0.5945967435836792,0.5473285913467407,0.5792147517204285,0.5605589747428894,0.5634772777557373,0.5350399613380432,0.6362714171409607,0.5350561738014221,0.6343339681625366,0.5408822894096375,0.6264825463294983,0.5480080842971802,0.6162207722663879
agarrar,4,1,0.4314255714416504,0.5033789873123169,0.45985573530197144,0.47709518671035767,0.49450838565826416,0.47798341512680054,0.5173935294151306,0.48979243636131287,0.5318464636802673,0.5063426494598389,0.4828873872756958,0.4816969931125641,0.49580705165863037,0.5051645636558533,0.5014523863792419,0.5299775004386902,0.5056978464126587,0.5516791939735413,0.46777045726776123,0.5093187689781189,0.4790426790714264,0.5403016209602356,0.4864460229873657,0.5682544708251953,0.4925515353679657,0.5916592478752136,0.45477575063705444,0.5371580123901367,0.4676331579685211,0.5674273371696472,0.47558003664016724,0.5919670462608337,0.4824047088623047,0.6108864545822144,0.4448566138744354,0.5626057386398315,0.45730507373809814,0.5928758978843689,0.4654076397418976,0.6113004088401794,0.4734176993370056,0.6284510493278503
agarrar,4,2,0.4322141408920288,0.5149655342102051,0.46728456020355225,0.496259868144989,0.5051803588867188,0.5069199204444885,0.5287578701972961,0.5257546901702881,0.5448971390724182,0.5291654467582703,0.4866048991680145,0.5031598806381226,0.4977186322212219,0.5287578105926514,0.5038978457450867,0.5537658333778381,0.5093919634819031,0.5757719278335571,0.46941277384757996,0.5260196328163147,0.4789303243160248,0.560688853263855,0.48636266589164734,0.590743362903595,0.49269363284111023,0.6159453392028809,0.45575571060180664,0.5495999455451965,0.46728381514549255,0.5840731263160706,0.47517216205596924,0.6124380230903625,0.4820179343223572,0.6349390149116516,0.4457262456417084,0.5700120329856873,0.45517221093177795,0.6041338443756104,0.46287471055984497,0.6261466145515442,0.4706942141056061,0.647071123123169
agarrar,4,3,0.43657994270324707,0.5140498280525208,0.4722542464733124,0.49551570415496826,0.5085580945014954,0.5110717415809631,0.5296102166175842,0.5369547009468079,0.5428366661071777,0.5514329075813293,0.4893423020839691,0.5060268640518188,0.49954745173454285,0.5319597125053406,0.5033599734306335,0.5592970252037048,0.5063714385032654,0.584002673625946,0.4713873863220215,0.5288311243057251,0.48141247034072876,0.5638689398765564,0.48648253083229065,0.5952060222625732,0.49087437987327576,0.6209166049957275,0.45731204748153687,0.5523553490638733,0.46854543685913086,0.587853193283081,0.47534677386283875,0.6171730756759644,0.48187321424484253,0.6398998498916626,0.4470709562301636,0.572279155254364,0.45671847462654114,0.6083504557609558,0.46320411562919617,0.6311050057411194,0.4700482487678528,0.6509870290756226
agarrar,4,4,0.4392571449279785,0.5098367929458618,0.47541722655296326,0.48937711119651794,0.5132821798324585,0.5083372592926025,0.5361548662185669,0.5427038669586182,0.5503119230270386,0.5722691416740417,0.4936447739601135,0.5005043148994446,0.5025693774223328,0.5263943672180176,0.5067472457885742,0.5550001263618469,0.5092172026634216,0.5812117457389832,0.4749244451522827,0.5255706310272217,0.4844275116920471,0.5628736615180969,0.4903576374053955,0.5953381657600403,0.4944925904273987,0.6227458119392395,0.4603157639503479,0.5508634448051453,0.4720347225666046,0.5878369212150574,0.47878625988960266,0.6173768639564514,0.48501017689704895,0.64027339220047,0.4496311545372009,0.5734882950782776,0.4589482545852661,0.607387363910675,0.46603474020957947,0.6288487911224365,0.473461776971817,0.6487964391708374
agarrar,4,5,0.4423464834690094,0.5059447288513184,0.4795331656932831,0.4884658455848694,0.5160972476005554,0.5095461010932922,0.5381243228912354,0.5469021797180176,0.550927996635437,0.580030620098114,0.49857741594314575,0.49693459272384644,0.508000373840332,0.5230005979537964,0.5111592411994934,0.5520351529121399,0.5127154588699341,0.5790802240371704,0.479056715965271,0.5220461487770081,0.4884437322616577,0.5591815710067749,0.4928472638130188,0.5914195775985718,0.49601686000823975,0.6192499399185181,0.4635227918624878,0.5470986366271973,0.47496721148490906,0.5852615237236023,0.4805462658405304,0.6143090724945068,0.485749751329422,0.636993408203125,0.4525214433670044,0.5703087449073792,0.46180859208106995,0.606139600276947,0.4689215421676636,0.6273607015609741,0.476701557636261,0.6463178992271423
agarrar,4,6,0.4443977177143097,0.5022214651107788,0.4820815622806549,0.484982430934906,0.518174946308136,0.5056942701339722,0.5403144955635071,0.5407440662384033,0.5538999438285828,0.5715218186378479,0.4999235272407532,0.4892859160900116,0.508484423160553,0.5160989761352539,0.5119929313659668,0.5427072644233704,0.514053225517273,0.5701231956481934,0.4810198247432709,0.5137043595314026,0.49051976203918457,0.5515962839126587,0.49503839015960693,0.5826310515403748,0.4976380169391632,0.6108183264732361,0.46588659286499023,0.5396419763565063,0.4771794378757477,0.5792538523674011,0.482416570186615,0.6076392531394958,0.4867633283138275,0.6306028366088867,0.45433834195137024,0.5643973350524902,0.4645376205444336,0.5997369289398193,0.4716493785381317,0.6221712231636047,0.47856980562210083,0.6422685980796814
agarrar,4,7,0.4464324414730072,0.49720001220703125,0.48086676001548767,0.4773890972137451,0.5168384313583374,0.4950503706932068,0.5395276546478271,0.5314198136329651,0.5538344383239746,0.5622717142105103,0.5000584721565247,0.47923970222473145,0.5089074373245239,0.506708025932312,0.5104464292526245,0.5350970029830933,0.5098551511764526,0.5638771653175354,0.48092299699783325,0.5048731565475464,0.4899875521659851,0.5441927313804626,0.4943208694458008,0.576813280582428,0.4974631667137146,0.6057968735694885,0.46551448106765747,0.5314139127731323,0.47552070021629333,0.5717048048973083,0.4803507924079895,0.6008114218711853,0.4845055937767029,0.6228585243225098,0.4547547399997711,0.5582845211029053,0.46518075466156006,0.5920623540878296,0.4698425531387329,0.6110214591026306,0.4738665819168091,0.6266976594924927
agarrar,4,8,0.45246678590774536,0.48790982365608215,0.48652371764183044,0.47045931220054626,0.5214037299156189,0.489307165145874,0.5414974093437195,0.5246562361717224,0.5539243817329407,0.5552874207496643,0.5021941065788269,0.4640732705593109,0.5081168413162231,0.48779991269111633,0.5073271989822388,0.5125840306282043,0.5058669447898865,0.5396550893783569,0.48207536339759827,0.48880526423454285,0.4875194728374481,0.5290930271148682,0.490093857049942,0.5623549222946167,0.492796927690506,0.5931264162063599,0.4658687114715576,0.5159692168235779,0.4727088212966919,0.5584512948989868,0.47796207666397095,0.5890903472900391,0.48426035046577454,0.6134271621704102,0.4549266993999481,0.5425896644592285,0.4630899727344513,0.579723596572876,0.46735531091690063,0.6018854975700378,0.47234901785850525,0.6199674606323242
agarrar,4,9,0.5304973125457764,0.6458631157875061,0.5265645384788513,0.5765144228935242,0.527127742767334,0.5320836305618286,0.5385956168174744,0.5221737623214722,0.5476515293121338,0.5265191793441772,0.5108357667922974,0.549090564250946,0.49465420842170715,0.525938093662262,0.48576146364212036,0.5350590944290161,0.4821476936340332,0.5474382638931274,0.5066775679588318,0.579552412033081,0.48936986923217773,0.5606546998023987,0.4819543957710266,0.5659272074699402,0.48056644201278687,0.5684455037117004,0.5051407814025879,0.6151495575904846,0.4886382818222046,0.6026304960250854,0.4852277338504791,0.6005777716636658,0.48701274394989014,0.5941154956817627,0.5049213767051697,0.6519152522087097,0.4924509525299072,0.6554593443870544,0.4899710416793823,0.6505057215690613,0.4915320575237274,0.6417975425720215
agarrar,4,10,0.524265706539154,0.63043612241745,0.5190434455871582,0.5650385618209839,0.5183116793632507,0.5218369960784912,0.5294314026832581,0.5074033737182617,0.5410295724868774,0.5057353973388672,0.5071649551391602,0.5456439256668091,0.4924359619617462,0.5253543257713318,0.4838480055332184,0.5351752638816833,0.4782485365867615,0.550145149230957,0.5072578191757202,0.5787485837936401,0.49771344661712646,0.5683718323707581,0.49819883704185486,0.5665296316146851,0.5005608797073364,0.5596665143966675,0.5084288716316223,0.6143858432769775,0.49566471576690674,0.6118489503860474,0.49796798825263977,0.6045106649398804,0.5017235279083252,0.5913626551628113,0.5092449188232422,0.6503036618232727,0.4967572093009949,0.6585113406181335,0.49543747305870056,0.6507259607315063,0.4963552951812744,0.6402440667152405
agarrar,4,11,0.5290157198905945,0.6624763607978821,0.5072953104972839,0.6118519902229309,0.4964894950389862,0.5840533971786499,0.48483705520629883,0.5900488495826721,0.4749312102794647,0.6099730730056763,0.5108320713043213,0.5549770593643188,0.5020499229431152,0.5186333060264587,0.49099767208099365,0.5289722084999084,0.4835205674171448,0.5472765564918518,0.5160568952560425,0.5795500874519348,0.5141729116439819,0.55629563331604,0.5068778395652771,0.559118926525116,0.503794252872467,0.5637542009353638,0.5186775922775269,0.6147322058677673,0.5129099488258362,0.6035599708557129,0.5110248327255249,0.5979322791099548,0.5103545188903809,0.5914403200149536,0.5169353485107422,0.6526520848274231,0.5095731616020203,0.6607356071472168,0.5062307119369507,0.6551492810249329,0.5047467947006226,0.6466735601425171
agarrar,4,12,0.5236332416534424,0.6425589323043823,0.5122824311256409,0.5965992212295532,0.5056495666503906,0.5691938996315002,0.49856430292129517,0.5669161081314087,0.4944998025894165,0.5810433030128479,0.5192880630493164,0.5600716471672058,0.5136168003082275,0.5444366931915283,0.5071584582328796,0.5543205738067627,0.5025611519813538,0.5674424171447754,0.5218707323074341,0.5859980583190918,0.5240036845207214,0.5666137933731079,0.5216619968414307,0.5622714757919312,0.5224933624267578,0.5586909055709839,0.522538959980011,0.6172724962234497,0.5219977498054504,0.611920177936554,0.5229417681694031,0.6047883033752441,0.5253849625587463,0.5943535566329956,0.5195847749710083,0.6498227715492249,0.5163000822067261,0.6604105234146118,0.5149802565574646,0.6571387052536011,0.5146627426147461,0.6486546397209167
agarrar,4,13,0.5233815312385559,0.658187210559845,0.5207877159118652,0.5949475169181824,0.5250086188316345,0.5468137264251709,0.531951367855072,0.5126563906669617,0.5403875708580017,0.4925406873226166,0.5200198888778687,0.5585678815841675,0.5267302989959717,0.5315619111061096,0.5300268530845642,0.5319693684577942,0.5341799259185791,0.5355789065361023,0.5202527642250061,0.5904101133346558,0.5272743701934814,0.5715371966362,0.5318252444267273,0.5665956735610962,0.5388762354850769,0.5627957582473755,0.5212443470954895,0.6245834827423096,0.5253840088844299,0.6143437623977661,0.5321030616760254,0.6048351526260376,0.5404115915298462,0.5942814946174622,0.5219852924346924,0.6594604849815369,0.5223709940910339,0.6658555865287781,0.5247166752815247,0.6589665412902832,0.5279332399368286,0.6488841772079468
agarrar,4,14,0.44096803665161133,0.4556352198123932,0.4750707745552063,0.42507511377334595,0.5126067399978638,0.42779192328453064,0.5385623574256897,0.45420417189598083,0.5551695227622986,0.4810810685157776,0.49444910883903503,0.4255930185317993,0.5070092082023621,0.45061543583869934,0.5125799775123596,0.47799837589263916,0.5167326927185059,0.5027809143066406,0.4768048822879791,0.45578116178512573,0.49270978569984436,0.49335378408432007,0.4993831217288971,0.5222956538200378,0.5040277242660522,0.5446150898933411,0.46381017565727234,0.4853353500366211,0.4816035330295563,0.5226314067840576,0.4914340078830719,0.5491116046905518,0.4997313320636749,0.5683836936950684,0.4558321237564087,0.5119873285293579,0.4729487895965576,0.5437687039375305,0.48288172483444214,0.5632470846176147,0.4915679693222046,0.5796716809272766
agarrar,4,15,0.44656312465667725,0.4679105579853058,0.48054227232933044,0.44175922870635986,0.5195404291152954,0.4480924606323242,0.5457895994186401,0.4697226583957672,0.5651564598083496,0.47821494936943054,0.4998617470264435,0.44491297006607056,0.5111039280891418,0.46965938806533813,0.5156202912330627,0.4975358843803406,0.5185367465019226,0.5206997394561768,0.48256030678749084,0.47756457328796387,0.49745145440101624,0.5100263953208923,0.5043665170669556,0.5378270149230957,0.5095971822738647,0.5599755644798279,0.46996185183525085,0.5077493190765381,0.48730260133743286,0.540375292301178,0.4965915083885193,0.5665045976638794,0.5042856335639954,0.5862985253334045,0.4620114862918854,0.5336066484451294,0.47818589210510254,0.5613048672676086,0.4866816997528076,0.580335795879364,0.49376264214515686,0.5959047079086304
agarrar,4,16,0.5356250405311584,0.6387891173362732,0.5284988880157471,0.5865005850791931,0.528275191783905,0.5470783114433289,0.5329855680465698,0.5235202312469482,0.5423856377601624,0.5096961259841919,0.5320292711257935,0.5765877962112427,0.542140007019043,0.564108669757843,0.5522951483726501,0.552497923374176,0.5629726648330688,0.542378842830658,0.534220814704895,0.601250410079956,0.5445358753204346,0.5822601318359375,0.5548996925354004,0.5685307383537292,0.5667091608047485,0.5549961924552917,0.5350220799446106,0.6272488236427307,0.5417755246162415,0.610731303691864,0.5516833066940308,0.5966704487800598,0.5636071562767029,0.583818793296814,0.5361393094062805,0.6558768153190613,0.5382269024848938,0.6575263738632202,0.5445079803466797,0.649024248123169,0.5525424480438232,0.6381416320800781
agarrar,4,17,0.45149603486061096,0.49898582696914673,0.4788394868373871,0.46658048033714294,0.5121558308601379,0.46914881467819214,0.5331655144691467,0.485379159450531,0.5465834140777588,0.5008947253227234,0.5026854872703552,0.4903828203678131,0.5159423351287842,0.5194021463394165,0.5214678645133972,0.5462868213653564,0.5254935622215271,0.5705926418304443,0.4884171485900879,0.5204935073852539,0.5042946338653564,0.5548645853996277,0.5121898055076599,0.5850176215171814,0.5177968144416809,0.6129342913627625,0.4758053123950958,0.5461928844451904,0.49290066957473755,0.5817456245422363,0.5011709928512573,0.6093361377716064,0.5071055293083191,0.6338568925857544,0.4654619097709656,0.5677486062049866,0.479266494512558,0.5989821553230286,0.48700639605522156,0.6207935214042664,0.4936196804046631,0.6417937278747559
agarrar,4,18,0.4502086043357849,0.5067716836929321,0.4815275967121124,0.4815541207790375,0.5186100602149963,0.49265018105506897,0.5409265756607056,0.5116126537322998,0.5584142804145813,0.52229243516922,0.5031357407569885,0.5048757195472717,0.516128659248352,0.5325774550437927,0.5206387639045715,0.5598872900009155,0.5239781141281128,0.5867195725440979,0.4875887632369995,0.533930242061615,0.5034863352775574,0.5704011917114258,0.51067054271698,0.6034520864486694,0.515823245048523,0.6337511539459229,0.4756676256656647,0.5588966012001038,0.49251213669776917,0.5962503552436829,0.5004957318305969,0.6248777508735657,0.5069411396980286,0.6500380039215088,0.46696457266807556,0.580181896686554,0.4815514385700226,0.6132746934890747,0.4885897934436798,0.6363243460655212,0.4947415292263031,0.6579129099845886
agarrar,4,19,0.44913581013679504,0.5137010812759399,0.4811405837535858,0.48938941955566406,0.5189937353134155,0.5013958215713501,0.5426630973815918,0.5203801393508911,0.5615476369857788,0.5271039605140686,0.49853214621543884,0.5064370632171631,0.512033998966217,0.5362549424171448,0.5175737738609314,0.5646551251411438,0.5219197273254395,0.5927629470825195,0.48172399401664734,0.5378223061561584,0.49948766827583313,0.5767932534217834,0.5080779194831848,0.6087208390235901,0.5144208669662476,0.6393685340881348,0.47072023153305054,0.564129114151001,0.48973387479782104,0.6024775505065918,0.49897587299346924,0.630691409111023,0.5063672661781311,0.6549782156944275,0.46475163102149963,0.5854945778846741,0.47944357991218567,0.6186105012893677,0.4869401156902313,0.6398530006408691,0.49350690841674805,0.6594744920730591
agarrar,5,0,0.4423464834690094,0.5059447288513184,0.4795331656932831,0.4884658455848694,0.5160972476005554,0.5095461010932922,0.5381243228912354,0.5469021797180176,0.550927996635437,0.580030620098114,0.49857741594314575,0.49693459272384644,0.508000373840332,0.5230005979537964,0.5111592411994934,0.5520351529121399,0.5127154588699341,0.5790802240371704,0.479056715965271,0.5220461487770081,0.4884437322616577,0.5591815710067749,0.4928472638130188,0.5914195775985718,0.49601686000823975,0.6192499399185181,0.4635227918624878,0.5470986366271973,0.47496721148490906,0.5852615237236023,0.4805462658405304,0.6143090724945068,0.485749751329422,0.636993408203125,0.4525214433670044,0.5703087449073792,0.46180859208106995,0.606139600276947,0.4689215421676636,0.6273607015609741,0.476701557636261,0.6463178992271423
agarrar,5,1,0.4443977177143097,0.5022214651107788,0.4820815622806549,0.484982430934906,0.518174946308136,0.5056942701339722,0.5403144955635071,0.5407440662384033,0.5538999438285828,0.5715218186378479,0.4999235272407532,0.4892859160900116,0.508484423160553,0.5160989761352539,0.5119929313659668,0.5427072644233704,0.514053225517273,0.5701231956481934,0.4810198247432709,0.5137043595314026,0.49051976203918457,0.5515962839126587,0.49503839015960693,0.5826310515403748,0.4976380169391632,0.6108183264732361,0.46588659286499023,0.5396419763565063,0.4771794378757477,0.5792538523674011,0.482416570186615,0.6076392531394958,0.4867633283138275,0.6306028366088867,0.45433834195137024,0.5643973350524902,0.4645376205444336,0.5997369289398193,0.4716493785381317,0.6221712231636047,0.47856980562210083,0.6422685980796814
agarrar,5,2,0.4464324414730072,0.49720001220703125,0.48086676001548767,0.4773890972137451,0.5168384313583374,0.4950503706932068,0.5395276546478271,0.5314198136329651,0.5538344383239746,0.5622717142105103,0.5000584721565247,0.47923970222473145,0.5089074373245239,0.506708025932312,0.5104464292526245,0.5350970029830933,0.5098551511764526,0.5638771653175354,0.48092299699783325,0.5048731565475464,0.4899875521659851,0.5441927313804626,0.4943208694458008,0.576813280582428,0.4974631667137146,0.6057968735694885,0.46551448106765747,0.5314139127731323,0.47552070021629333,0.5717048048973083,0.4803507924079895,0.6008114218711853,0.4845055937767029,0.6228585243225098,0.4547547399997711,0.5582845211029053,0.46518075466156006,0.5920623540878296,0.4698425531387329,0.6110214591026306,0.4738665819168091,0.6266976594924927
agarrar,5,3,0.45246678590774536,0.48790982365608215,0.48652371764183044,0.47045931220054626,0.5214037299156189,0.489307165145874,0.5414974093437195,0.5246562361717224,0.5539243817329407,0.5552874207496643,0.5021941065788269,0.4640732705593109,0.5081168413162231,0.48779991269111633,0.5073271989822388,0.5125840306282043,0.5058669447898865,0.5396550893783569,0.48207536339759827,0.48880526423454285,0.4875194728374481,0.5290930271148682,0.490093857049942,0.5623549222946167,0.492796927690506,0.5931264162063599,0.4658687114715576,0.5159692168235779,0.4727088212966919,0.5584512948989868,0.47796207666397095,0.5890903472900391,0.48426035046577454,0.6134271621704102,0.4549266993999481,0.5425896644592285,0.4630899727344513,0.579723596572876,0.46735531091690063,0.6018854975700378,0.47234901785850525,0.6199674606323242
agarrar,5,4,0.5304973125457764,0.6458631157875061,0.5265645384788513,0.5765144228935242,0.527127742767334,0.5320836305618286,0.5385956168174744,0.5221737623214722,0.5476515293121338,0.5265191793441772,0.5108357667922974,0.549090564250946,0.49465420842170715,0.525938093662262,0.48576146364212036,0.5350590944290161,0.4821476936340332,0.5474382638931274,0.5066775679588318,0.579552412033081,0.48936986923217773,0.5606546998023987,0.4819543957710266,0.5659272074699402,0.48056644201278687,0.5684455037117004,0.5051407814025879,0.6151495575904846,0.4886382818222046,0.6026304960250854,0.4852277338504791,0.6005777716636658,0.48701274394989014,0.5941154956817627,0.5049213767051697,0.6519152522087097,0.4924509525299072,0.6554593443870544,0.4899710416793823,0.6505057215690613,0.4915320575237274,0.6417975425720215
agarrar,5,5,0.524265706539154,0.63043612241745,0.5190434455871582,0.5650385618209839,0.5183116793632507,0.5218369960784912,0.5294314026832581,0.5074033737182617,0.5410295724868774,0.5057353973388672,0.5071649551391602,0.5456439256668091,0.4924359619617462,0.5253543257713318,0.4838480055332184,0.5351752638816833,0.4782485365867615,0.550145149230957,0.5072578191757202,0.5787485837936401,0.49771344661712646,0.5683718323707581,0.49819883704185486,0.5665296316146851,0.5005608797073364,0.5596665143966675,0.5084288716316223,0.6143858432769775,0.49566471576690674,0.6118489503860474,0.49796798825263977,0.6045106649398804,0.5017235279083252,0.5913626551628113,0.5092449188232422,0.6503036618232727,0.4967572093009949,0.6585113406181335,0.49543747305870056,0.6507259607315063,0.4963552951812744,0.6402440667152405
agarrar,5,6,0.5290157198905945,0.6624763607978821,0.5072953104972839,0.6118519902229309,0.4964894950389862,0.5840533971786499,0.48483705520629883,0.5900488495826721,0.4749312102794647,0.6099730730056763,0.5108320713043213,0.5549770593643188,0.5020499229431152,0.5186333060264587,0.49099767208099365,0.5289722084999084,0.4835205674171448,0.5472765564918518,0.5160568952560425,0.5795500874519348,0.5141729116439819,0.55629563331604,0.5068778395652771,0.559118926525116,0.503794252872467,0.5637542009353638,0.5186775922775269,0.6147322058677673,0.5129099488258362,0.6035599708557129,0.5110248327255249,0.5979322791099548,0.5103545188903809,0.5914403200149536,0.5169353485107422,0.6526520848274231,0.5095731616020203,0.6607356071472168,0.5062307119369507,0.6551492810249329,0.5047467947006226,0.6466735601425171
agarrar,5,7,0.5236332416534424,0.6425589323043823,0.5122824311256409,0.5965992212295532,0.5056495666503906,0.5691938996315002,0.49856430292129517,0.5669161081314087,0.4944998025894165,0.5810433030128479,0.5192880630493164,0.5600716471672058,0.5136168003082275,0.5444366931915283,0.5071584582328796,0.5543205738067627,0.5025611519813538,0.5674424171447754,0.5218707323074341,0.5859980583190918,0.5240036845207214,0.5666137933731079,0.5216619968414307,0.5622714757919312,0.5224933624267578,0.5586909055709839,0.522538959980011,0.6172724962234497,0.5219977498054504,0.611920177936554,0.5229417681694031,0.6047883033752441,0.5253849625587463,0.5943535566329956,0.5195847749710083,0.6498227715492249,0.5163000822067261,0.6604105234146118,0.5149802565574646,0.6571387052536011,0.5146627426147461,0.6486546397209167
agarrar,5,8,0.5233815312385559,0.658187210559845,0.5207877159118652,0.5949475169181824,0.5250086188316345,0.5468137264251709,0.531951367855072,0.5126563906669617,0.5403875708580017,0.4925406873226166,0.5200198888778687,0.5585678815841675,0.5267302989959717,0.5315619111061096,0.5300268530845642,0.5319693684577942,0.5341799259185791,0.5355789065361023,0.5202527642250061,0.5904101133346558,0.5272743701934814,0.5715371966362,0.5318252444267273,0.5665956735610962,0.5388762354850769,0.5627957582473755,0.5212443470954895,0.6245834827423096,0.5253840088844299,0.6143437623977661,0.5321030616760254,0.6048351526260376,0.5404115915298462,0.5942814946174622,0.5219852924346924,0.6594604849815369,0.5223709940910339,0.6658555865287781,0.5247166752815247,0.6589665412902832,0.5279332399368286,0.6488841772079468
agarrar,5,9,0.44096803665161133,0.4556352198123932,0.4750707745552063,0.42507511377334595,0.5126067399978638,0.42779192328453064,0.5385623574256897,0.45420417189598083,0.5551695227622986,0.4810810685157776,0.49444910883903503,0.4255930185317993,0.5070092082023621,0.45061543583869934,0.5125799775123596,0.47799837589263916,0.5167326927185059,0.5027809143066406,0.4768048822879791,0.45578116178512573,0.49270978569984436,0.49335378408432007,0.4993831217288971,0.5222956538200378,0.5040277242660522,0.5446150898933411,0.46381017565727234,0.4853353500366211,0.4816035330295563,0.5226314067840576,0.4914340078830719,0.5491116046905518,0.4997313320636749,0.5683836936950684,0.4558321237564087,0.5119873285293579,0.4729487895965576,0.5437687039375305,0.48288172483444214,0.5632470846176147,0.4915679693222046,0.5796716809272766
agarrar,5,10,0.44656312465667725,0.4679105579853058,0.48054227232933044,0.44175922870635986,0.5195404291152954,0.4480924606323242,0.5457895994186401,0.4697226583957672,0.5651564598083496,0.47821494936943054,0.4998617470264435,0.44491297006607056,0.5111039280891418,0.46965938806533813,0.5156202912330627,0.4975358843803406,0.5185367465019226,0.5206997394561768,0.48256030678749084,0.47756457328796387,0.49745145440101624,0.5100263953208923,0.5043665170669556,0.5378270149230957,0.5095971822738647,0.5599755644798279,0.46996185183525085,0.5077493190765381,0.48730260133743286,0.540375292301178,0.4965915083885193,0.5665045976638794,0.5042856335639954,0.5862985253334045,0.4620114862918854,0.5336066484451294,0.47818589210510254,0.5613048672676086,0.4866816997528076,0.580335795879364,0.49376264214515686,0.5959047079086304
agarrar,5,11,0.5356250405311584,0.6387891173362732,0.5284988880157471,0.5865005850791931,0.528275191783905,0.5470783114433289,0.5329855680465698,0.5235202312469482,0.5423856377601624,0.5096961259841919,0.5320292711257935,0.5765877962112427,0.542140007019043,0.564108669757843,0.5522951483726501,0.552497923374176,0.5629726648330688,0.542378842830658,0.534220814704895,0.601250410079956,0.5445358753204346,0.5822601318359375,0.5548996925354004,0.5685307383537292,0.5667091608047485,0.5549961924552917,0.5350220799446106,0.6272488236427307,0.5417755246162415,0.610731303691864,0.5516833066940308,0.5966704487800598,0.5636071562767029,0.583818793296814,0.5361393094062805,0.6558768153190613,0.5382269024848938,0.6575263738632202,0.5445079803466797,0.649024248123169,0.5525424480438232,0.6381416320800781
agarrar,5,12,0.45149603486061096,0.49898582696914673,0.4788394868373871,0.46658048033714294,0.5121558308601379,0.46914881467819214,0.5331655144691467,0.485379159450531,0.5465834140777588,0.5008947253227234,0.5026854872703552,0.4903828203678131,0.5159423351287842,0.5194021463394165,0.5214678645133972,0.5462868213653564,0.5254935622215271,0.5705926418304443,0.4884171485900879,0.5204935073852539,0.5042946338653564,0.5548645853996277,0.5121898055076599,0.5850176215171814,0.5177968144416809,0.6129342913627625,0.4758053123950958,0.5461928844451904,0.49290066957473755,0.5817456245422363,0.5011709928512573,0.6093361377716064,0.5071055293083191,0.6338568925857544,0.4654619097709656,0.5677486062049866,0.479266494512558,0.5989821553230286,0.48700639605522156,0.6207935214042664,0.4936196804046631,0.6417937278747559
agarrar,5,13,0.4502086043357849,0.5067716836929321,0.4815275967121124,0.4815541207790375,0.5186100602149963,0.49265018105506897,0.5409265756607056,0.5116126537322998,0.5584142804145813,0.52229243516922,0.5031357407569885,0.5048757195472717,0.516128659248352,0.5325774550437927,0.5206387639045715,0.5598872900009155,0.5239781141281128,0.5867195725440979,0.4875887632369995,0.533930242061615,0.5034863352775574,0.5704011917114258,0.51067054271698,0.6034520864486694,0.515823245048523,0.6337511539459229,0.4756676256656647,0.5588966012001038,0.49251213669776917,0.5962503552436829,0.5004957318305969,0.6248777508735657,0.5069411396980286,0.6500380039215088,0.46696457266807556,0.580181896686554,0.4815514385700226,0.6132746934890747,0.4885897934436798,0.6363243460655212,0.4947415292263031,0.6579129099845886
agarrar,5,14,0.44913581013679504,0.5137010812759399,0.4811405837535858,0.48938941955566406,0.5189937353134155,0.5013958215713501,0.5426630973815918,0.5203801393508911,0.5615476369857788,0.5271039605140686,0.49853214621543884,0.5064370632171631,0.512033998966217,0.5362549424171448,0.5175737738609314,0.5646551251411438,0.5219197273254395,0.5927629470825195,0.48172399401664734,0.5378223061561584,0.49948766827583313,0.5767932534217834,0.5080779194831848,0.6087208390235901,0.5144208669662476,0.6393685340881348,0.47072023153305054,0.564129114151001,0.48973387479782104,0.6024775505065918,0.49897587299346924,0.630691409111023,0.5063672661781311,0.6549782156944275,0.46475163102149963,0.5854945778846741,0.47944357991218567,0.6186105012893677,0.4869401156902313,0.6398530006408691,0.49350690841674805,0.6594744920730591
agarrar,5,15,0.44911977648735046,0.5196635723114014,0.48322027921676636,0.4972250461578369,0.5199421048164368,0.5105639696121216,0.5408870577812195,0.5282983779907227,0.5575368404388428,0.5355920791625977,0.49898791313171387,0.5210369825363159,0.5122812390327454,0.5504505634307861,0.5172971487045288,0.5791796445846558,0.5210914015769958,0.6081114411354065,0.4819774925708771,0.5489408373832703,0.4989527463912964,0.5880210399627686,0.5066179037094116,0.6218678951263428,0.5117356181144714,0.6548222899436951,0.47073861956596375,0.5717083215713501,0.4883318543434143,0.6124431490898132,0.49675968289375305,0.6430246233940125,0.5033206343650818,0.6706839799880981,0.4645717740058899,0.5893077850341797,0.4784495532512665,0.6260542869567871,0.485348105430603,0.650478184223175,0.4914930462837219,0.6738263368606567
agarrar,5,16,0.45057299733161926,0.5189268589019775,0.482953280210495,0.4972599148750305,0.519007682800293,0.5132343769073486,0.5394068956375122,0.5366531014442444,0.552753746509552,0.5485939979553223,0.5002812147140503,0.5243908166885376,0.5139814019203186,0.558194100856781,0.5197288990020752,0.5888299942016602,0.5237614512443542,0.6184014081954956,0.4839497208595276,0.5543122887611389,0.5016035437583923,0.6003567576408386,0.5098083019256592,0.6347448825836182,0.5154085159301758,0.6684063076972961,0.47286680340766907,0.5798174142837524,0.4915296137332916,0.625303328037262,0.5004090070724487,0.6559351086616516,0.5069974660873413,0.6838070750236511,0.4660954773426056,0.6005418300628662,0.48080167174339294,0.6384451389312744,0.48799461126327515,0.6616923213005066,0.493843138217926,0.6839239597320557
agarrar,5,17,0.45356228947639465,0.5183984041213989,0.4874818027019501,0.49414631724357605,0.5263639688491821,0.513522744178772,0.5471190214157104,0.5523300170898438,0.5536852478981018,0.5909631252288818,0.5029448866844177,0.5194991827011108,0.5146640539169312,0.5534274578094482,0.5196604132652283,0.5844056606292725,0.5223793983459473,0.6131024360656738,0.48564255237579346,0.5489073395729065,0.5018255114555359,0.5962958335876465,0.509901225566864,0.6323636770248413,0.5145162343978882,0.6649563908576965,0.47307294607162476,0.574932873249054,0.49080854654312134,0.6212267875671387,0.49823254346847534,0.6546180248260498,0.5034452080726624,0.6834253072738647,0.46487489342689514,0.5971788763999939,0.4795018136501312,0.6366693377494812,0.4872630536556244,0.6615221500396729,0.4933537542819977,0.6839942336082458
agarrar,5,18,0.4552294909954071,0.5153595209121704,0.4884111285209656,0.49271494150161743,0.52486252784729,0.5122281908988953,0.5442352890968323,0.5541144013404846,0.5522737503051758,0.5918906331062317,0.5038419365882874,0.5094872713088989,0.5123296976089478,0.5459722280502319,0.5153214335441589,0.5751711130142212,0.5160632729530334,0.6012217402458191,0.4843423068523407,0.5359506011009216,0.49732425808906555,0.5867394804954529,0.5026063919067383,0.6220857501029968,0.5051397681236267,0.6527503132820129,0.4696882367134094,0.560334324836731,0.48491787910461426,0.6083945035934448,0.49034908413887024,0.6416803598403931,0.49437057971954346,0.6692808270454407,0.4602140784263611,0.5817516446113586,0.47348886728286743,0.6205510497093201,0.4802261292934418,0.6448220014572144,0.4857845902442932,0.6665250062942505
agarrar,5,19,0.4487207531929016,0.5124740600585938,0.4850090444087982,0.4918168783187866,0.5211638808250427,0.5104714035987854,0.54070645570755,0.5514912605285645,0.5503087043762207,0.5869116187095642,0.4998943507671356,0.4992917776107788,0.5085316300392151,0.5270237326622009,0.5107354521751404,0.5568736791610718,0.5111411213874817,0.5870664119720459,0.48022472858428955,0.5264856815338135,0.49161630868911743,0.5714548826217651,0.4947526454925537,0.6091411709785461,0.49588584899902344,0.6436231732368469,0.4658786356449127,0.5523717999458313,0.4779924154281616,0.5969470143318176,0.4822281301021576,0.6318984031677246,0.4851700961589813,0.6602736711502075,0.4569258391857147,0.5758680105209351,0.46745070815086365,0.6140270829200745,0.4720827341079712,0.637519359588623,0.4759421646595001,0.6583721041679382
agarrar,6,0,0.524265706539154,0.63043612241745,0.5190434455871582,0.5650385618209839,0.5183116793632507,0.5218369960784912,0.5294314026832581,0.5074033737182617,0.5410295724868774,0.5057353973388672,0.5071649551391602,0.5456439256668091,0.4924359619617462,0.5253543257713318,0.4838480055332184,0.5351752638816833,0.4782485365867615,0.550145149230957,0.5072578191757202,0.5787485837936401,0.49771344661712646,0.5683718323707581,0.49819883704185486,0.5665296316146851,0.5005608797073364,0.5596665143966675,0.5084288716316223,0.6143858432769775,0.49566471576690674,0.6118489503860474,0.49796798825263977,0.6045106649398804,0.5017235279083252,0.5913626551628113,0.5092449188232422,0.6503036618232727,0.4967572093009949,0.6585113406181335,0.49543747305870056,0.6507259607315063,0.4963552951812744,0.6402440667152405
agarrar,6,1,0.5290157198905945,0.6624763607978821,0.5072953104972839,0.6118519902229309,0.4964894950389862,0.5840533971786499,0.48483705520629883,0.5900488495826721,0.4749312102794647,0.6099730730056763,0.5108320713043213,0.5549770593643188,0.5020499229431152,0.5186333060264587,0.49099767208099365,0.5289722084999084,0.4835205674171448,0.5472765564918518,0.5160568952560425,0.5795500874519348,0.5141729116439819,0.55629563331604,0.5068778395652771,0.559118926525116,0.503794252872467,0.5637542009353638,0.5186775922775269,0.6147322058677673,0.5129099488258362,0.6035599708557129,0.5110248327255249,0.5979322791099548,0.5103545188903809,0.5914403200149536,0.5169353485107422,0.6526520848274231,0.5095731616020203,0.6607356071472168,0.5062307119369507,0.6551492810249329,0.5047467947006226,0.6466735601425171
agarrar,6,2,0.5236332416534424,0.6425589323043823,0.5122824311256409,0.5965992212295532,0.5056495666503906,0.5691938996315002,0.49856430292129517,0.5669161081314087,0.4944998025894165,0.5810433030128479,0.5192880630493164,0.5600716471672058,0.5136168003082275,0.5444366931915283,0.5071584582328796,0.5543205738067627,0.5025611519813538,0.5674424171447754,0.5218707323074341,0.5859980583190918,0.5240036845207214,0.5666137933731079,0.5216619968414307,0.5622714757919312,0.5224933624267578,0.5586909055709839,0.522538959980011,0.6172724962234497,0.5219977498054504,0.611920177936554,0.5229417681694031,0.6047883033752441,0.5253849625587463,0.5943535566329956,0.5195847749710083,0.6498227715492249,0.5163000822067261,0.6604105234146118,0.5149802565574646,0.6571387052536011,0.5146627426147461,0.6486546397209167
agarrar,6,3,0.5233815312385559,0.658187210559845,0.5207877159118652,0.5949475169181824,0.5250086188316345,0.5468137264251709,0.531951367855072,0.5126563906669617,0.5403875708580017,0.4925406873226166,0.5200198888778687,0.5585678815841675,0.5267302989959717,0.5315619111061096,0.5300268530845642,0.5319693684577942,0.5341799259185791,0.5355789065361023,0.5202527642250061,0.5904101133346558,0.5272743701934814,0.5715371966362,0.5318252444267273,0.5665956735610962,0.5388762354850769,0.5627957582473755,0.5212443470954895,0.6245834827423096,0.5253840088844299,0.6143437623977661,0.5321030616760254,0.6048351526260376,0.5404115915298462,0.5942814946174622,0.5219852924346924,0.6594604849815369,0.5223709940910339,0.6658555865287781,0.5247166752815247,0.6589665412902832,0.5279332399368286,0.6488841772079468
agarrar,6,4,0.44096803665161133,0.4556352198123932,0.4750707745552063,0.42507511377334595,0.5126067399978638,0.42779192328453064,0.5385623574256897,0.45420417189598083,0.5551695227622986,0.4810810685157776,0.49444910883903503,0.4255930185317993,0.5070092082023621,0.45061543583869934,0.5125799775123596,0.47799837589263916,0.5167326927185059,0.5027809143066406,0.4768048822879791,0.45578116178512573,0.49270978569984436,0.49335378408432007,0.4993831217288971,0.5222956538200378,0.5040277242660522,0.5446150898933411,0.46381017565727234,0.4853353500366211,0.4816035330295563,0.5226314067840576,0.4914340078830719,0.5491116046905518,0.4997313320636749,0.5683836936950684,0.4558321237564087,0.5119873285293579,0.4729487895965576,0.5437687039375305,0.48288172483444214,0.5632470846176147,0.4915679693222046,0.5796716809272766
agarrar,6,5,0.44656312465667725,0.4679105579853058,0.48054227232933044,0.44175922870635986,0.5195404291152954,0.4480924606323242,0.5457895994186401,0.4697226583957672,0.5651564598083496,0.47821494936943054,0.4998617470264435,0.44491297006607056,0.5111039280891418,0.46965938806533813,0.5156202912330627,0.4975358843803406,0.5185367465019226,0.5206997394561768,0.48256030678749084,0.47756457328796387,0.49745145440101624,0.5100263953208923,0.5043665170669556,0.5378270149230957,0.5095971822738647,0.5599755644798279,0.46996185183525085,0.5077493190765381,0.48730260133743286,0.540375292301178,0.4965915083885193,0.5665045976638794,0.5042856335639954,0.5862985253334045,0.4620114862918854,0.5336066484451294,0.47818589210510254,0.5613048672676086,0.4866816997528076,0.580335795879364,0.49376264214515686,0.5959047079086304
agarrar,6,6,0.5356250405311584,0.6387891173362732,0.5284988880157471,0.5865005850791931,0.528275191783905,0.5470783114433289,0.5329855680465698,0.5235202312469482,0.5423856377601624,0.5096961259841919,0.5320292711257935,0.5765877962112427,0.542140007019043,0.564108669757843,0.5522951483726501,0.552497923374176,0.5629726648330688,0.542378842830658,0.534220814704895,0.601250410079956,0.5445358753204346,0.5822601318359375,0.5548996925354004,0.5685307383537292,0.5667091608047485,0.5549961924552917,0.5350220799446106,0.6272488236427307,0.5417755246162415,0.610731303691864,0.5516833066940308,0.5966704487800598,0.5636071562767029,0.583818793296814,0.5361393094062805,0.6558768153190613,0.5382269024848938,0.6575263738632202,0.5445079803466797,0.649024248123169,0.5525424480438232,0.6381416320800781
agarrar,6,7,0.45149603486061096,0.49898582696914673,0.4788394868373871,0.46658048033714294,0.5121558308601379,0.46914881467819214,0.5331655144691467,0.485379159450531,0.5465834140777588,0.5008947253227234,0.5026854872703552,0.4903828203678131,0.5159423351287842,0.5194021463394165,0.5214678645133972,0.5462868213653564,0.5254935622215271,0.5705926418304443,0.4884171485900879,0.5204935073852539,0.5042946338653564,0.5548645853996277,0.5121898055076599,0.5850176215171814,0.5177968144416809,0.6129342913627625,0.4758053123950958,0.5461928844451904,0.49290066957473755,0.5817456245422363,0.5011709928512573,0.6093361377716064,0.5071055293083191,0.6338568925857544,0.4654619097709656,0.5677486062049866,0.479266494512558,0.5989821553230286,0.48700639605522156,0.6207935214042664,0.4936196804046631,0.6417937278747559
agarrar,6,8,0.4502086043357849,0.5067716836929321,0.4815275967121124,0.4815541207790375,0.5186100602149963,0.49265018105506897,0.5409265756607056,0.5116126537322998,0.5584142804145813,0.52229243516922,0.5031357407569885,0.5048757195472717,0.516128659248352,0.5325774550437927,0.5206387639045715,0.5598872900009155,0.5239781141281128,0.5867195725440979,0.4875887632369995,0.533930242061615,0.5034863352775574,0.5704011917114258,0.51067054271698,0.6034520864486694,0.515823245048523,0.6337511539459229,0.4756676256656647,0.5588966012001038,0.49251213669776917,0.5962503552436829,0.5004957318305969,0.6248777508735657,0.5069411396980286,0.6500380039215088,0.46696457266807556,0.580181896686554,0.4815514385700226,0.6132746934890747,0.4885897934436798,0.6363243460655212,0.4947415292263031,0.6579129099845886
agarrar,6,9,0.44913581013679504,0.5137010812759399,0.4811405837535858,0.48938941955566406,0.5189937353134155,0.5013958215713501,0.5426630973815918,0.5203801393508911,0.5615476369857788,0.5271039605140686,0.49853214621543884,0.5064370632171631,0.512033998966217,0.5362549424171448,0.5175737738609314,0.5646551251411438,0.5219197273254395,0.5927629470825195,0.48172399401664734,0.5378223061561584,0.49948766827583313,0.5767932534217834,0.5080779194831848,0.6087208390235901,0.5144208669662476,0.6393685340881348,0.47072023153305054,0.564129114151001,0.48973387479782104,0.6024775505065918,0.49897587299346924,0.630691409111023,0.5063672661781311,0.6549782156944275,0.46475163102149963,0.5854945778846741,0.47944357991218567,0.6186105012893677,0.4869401156902313,0.6398530006408691,0.49350690841674805,0.6594744920730591
agarrar,6,10,0.44911977648735046,0.5196635723114014,0.48322027921676636,0.4972250461578369,0.5199421048164368,0.5105639696121216,0.5408870577812195,0.5282983779907227,0.5575368404388428,0.5355920791625977,0.49898791313171387,0.5210369825363159,0.5122812390327454,0.5504505634307861,0.5172971487045288,0.5791796445846558,0.5210914015769958,0.6081114411354065,0.4819774925708771,0.5489408373832703,0.4989527463912964,0.5880210399627686,0.5066179037094116,0.6218678951263428,0.5117356181144714,0.6548222899436951,0.47073861956596375,0.5717083215713501,0.4883318543434143,0.6124431490898132,0.49675968289375305,0.6430246233940125,0.5033206343650818,0.6706839799880981,0.4645717740058899,0.5893077850341797,0.4784495532512665,0.6260542869567871,0.485348105430603,0.650478184223175,0.4914930462837219,0.6738263368606567
agarrar,6,11,0.45057299733161926,0.5189268589019775,0.482953280210495,0.4972599148750305,0.519007682800293,0.5132343769073486,0.5394068956375122,0.5366531014442444,0.552753746509552,0.5485939979553223,0.5002812147140503,0.5243908166885376,0.5139814019203186,0.558194100856781,0.5197288990020752,0.5888299942016602,0.5237614512443542,0.6184014081954956,0.4839497208595276,0.5543122887611389,0.5016035437583923,0.6003567576408386,0.5098083019256592,0.6347448825836182,0.5154085159301758,0.6684063076972961,0.47286680340766907,0.5798174142837524,0.4915296137332916,0.625303328037262,0.5004090070724487,0.6559351086616516,0.5069974660873413,0.6838070750236511,0.4660954773426056,0.6005418300628662,0.48080167174339294,0.6384451389312744,0.48799461126327515,0.6616923213005066,0.493843138217926,0.6839239597320557
agarrar,6,12,0.45356228947639465,0.5183984041213989,0.4874818027019501,0.49414631724357605,0.5263639688491821,0.513522744178772,0.5471190214157104,0.5523300170898438,0.5536852478981018,0.5909631252288818,0.5029448866844177,0.5194991827011108,0.5146640539169312,0.5534274578094482,0.5196604132652283,0.5844056606292725,0.5223793983459473,0.6131024360656738,0.48564255237579346,0.5489073395729065,0.5018255114555359,0.5962958335876465,0.509901225566864,0.6323636770248413,0.5145162343978882,0.6649563908576965,0.47307294607162476,0.574932873249054,0.49080854654312134,0.6212267875671387,0.49823254346847534,0.6546180248260498,0.5034452080726624,0.6834253072738647,0.46487489342689514,0.5971788763999939,0.4795018136501312,0.6366693377494812,0.4872630536556244,0.6615221500396729,0.4933537542819977,0.6839942336082458
agarrar,6,13,0.4552294909954071,0.5153595209121704,0.4884111285209656,0.49271494150161743,0.52486252784729,0.5122281908988953,0.5442352890968323,0.5541144013404846,0.5522737503051758,0.5918906331062317,0.5038419365882874,0.5094872713088989,0.5123296976089478,0.5459722280502319,0.5153214335441589,0.5751711130142212,0.5160632729530334,0.6012217402458191,0.4843423068523407,0.5359506011009216,0.49732425808906555,0.5867394804954529,0.5026063919067383,0.6220857501029968,0.5051397681236267,0.6527503132820129,0.4696882367134094,0.560334324836731,0.48491787910461426,0.6083945035934448,0.49034908413887024,0.6416803598403931,0.49437057971954346,0.6692808270454407,0.4602140784263611,0.5817516446113586,0.47348886728286743,0.6205510497093201,0.4802261292934418,0.6448220014572144,0.4857845902442932,0.6665250062942505
agarrar,6,14,0.4487207531929016,0.5124740600585938,0.4850090444087982,0.4918168783187866,0.5211638808250427,0.5104714035987854,0.54070645570755,0.5514912605285645,0.5503087043762207,0.5869116187095642,0.4998943507671356,0.4992917776107788,0.5085316300392151,0.5270237326622009,0.5107354521751404,0.5568736791610718,0.5111411213874817,0.5870664119720459,0.48022472858428955,0.5264856815338135,0.49161630868911743,0.5714548826217651,0.4947526454925537,0.6091411709785461,0.49588584899902344,0.6436231732368469,0.4658786356449127,0.5523717999458313,0.4779924154281616,0.5969470143318176,0.4822281301021576,0.6318984031677246,0.4851700961589813,0.6602736711502075,0.4569258391857147,0.5758680105209351,0.46745070815086365,0.6140270829200745,0.4720827341079712,0.637519359588623,0.4759421646595001,0.6583721041679382
agarrar,6,15,0.440740168094635,0.5147755742073059,0.4776272475719452,0.48694533109664917,0.5161769986152649,0.5023139119148254,0.5364590883255005,0.5430799126625061,0.5461686253547668,0.5803012251853943,0.49405333399772644,0.48984187841415405,0.5015092492103577,0.5154693126678467,0.5018064379692078,0.5459275245666504,0.5006067752838135,0.577455997467041,0.4772847294807434,0.5226036906242371,0.48623546957969666,0.5665938258171082,0.48925715684890747,0.6036152839660645,0.49130135774612427,0.6383805274963379,0.4651692807674408,0.5535885095596313,0.4761846661567688,0.5972955226898193,0.47949838638305664,0.6275710463523865,0.4815981090068817,0.653572142124176,0.4575367569923401,0.5832617282867432,0.46769508719444275,0.6211807727813721,0.4694903790950775,0.641180157661438,0.4704046845436096,0.6583968997001648
agarrar,6,16,0.4415302276611328,0.5077072978019714,0.4762853682041168,0.47569817304611206,0.5122610926628113,0.48536914587020874,0.5322731733322144,0.5227553248405457,0.5414745211601257,0.5585073828697205,0.4865909516811371,0.47678083181381226,0.4929037392139435,0.506262481212616,0.4958207607269287,0.5304761528968811,0.4990543723106384,0.553025484085083,0.4729413390159607,0.5146307349205017,0.48050928115844727,0.5567373633384705,0.48437386751174927,0.5822016000747681,0.4890441298484802,0.6031912565231323,0.4640733301639557,0.5508648753166199,0.4733836054801941,0.593178927898407,0.4788303077220917,0.6190413236618042,0.48412272334098816,0.639783501625061,0.45875126123428345,0.5841755867004395,0.46605488657951355,0.6219273209571838,0.46713024377822876,0.6433801054954529,0.4683721363544464,0.6610657572746277
agarrar,6,17,0.444154292345047,0.5086909532546997,0.47823357582092285,0.4669639468193054,0.5110644102096558,0.4668092131614685,0.5317068696022034,0.4992176592350006,0.542451024055481,0.5311806201934814,0.49011945724487305,0.46557608246803284,0.4899462163448334,0.4912695586681366,0.4901791214942932,0.5148481130599976,0.49157124757766724,0.5373013019561768,0.4768548607826233,0.5087907314300537,0.47977685928344727,0.5429182052612305,0.4827212393283844,0.5638590455055237,0.48623231053352356,0.5829809308052063,0.4674956202507019,0.548851728439331,0.4724688231945038,0.5868212580680847,0.4768892824649811,0.6091693043708801,0.480658620595932,0.6279556155204773,0.4611853063106537,0.5828108787536621,0.46679019927978516,0.6169680953025818,0.46849507093429565,0.6369078755378723,0.4698222279548645,0.6542246341705322
agarrar,6,18,0.5339974761009216,0.6856504082679749,0.5159281492233276,0.6299857497215271,0.5042762160301208,0.5893002152442932,0.4976317584514618,0.5786487460136414,0.4918982982635498,0.5872727632522583,0.5089625716209412,0.5847769379615784,0.4948311150074005,0.5529146790504456,0.4833187460899353,0.5642880797386169,0.47751355171203613,0.5809317231178284,0.511458694934845,0.612084150314331,0.5026973485946655,0.5926365256309509,0.49779656529426575,0.5975531339645386,0.4979217052459717,0.597568154335022,0.5133532285690308,0.6480764150619507,0.5017679929733276,0.6408793926239014,0.5000960230827332,0.6347058415412903,0.5018483996391296,0.6230219602584839,0.5125557780265808,0.6865735054016113,0.5007944107055664,0.6911845803260803,0.49718308448791504,0.6817548274993896,0.49687856435775757,0.6686413288116455
agarrar,6,19,0.5271397233009338,0.6938955783843994,0.5086991190910339,0.6457031965255737,0.49747881293296814,0.6167281270027161,0.4864906370639801,0.6211119890213013,0.47896236181259155,0.6411808729171753,0.5106158256530762,0.5936921238899231,0.5080755949020386,0.5606241226196289,0.5016618371009827,0.5628319978713989,0.498219758272171,0.5712822079658508,0.5141225457191467,0.6186960339546204,0.5118037462234497,0.5994747877120972,0.5095221400260925,0.5989347696304321,0.5118809938430786,0.5979145169258118,0.5168823599815369,0.6523354053497314,0.5114647746086121,0.6430492401123047,0.5122858285903931,0.6342599987983704,0.5151083469390869,0.6230834126472473,0.5164785981178284,0.6884920597076416,0.5100763440132141,0.6916771531105042,0.5077743530273438,0.6826720237731934,0.507950484752655,0.6705096960067749
agarrar,7,0,0.44656312465667725,0.4679105579853058,0.48054227232933044,0.44175922870635986,0.5195404291152954,0.4480924606323242,0.5457895994186401,0.4697226583957672,0.5651564598083496,0.47821494936943054,0.4998617470264435,0.44491297006607056,0.5111039280891418,0.46965938806533813,0.5156202912330627,0.4975358843803406,0.5185367465019226,0.5206997394561768,0.48256030678749084,0.47756457328796387,0.49745145440101624,0.5100263953208923,0.5043665170669556,0.5378270149230957,0.5095971822738647,0.5599755644798279,0.46996185183525085,0.5077493190765381,0.48730260133743286,0.540375292301178,0.4965915083885193,0.5665045976638794,0.5042856335639954,0.5862985253334045,0.4620114862918854,0.5336066484451294,0.47818589210510254,0.5613048672676086,0.4866816997528076,0.580335795879364,0.49376264214515686,0.5959047079086304
agarrar,7,1,0.5356250405311584,0.6387891173362732,0.5284988880157471,0.5865005850791931,0.528275191783905,0.5470783114433289,0.5329855680465698,0.5235202312469482,0.5423856377601624,0.5096961259841919,0.5320292711257935,0.5765877962112427,0.542140007019043,0.564108669757843,0.5522951483726501,0.552497923374176,0.5629726648330688,0.542378842830658,0.534220814704895,0.601250410079956,0.5445358753204346,0.5822601318359375,0.5548996925354004,0.5685307383537292,0.5667091608047485,0.5549961924552917,0.5350220799446106,0.6272488236427307,0.5417755246162415,0.610731303691864,0.5516833066940308,0.5966704487800598,0.5636071562767029,0.583818793296814,0.5361393094062805,0.6558768153190613,0.5382269024848938,0.6575263738632202,0.5445079803466797,0.649024248123169,0.5525424480438232,0.6381416320800781
agarrar,7,2,0.45149603486061096,0.49898582696914673,0.4788394868373871,0.46658048033714294,0.5121558308601379,0.46914881467819214,0.5331655144691467,0.485379159450531,0.5465834140777588,0.5008947253227234,0.5026854872703552,0.4903828203678131,0.5159423351287842,0.5194021463394165,0.5214678645133972,0.5462868213653564,0.5254935622215271,0.5705926418304443,0.4884171485900879,0.5204935073852539,0.5042946338653564,0.5548645853996277,0.5121898055076599,0.5850176215171814,0.5177968144416809,0.6129342913627625,0.4758053123950958,0.5461928844451904,0.49290066957473755,0.5817456245422363,0.5011709928512573,0.6093361377716064,0.5071055293083191,0.6338568925857544,0.4654619097709656,0.5677486062049866,0.479266494512558,0.5989821553230286,0.48700639605522156,0.6207935214042664,0.4936196804046631,0.6417937278747559
agarrar,7,3,0.4502086043357849,0.5067716836929321,0.4815275967121124,0.4815541207790375,0.5186100602149963,0.49265018105506897,0.5409265756607056,0.5116126537322998,0.5584142804145813,0.52229243516922,0.5031357407569885,0.5048757195472717,0.516128659248352,0.5325774550437927,0.5206387639045715,0.5598872900009155,0.5239781141281128,0.5867195725440979,0.4875887632369995,0.533930242061615,0.5034863352775574,0.5704011917114258,0.51067054271698,0.6034520864486694,0.515823245048523,0.6337511539459229,0.4756676256656647,0.5588966012001038,0.49251213669776917,0.5962503552436829,0.5004957318305969,0.6248777508735657,0.5069411396980286,0.6500380039215088,0.46696457266807556,0.580181896686554,0.4815514385700226,0.6132746934890747,0.4885897934436798,0.6363243460655212,0.4947415292263031,0.6579129099845886
agarrar,7,4,0.44913581013679504,0.5137010812759399,0.4811405837535858,0.48938941955566406,0.5189937353134155,0.5013958215713501,0.5426630973815918,0.5203801393508911,0.5615476369857788,0.5271039605140686,0.49853214621543884,0.5064370632171631,0.512033998966217,0.5362549424171448,0.5175737738609314,0.5646551251411438,0.5219197273254395,0.5927629470825195,0.48172399401664734,0.5378223061561584,0.49948766827583313,0.5767932534217834,0.5080779194831848,0.6087208390235901,0.5144208669662476,0.6393685340881348,0.47072023153305054,0.564129114151001,0.48973387479782104,0.6024775505065918,0.49897587299346924,0.630691409111023,0.5063672661781311,0.6549782156944275,0.46475163102149963,0.5854945778846741,0.47944357991218567,0.6186105012893677,0.4869401156902313,0.6398530006408691,0.49350690841674805,0.6594744920730591
agarrar,7,5,0.44911977648735046,0.5196635723114014,0.48322027921676636,0.4972250461578369,0.5199421048164368,0.5105639696121216,0.5408870577812195,0.5282983779907227,0.5575368404388428,0.5355920791625977,0.49898791313171387,0.5210369825363159,0.5122812390327454,0.5504505634307861,0.5172971487045288,0.5791796445846558,0.5210914015769958,0.6081114411354065,0.4819774925708771,0.5489408373832703,0.4989527463912964,0.5880210399627686,0.5066179037094116,0.6218678951263428,0.5117356181144714,0.6548222899436951,0.47073861956596375,0.5717083215713501,0.4883318543434143,0.6124431490898132,0.49675968289375305,0.6430246233940125,0.5033206343650818,0.6706839799880981,0.4645717740058899,0.5893077850341797,0.4784495532512665,0.6260542869567871,0.485348105430603,0.650478184223175,0.4914930462837219,0.6738263368606567
agarrar,7,6,0.45057299733161926,0.5189268589019775,0.482953280210495,0.4972599148750305,0.519007682800293,0.5132343769073486,0.5394068956375122,0.5366531014442444,0.552753746509552,0.5485939979553223,0.5002812147140503,0.5243908166885376,0.5139814019203186,0.558194100856781,0.5197288990020752,0.5888299942016602,0.5237614512443542,0.6184014081954956,0.4839497208595276,0.5543122887611389,0.5016035437583923,0.6003567576408386,0.5098083019256592,0.6347448825836182,0.5154085159301758,0.6684063076972961,0.47286680340766907,0.5798174142837524,0.4915296137332916,0.625303328037262,0.5004090070724487,0.6559351086616516,0.5069974660873413,0.6838070750236511,0.4660954773426056,0.6005418300628662,0.48080167174339294,0.6384451389312744,0.48799461126327515,0.6616923213005066,0.493843138217926,0.6839239597320557
agarrar,7,7,0.45356228947639465,0.5183984041213989,0.4874818027019501,0.49414631724357605,0.5263639688491821,0.513522744178772,0.5471190214157104,0.5523300170898438,0.5536852478981018,0.5909631252288818,0.5029448866844177,0.5194991827011108,0.5146640539169312,0.5534274578094482,0.5196604132652283,0.5844056606292725,0.5223793983459473,0.6131024360656738,0.48564255237579346,0.5489073395729065,0.5018255114555359,0.5962958335876465,0.509901225566864,0.6323636770248413,0.5145162343978882,0.6649563908576965,0.47307294607162476,0.574932873249054,0.49080854654312134,0.6212267875671387,0.49823254346847534,0.6546180248260498,0.5034452080726624,0.6834253072738647,0.46487489342689514,0.5971788763999939,0.4795018136501312,0.6366693377494812,0.4872630536556244,0.6615221500396729,0.4933537542819977,0.6839942336082458
agarrar,7,8,0.4552294909954071,0.5153595209121704,0.4884111285209656,0.49271494150161743,0.52486252784729,0.5122281908988953,0.5442352890968323,0.5541144013404846,0.5522737503051758,0.5918906331062317,0.5038419365882874,0.5094872713088989,0.5123296976089478,0.5459722280502319,0.5153214335441589,0.5751711130142212,0.5160632729530334,0.6012217402458191,0.4843423068523407,0.5359506011009216,0.49732425808906555,0.5867394804954529,0.5026063919067383,0.6220857501029968,0.5051397681236267,0.6527503132820129,0.4696882367134094,0.560334324836731,0.48491787910461426,0.6083945035934448,0.49034908413887024,0.6416803598403931,0.49437057971954346,0.6692808270454407,0.4602140784263611,0.5817516446113586,0.47348886728286743,0.6205510497093201,0.4802261292934418,0.6448220014572144,0.4857845902442932,0.6665250062942505
agarrar,7,9,0.4487207531929016,0.5124740600585938,0.4850090444087982,0.4918168783187866,0.5211638808250427,0.5104714035987854,0.54070645570755,0.5514912605285645,0.5503087043762207,0.5869116187095642,0.4998943507671356,0.4992917776107788,0.5085316300392151,0.5270237326622009,0.5107354521751404,0.5568736791610718,0.5111411213874817,0.5870664119720459,0.48022472858428955,0.5264856815338135,0.49161630868911743,0.5714548826217651,0.4947526454925537,0.6091411709785461,0.49588584899902344,0.6436231732368469,0.4658786356449127,0.5523717999458313,0.4779924154281616,0.5969470143318176,0.4822281301021576,0.6318984031677246,0.4851700961589813,0.6602736711502075,0.4569258391857147,0.5758680105209351,0.46745070815086365,0.6140270829200745,0.4720827341079712,0.637519359588623,0.4759421646595001,0.6583721041679382
agarrar,7,10,0.440740168094635,0.5147755742073059,0.4776272475719452,0.48694533109664917,0.5161769986152649,0.5023139119148254,0.5364590883255005,0.5430799126625061,0.5461686253547668,0.5803012251853943,0.49405333399772644,0.48984187841415405,0.5015092492103577,0.5154693126678467,0.5018064379692078,0.5459275245666504,0.5006067752838135,0.577455997467041,0.4772847294807434,0.5226036906242371,0.48623546957969666,0.5665938258171082,0.48925715684890747,0.6036152839660645,0.49130135774612427,0.6383805274963379,0.4651692807674408,0.5535885095596313,0.4761846661567688,0.5972955226898193,0.47949838638305664,0.6275710463523865,0.4815981090068817,0.653572142124176,0.4575367569923401,0.5832617282867432,0.46769508719444275,0.6211807727813721,0.4694903790950775,0.641180157661438,0.4704046845436096,0.6583968997001648
agarrar,7,11,0.4415302276611328,0.5077072978019714,0.4762853682041168,0.47569817304611206,0.5122610926628113,0.48536914587020874,0.5322731733322144,0.5227553248405457,0.5414745211601257,0.5585073828697205,0.4865909516811371,0.47678083181381226,0.4929037392139435,0.506262481212616,0.4958207607269287,0.5304761528968811,0.4990543723106384,0.553025484085083,0.4729413390159607,0.5146307349205017,0.48050928115844727,0.5567373633384705,0.48437386751174927,0.5822016000747681,0.4890441298484802,0.6031912565231323,0.4640733301639557,0.5508648753166199,0.4733836054801941,0.593178927898407,0.4788303077220917,0.6190413236618042,0.48412272334098816,0.639783501625061,0.45875126123428345,0.5841755867004395,0.46605488657951355,0.6219273209571838,0.46713024377822876,0.6433801054954529,0.4683721363544464,0.6610657572746277
agarrar,7,12,0.444154292345047,0.5086909532546997,0.47823357582092285,0.4669639468193054,0.5110644102096558,0.4668092131614685,0.5317068696022034,0.4992176592350006,0.542451024055481,0.5311806201934814,0.49011945724487305,0.46557608246803284,0.4899462163448334,0.4912695586681366,0.4901791214942932,0.5148481130599976,0.49157124757766724,0.5373013019561768,0.4768548607826233,0.5087907314300537,0.47977685928344727,0.5429182052612305,0.4827212393283844,0.5638590455055237,0.48623231053352356,0.5829809308052063,0.4674956202507019,0.548851728439331,0.4724688231945038,0.5868212580680847,0.4768892824649811,0.6091693043708801,0.480658620595932,0.6279556155204773,0.4611853063106537,0.5828108787536621,0.46679019927978516,0.6169680953025818,0.46849507093429565,0.6369078755378723,0.4698222279548645,0.6542246341705322
agarrar,7,13,0.5339974761009216,0.6856504082679749,0.5159281492233276,0.6299857497215271,0.5042762160301208,0.5893002152442932,0.4976317584514618,0.5786487460136414,0.4918982982635498,0.5872727632522583,0.5089625716209412,0.5847769379615784,0.4948311150074005,0.5529146790504456,0.4833187460899353,0.5642880797386169,0.47751355171203613,0.5809317231178284,0.511458694934845,0.612084150314331,0.5026973485946655,0.5926365256309509,0.49779656529426575,0.5975531339645386,0.4979217052459717,0.597568154335022,0.5133532285690308,0.6480764150619507,0.5017679929733276,0.6408793926239014,0.5000960230827332,0.6347058415412903,0.5018483996391296,0.6230219602584839,0.5125557780265808,0.6865735054016113,0.5007944107055664,0.6911845803260803,0.49718308448791504,0.6817548274993896,0.49687856435775757,0.6686413288116455
agarrar,7,14,0.5271397233009338,0.6938955783843994,0.5086991190910339,0.6457031965255737,0.49747881293296814,0.6167281270027161,0.4864906370639801,0.6211119890213013,0.47896236181259155,0.6411808729171753,0.5106158256530762,0.5936921238899231,0.5080755949020386,0.5606241226196289,0.5016618371009827,0.5628319978713989,0.498219758272171,0.5712822079658508,0.5141225457191467,0.6186960339546204,0.5118037462234497,0.5994747877120972,0.5095221400260925,0.5989347696304321,0.5118809938430786,0.5979145169258118,0.5168823599815369,0.6523354053497314,0.5114647746086121,0.6430492401123047,0.5122858285903931,0.6342599987983704,0.5151083469390869,0.6230834126472473,0.5164785981178284,0.6884920597076416,0.5100763440132141,0.6916771531105042,0.5077743530273438,0.6826720237731934,0.507950484752655,0.6705096960067749
agarrar,7,15,0.5203126072883606,0.6600314378738403,0.5147245526313782,0.6092414855957031,0.5128010511398315,0.574440598487854,0.5123035907745361,0.5534986257553101,0.5152930021286011,0.5523826479911804,0.5141156315803528,0.5912166833877563,0.5187643766403198,0.572780966758728,0.5205913782119751,0.5730882287025452,0.5229198932647705,0.5735812187194824,0.5169168710708618,0.6246634721755981,0.5210082530975342,0.6067817807197571,0.5246513485908508,0.6000242233276367,0.5300387740135193,0.5931823253631592,0.5193510055541992,0.6576602458953857,0.5190916657447815,0.64626145362854,0.5251374244689941,0.6360887289047241,0.5321735143661499,0.623491644859314,0.5215426683425903,0.6889064908027649,0.5191749930381775,0.6956432461738586,0.5199798345565796,0.6885213851928711,0.5214095115661621,0.677980363368988
agarrar,7,16,0.5199857354164124,0.6565984487533569,0.5290845036506653,0.6118434071540833,0.53146892786026,0.5756677985191345,0.532684326171875,0.5474453568458557,0.5386459827423096,0.5358721613883972,0.5221390128135681,0.5995312333106995,0.5260276198387146,0.5779086351394653,0.5328021049499512,0.5651490688323975,0.5414438247680664,0.5539531707763672,0.5224785208702087,0.6274324059486389,0.5252130031585693,0.6062813997268677,0.534260094165802,0.5928337574005127,0.5443876385688782,0.5797553062438965,0.5243171453475952,0.6567695140838623,0.5241689085960388,0.643035888671875,0.5346910953521729,0.6309497356414795,0.545807957649231,0.6168478727340698,0.5267849564552307,0.6872457265853882,0.5263912081718445,0.6906470060348511,0.5309241414070129,0.6806249618530273,0.536060631275177,0.6679198741912842
agarrar,7,17,0.447904497385025,0.4918425977230072,0.4777160882949829,0.4662751257419586,0.5181294679641724,0.45853906869888306,0.546823263168335,0.45727401971817017,0.5658644437789917,0.44287264347076416,0.4979095757007599,0.460084468126297,0.5096344947814941,0.478656142950058,0.5147411823272705,0.5042135715484619,0.5192064046859741,0.5281497240066528,0.48158326745033264,0.4939146041870117,0.49430277943611145,0.52189701795578,0.5000451803207397,0.5453184843063354,0.5052714943885803,0.5663772225379944,0.4691849946975708,0.5253010988235474,0.48498791456222534,0.5493128299713135,0.4923553466796875,0.5698003172874451,0.4987063407897949,0.5855960249900818,0.4616188108921051,0.5518898367881775,0.4777153432369232,0.5743624567985535,0.48520398139953613,0.5908429026603699,0.4923536777496338,0.606818675994873
agarrar,7,18,0.44496408104896545,0.5091515779495239,0.47382158041000366,0.4686714708805084,0.5136995911598206,0.4620211124420166,0.5415928363800049,0.473177433013916,0.5597957372665405,0.47633716464042664,0.4987339675426483,0.47172439098358154,0.511941134929657,0.49516773223876953,0.5188037753105164,0.5224592089653015,0.5246955752372742,0.5473330616950989,0.4834384322166443,0.5103313326835632,0.4973675012588501,0.5371649861335754,0.5061972737312317,0.563463032245636,0.5126754641532898,0.5860030055046082,0.470595121383667,0.5450713038444519,0.48717638850212097,0.5721299648284912,0.4984686076641083,0.5948364734649658,0.5068604350090027,0.6126389503479004,0.46108365058898926,0.5735824704170227,0.4783051013946533,0.5990873575210571,0.4891255497932434,0.6163564920425415,0.49784666299819946,0.6328741908073425
agarrar,7,19,0.44634926319122314,0.5142122507095337,0.4755091667175293,0.4836593270301819,0.5113227963447571,0.4845742881298065,0.5348297357559204,0.5063798427581787,0.5492811799049377,0.5277700424194336,0.49654585123062134,0.49045631289482117,0.5110539197921753,0.5119026899337769,0.5179657340049744,0.5373935103416443,0.523023247718811,0.5601769089698792,0.48210564255714417,0.5209892988204956,0.4994148910045624,0.5523223280906677,0.5088561177253723,0.5781879425048828,0.5164268612861633,0.6006667613983154,0.47102469205856323,0.5492844581604004,0.48983830213546753,0.5793085694313049,0.500805675983429,0.6024527549743652,0.5103453397750854,0.6215665936470032,0.4628501832485199,0.5731220841407776,0.4789207875728607,0.5999778509140015,0.48948463797569275,0.6186987161636353,0.49946722388267517,0.6372697353363037
agarrar,8,0,0.44911977648735046,0.5196635723114014,0.48322027921676636,0.4972250461578369,0.5199421048164368,0.5105639696121216,0.5408870577812195,0.5282983779907227,0.5575368404388428,0.5355920791625977,0.49898791313171387,0.5210369825363159,0.5122812390327454,0.5504505634307861,0.5172971487045288,0.5791796445846558,0.5210914015769958,0.6081114411354065,0.4819774925708771,0.5489408373832703,0.4989527463912964,0.5880210399627686,0.5066179037094116,0.6218678951263428,0.5117356181144714,0.6548222899436951,0.47073861956596375,0.5717083215713501,0.4883318543434143,0.6124431490898132,0.49675968289375305,0.6430246233940125,0.5033206343650818,0.6706839799880981,0.4645717740058899,0.5893077850341797,0.4784495532512665,0.6260542869567871,0.485348105430603,0.650478184223175,0.4914930462837219,0.6738263368606567
agarrar,8,1,0.45057299733161926,0.5189268589019775,0.482953280210495,0.4972599148750305,0.519007682800293,0.5132343769073486,0.5394068956375122,0.5366531014442444,0.552753746509552,0.5485939979553223,0.5002812147140503,0.5243908166885376,0.5139814019203186,0.558194100856781,0.5197288990020752,0.5888299942016602,0.5237614512443542,0.6184014081954956,0.4839497208595276,0.5543122887611389,0.5016035437583923,0.6003567576408386,0.5098083019256592,0.6347448825836182,0.5154085159301758,0.6684063076972961,0.47286680340766907,0.5798174142837524,0.4915296137332916,0.625303328037262,0.5004090070724487,0.6559351086616516,0.5069974660873413,0.6838070750236511,0.4660954773426056,0.6005418300628662,0.48080167174339294,0.6384451389312744,0.48799461126327515,0.6616923213005066,0.493843138217926,0.6839239597320557
agarrar,8,2,0.45356228947639465,0.5183984041213989,0.4874818027019501,0.49414631724357605,0.5263639688491821,0.513522744178772,0.5471190214157104,0.5523300170898438,0.5536852478981018,0.5909631252288818,0.5029448866844177,0.5194991827011108,0.5146640539169312,0.5534274578094482,0.5196604132652283,0.5844056606292725,0.5223793983459473,0.6131024360656738,0.48564255237579346,0.5489073395729065,0.5018255114555359,0.5962958335876465,0.509901225566864,0.6323636770248413,0.5145162343978882,0.6649563908576965,0.47307294607162476,0.574932873249054,0.49080854654312134,0.6212267875671387,0.49823254346847534,0.6546180248260498,0.5034452080726624,0.6834253072738647,0.46487489342689514,0.5971788763999939,0.4795018136501312,0.6366693377494812,0.4872630536556244,0.6615221500396729,0.4933537542819977,0.6839942336082458
agarrar,8,3,0.4552294909954071,0.5153595209121704,0.4884111285209656,0.49271494150161743,0.52486252784729,0.5122281908988953,0.5442352890968323,0.5541144013404846,0.5522737503051758,0.5918906331062317,0.5038419365882874,0.5094872713088989,0.5123296976089478,0.5459722280502319,0.5153214335441589,0.5751711130142212,0.5160632729530334,0.6012217402458191,0.4843423068523407,0.5359506011009216,0.49732425808906555,0.5867394804954529,0.5026063919067383,0.6220857501029968,0.5051397681236267,0.6527503132820129,0.4696882367134094,0.560334324836731,0.48491787910461426,0.6083945035934448,0.49034908413887024,0.6416803598403931,0.49437057971954346,0.6692808270454407,0.4602140784263611,0.5817516446113586,0.47348886728286743,0.6205510497093201,0.4802261292934418,0.6448220014572144,0.4857845902442932,0.6665250062942505
agarrar,8,4,0.4487207531929016,0.5124740600585938,0.4850090444087982,0.4918168783187866,0.5211638808250427,0.5104714035987854,0.54070645570755,0.5514912605285645,0.5503087043762207,0.5869116187095642,0.4998943507671356,0.4992917776107788,0.5085316300392151,0.5270237326622009,0.5107354521751404,0.5568736791610718,0.5111411213874817,0.5870664119720459,0.48022472858428955,0.5264856815338135,0.49161630868911743,0.5714548826217651,0.4947526454925537,0.6091411709785461,0.49588584899902344,0.6436231732368469,0.4658786356449127,0.5523717999458313,0.4779924154281616,0.5969470143318176,0.4822281301021576,0.6318984031677246,0.4851700961589813,0.6602736711502075,0.4569258391857147,0.5758680105209351,0.46745070815086365,0.6140270829200745,0.4720827341079712,0.637519359588623,0.4759421646595001,0.6583721041679382
agarrar,8,5,0.440740168094635,0.5147755742073059,0.4776272475719452,0.48694533109664917,0.5161769986152649,0.5023139119148254,0.5364590883255005,0.5430799126625061,0.5461686253547668,0.5803012251853943,0.49405333399772644,0.48984187841415405,0.5015092492103577,0.5154693126678467,0.5018064379692078,0.5459275245666504,0.5006067752838135,0.577455997467041,0.4772847294807434,0.5226036906242371,0.48623546957969666,0.5665938258171082,0.48925715684890747,0.6036152839660645,0.49130135774612427,0.6383805274963379,0.4651692807674408,0.5535885095596313,0.4761846661567688,0.5972955226898193,0.47949838638305664,0.6275710463523865,0.4815981090068817,0.653572142124176,0.4575367569923401,0.5832617282867432,0.46769508719444275,0.6211807727813721,0.4694903790950775,0.641180157661438,0.4704046845436096,0.6583968997001648
agarrar,8,6,0.4415302276611328,0.5077072978019714,0.4762853682041168,0.47569817304611206,0.5122610926628113,0.48536914587020874,0.5322731733322144,0.5227553248405457,0.5414745211601257,0.5585073828697205,0.4865909516811371,0.47678083181381226,0.4929037392139435,0.506262481212616,0.4958207607269287,0.5304761528968811,0.4990543723106384,0.553025484085083,0.4729413390159607,0.5146307349205017,0.48050928115844727,0.5567373633384705,0.48437386751174927,0.5822016000747681,0.4890441298484802,0.6031912565231323,0.4640733301639557,0.5508648753166199,0.4733836054801941,0.593178927898407,0.4788303077220917,0.6190413236618042,0.48412272334098816,0.639783501625061,0.45875126123428345,0.5841755867004395,0.46605488657951355,0.6219273209571838,0.46713024377822876,0.6433801054954529,0.4683721363544464,0.6610657572746277
agarrar,8,7,0.444154292345047,0.5086909532546997,0.47823357582092285,0.4669639468193054,0.5110644102096558,0.4668092131614685,0.5317068696022034,0.4992176592350006,0.542451024055481,0.5311806201934814,0.49011945724487305,0.46557608246803284,0.4899462163448334,0.4912695586681366,0.4901791214942932,0.5148481130599976,0.49157124757766724,0.5373013019561768,0.4768548607826233,0.5087907314300537,0.47977685928344727,0.5429182052612305,0.4827212393283844,0.5638590455055237,0.48623231053352356,0.5829809308052063,0.4674956202507019,0.548851728439331,0.4724688231945038,0.5868212580680847,0.4768892824649811,0.6091693043708801,0.480658620595932,0.6279556155204773,0.4611853063106537,0.5828108787536621,0.46679019927978516,0.6169680953025818,0.46849507093429565,0.6369078755378723,0.4698222279548645,0.6542246341705322
agarrar,8,8,0.5339974761009216,0.6856504082679749,0.5159281492233276,0.6299857497215271,0.5042762160301208,0.5893002152442932,0.4976317584514618,0.5786487460136414,0.4918982982635498,0.5872727632522583,0.5089625716209412,0.5847769379615784,0.4948311150074005,0.5529146790504456,0.4833187460899353,0.5642880797386169,0.47751355171203613,0.5809317231178284,0.511458694934845,0.612084150314331,0.5026973485946655,0.5926365256309509,0.49779656529426575,0.5975531339645386,0.4979217052459717,0.597568154335022,0.5133532285690308,0.6480764150619507,0.5017679929733276,0.6408793926239014,0.5000960230827332,0.6347058415412903,0.5018483996391296,0.6230219602584839,0.5125557780265808,0.6865735054016113,0.5007944107055664,0.6911845803260803,0.49718308448791504,0.6817548274993896,0.49687856435775757,0.6686413288116455
agarrar,8,9,0.5271397233009338,0.6938955783843994,0.5086991190910339,0.6457031965255737,0.49747881293296814,0.6167281270027161,0.4864906370639801,0.6211119890213013,0.47896236181259155,0.6411808729171753,0.5106158256530762,0.5936921238899231,0.5080755949020386,0.5606241226196289,0.5016618371009827,0.5628319978713989,0.498219758272171,0.5712822079658508,0.5141225457191467,0.6186960339546204,0.5118037462234497,0.5994747877120972,0.5095221400260925,0.5989347696304321,0.5118809938430786,0.5979145169258118,0.5168823599815369,0.6523354053497314,0.5114647746086121,0.6430492401123047,0.5122858285903931,0.6342599987983704,0.5151083469390869,0.6230834126472473,0.5164785981178284,0.6884920597076416,0.5100763440132141,0.6916771531105042,0.5077743530273438,0.6826720237731934,0.507950484752655,0.6705096960067749
agarrar,8,10,0.5203126072883606,0.6600314378738403,0.5147245526313782,0.6092414855957031,0.5128010511398315,0.574440598487854,0.5123035907745361,0.5534986257553101,0.5152930021286011,0.5523826479911804,0.5141156315803528,0.5912166833877563,0.5187643766403198,0.572780966758728,0.5205913782119751,0.5730882287025452,0.5229198932647705,0.5735812187194824,0.5169168710708618,0.6246634721755981,0.5210082530975342,0.6067817807197571,0.5246513485908508,0.6000242233276367,0.5300387740135193,0.5931823253631592,0.5193510055541992,0.6576602458953857,0.5190916657447815,0.64626145362854,0.5251374244689941,0.6360887289047241,0.5321735143661499,0.623491644859314,0.5215426683425903,0.6889064908027649,0.5191749930381775,0.6956432461738586,0.5199798345565796,0.6885213851928711,0.5214095115661621,0.677980363368988
agarrar,8,11,0.5199857354164124,0.6565984487533569,0.5290845036506653,0.6118434071540833,0.53146892786026,0.5756677985191345,0.532684326171875,0.5474453568458557,0.5386459827423096,0.5358721613883972,0.5221390128135681,0.5995312333106995,0.5260276198387146,0.5779086351394653,0.5328021049499512,0.5651490688323975,0.5414438247680664,0.5539531707763672,0.5224785208702087,0.6274324059486389,0.5252130031585693,0.6062813997268677,0.534260094165802,0.5928337574005127,0.5443876385688782,0.5797553062438965,0.5243171453475952,0.6567695140838623,0.5241689085960388,0.643035888671875,0.5346910953521729,0.6309497356414795,0.545807957649231,0.6168478727340698,0.5267849564552307,0.6872457265853882,0.5263912081718445,0.6906470060348511,0.5309241414070129,0.6806249618530273,0.536060631275177,0.6679198741912842
agarrar,8,12,0.447904497385025,0.4918425977230072,0.4777160882949829,0.4662751257419586,0.5181294679641724,0.45853906869888306,0.546823263168335,0.45727401971817017,0.5658644437789917,0.44287264347076416,0.4979095757007599,0.460084468126297,0.5096344947814941,0.478656142950058,0.5147411823272705,0.5042135715484619,0.5192064046859741,0.5281497240066528,0.48158326745033264,0.4939146041870117,0.49430277943611145,0.52189701795578,0.5000451803207397,0.5453184843063354,0.5052714943885803,0.5663772225379944,0.4691849946975708,0.5253010988235474,0.48498791456222534,0.5493128299713135,0.4923553466796875,0.5698003172874451,0.4987063407897949,0.5855960249900818,0.4616188108921051,0.5518898367881775,0.4777153432369232,0.5743624567985535,0.48520398139953613,0.5908429026603699,0.4923536777496338,0.606818675994873
agarrar,8,13,0.44496408104896545,0.5091515779495239,0.47382158041000366,0.4686714708805084,0.5136995911598206,0.4620211124420166,0.5415928363800049,0.473177433013916,0.5597957372665405,0.47633716464042664,0.4987339675426483,0.47172439098358154,0.511941134929657,0.49516773223876953,0.5188037753105164,0.5224592089653015,0.5246955752372742,0.5473330616950989,0.4834384322166443,0.5103313326835632,0.4973675012588501,0.5371649861335754,0.5061972737312317,0.563463032245636,0.5126754641532898,0.5860030055046082,0.470595121383667,0.5450713038444519,0.48717638850212097,0.5721299648284912,0.4984686076641083,0.5948364734649658,0.5068604350090027,0.6126389503479004,0.46108365058898926,0.5735824704170227,0.4783051013946533,0.5990873575210571,0.4891255497932434,0.6163564920425415,0.49784666299819946,0.6328741908073425
agarrar,8,14,0.44634926319122314,0.5142122507095337,0.4755091667175293,0.4836593270301819,0.5113227963447571,0.4845742881298065,0.5348297357559204,0.5063798427581787,0.5492811799049377,0.5277700424194336,0.49654585123062134,0.49045631289482117,0.5110539197921753,0.5119026899337769,0.5179657340049744,0.5373935103416443,0.523023247718811,0.5601769089698792,0.48210564255714417,0.5209892988204956,0.4994148910045624,0.5523223280906677,0.5088561177253723,0.5781879425048828,0.5164268612861633,0.6006667613983154,0.47102469205856323,0.5492844581604004,0.48983830213546753,0.5793085694313049,0.500805675983429,0.6024527549743652,0.5103453397750854,0.6215665936470032,0.4628501832485199,0.5731220841407776,0.4789207875728607,0.5999778509140015,0.48948463797569275,0.6186987161636353,0.49946722388267517,0.6372697353363037
agarrar,8,15,0.4494820535182953,0.522318959236145,0.48135772347450256,0.49428677558898926,0.5168388485908508,0.4988071024417877,0.5388625860214233,0.5197249054908752,0.5497055053710938,0.5383099913597107,0.4978516101837158,0.5008561015129089,0.510628879070282,0.5205919146537781,0.518176794052124,0.5438533425331116,0.5241580605506897,0.5655853748321533,0.4833464026451111,0.5312002301216125,0.5006089210510254,0.5606066584587097,0.5106889605522156,0.5860816836357117,0.5185911655426025,0.6094182133674622,0.47236767411231995,0.5601179003715515,0.4912291467189789,0.589031994342804,0.5021153092384338,0.611231803894043,0.5115483999252319,0.6297245025634766,0.4642369747161865,0.5844495296478271,0.47889038920402527,0.6110776662826538,0.488343209028244,0.6285678744316101,0.4971652328968048,0.6447486281394958
agarrar,8,16,0.4564504623413086,0.5327354669570923,0.4880634844303131,0.5057324767112732,0.5220845937728882,0.5147079825401306,0.5430652499198914,0.546514093875885,0.5543750524520874,0.5768120288848877,0.5012946128845215,0.5086085796356201,0.5140282511711121,0.5263107419013977,0.5203243494033813,0.5484025478363037,0.5247475504875183,0.5684432983398438,0.4855833053588867,0.5373722910881042,0.5000177025794983,0.5640507936477661,0.5089482665061951,0.5890216827392578,0.5150114893913269,0.6107112169265747,0.4733871817588806,0.5659977197647095,0.48997363448143005,0.5941265821456909,0.5008069276809692,0.618485152721405,0.5095661878585815,0.6385465860366821,0.4647761583328247,0.5914366841316223,0.47807466983795166,0.6177647709846497,0.48856237530708313,0.6359606385231018,0.4982455372810364,0.6536681652069092
agarrar,8,17,0.4502370357513428,0.532514750957489,0.4846957325935364,0.5028246641159058,0.5204842686653137,0.5160934925079346,0.5410337448120117,0.5540191531181335,0.5497174859046936,0.5882712602615356,0.49906104803085327,0.5092898607254028,0.5116705894470215,0.5289029479026794,0.517219603061676,0.5522668361663818,0.5210742950439453,0.5737212300300598,0.48244568705558777,0.5397878885269165,0.4969143271446228,0.5687674880027771,0.5047014951705933,0.5946967601776123,0.5101997256278992,0.6168469190597534,0.4707145392894745,0.5691183805465698,0.4861215651035309,0.5984422564506531,0.49554315209388733,0.6220000982284546,0.5034555196762085,0.6403764486312866,0.4635906219482422,0.5945996642112732,0.47753751277923584,0.6221643090248108,0.48685339093208313,0.6395322680473328,0.4952898919582367,0.6547533869743347
agarrar,8,18,0.44963768124580383,0.5249279737472534,0.4839782416820526,0.5001154541969299,0.5190878510475159,0.5127522945404053,0.5386280417442322,0.5488177537918091,0.5471538305282593,0.5825835466384888,0.4982953369617462,0.5006003975868225,0.5084937810897827,0.5204788446426392,0.5118036270141602,0.5467589497566223,0.5131818056106567,0.5740100741386414,0.4814412593841553,0.5303530097007751,0.49339044094085693,0.5682181715965271,0.49893027544021606,0.6007290482521057,0.5022256970405579,0.6306086182594299,0.4688541889190674,0.5597206354141235,0.4805702567100525,0.5980973243713379,0.48646819591522217,0.6276034116744995,0.49056434631347656,0.6510093808174133,0.46048596501350403,0.5861909985542297,0.4698541462421417,0.6197782158851624,0.4741642475128174,0.6408249735832214,0.4772580564022064,0.6594472527503967
agarrar,8,19,0.44117772579193115,0.5294189453125,0.475867360830307,0.4985523819923401,0.513107419013977,0.5058898329734802,0.5326610803604126,0.5420004725456238,0.5400714874267578,0.5799189209938049,0.49095314741134644,0.49336978793144226,0.5015480518341064,0.5117296576499939,0.5055983662605286,0.5385450124740601,0.5081194043159485,0.5663997530937195,0.47501158714294434,0.5272805094718933,0.48829135298728943,0.5652883648872375,0.49499788880348206,0.5987062454223633,0.49990448355674744,0.6272284388542175,0.46395793557167053,0.5605430603027344,0.48038652539253235,0.5993882417678833,0.48820748925209045,0.6273749470710754,0.49339136481285095,0.6453995108604431,0.45821070671081543,0.5923013091087341,0.475620299577713,0.6257944107055664,0.481279581785202,0.6443791389465332,0.48465922474861145,0.6564972996711731
agarrar,9,0,0.440740168094635,0.5147755742073059,0.4776272475719452,0.48694533109664917,0.5161769986152649,0.5023139119148254,0.5364590883255005,0.5430799126625061,0.5461686253547668,0.5803012251853943,0.49405333399772644,0.48984187841415405,0.5015092492103577,0.5154693126678467,0.5018064379692078,0.5459275245666504,0.5006067752838135,0.577455997467041,0.4772847294807434,0.5226036906242371,0.48623546957969666,0.5665938258171082,0.48925715684890747,0.6036152839660645,0.49130135774612427,0.6383805274963379,0.4651692807674408,0.5535885095596313,0.4761846661567688,0.5972955226898193,0.47949838638305664,0.6275710463523865,0.4815981090068817,0.653572142124176,0.4575367569923401,0.5832617282867432,0.46769508719444275,0.6211807727813721,0.4694903790950775,0.641180157661438,0.4704046845436096,0.6583968997001648
agarrar,9,1,0.4415302276611328,0.5077072978019714,0.4762853682041168,0.47569817304611206,0.5122610926628113,0.48536914587020874,0.5322731733322144,0.5227553248405457,0.5414745211601257,0.5585073828697205,0.4865909516811371,0.47678083181381226,0.4929037392139435,0.506262481212616,0.4958207607269287,0.5304761528968811,0.4990543723106384,0.553025484085083,0.4729413390159607,0.5146307349205017,0.48050928115844727,0.5567373633384705,0.48437386751174927,0.5822016000747681,0.4890441298484802,0.6031912565231323,0.4640733301639557,0.5508648753166199,0.4733836054801941,0.593178927898407,0.4788303077220917,0.6190413236618042,0.48412272334098816,0.639783501625061,0.45875126123428345,0.5841755867004395,0.46605488657951355,0.6219273209571838,0.46713024377822876,0.6433801054954529,0.4683721363544464,0.6610657572746277
agarrar,9,2,0.444154292345047,0.5086909532546997,0.47823357582092285,0.4669639468193054,0.5110644102096558,0.4668092131614685,0.5317068696022034,0.4992176592350006,0.542451024055481,0.5311806201934814,0.49011945724487305,0.46557608246803284,0.4899462163448334,0.4912695586681366,0.4901791214942932,0.5148481130599976,0.49157124757766724,0.5373013019561768,0.4768548607826233,0.5087907314300537,0.47977685928344727,0.5429182052612305,0.4827212393283844,0.5638590455055237,0.48623231053352356,0.5829809308052063,0.4674956202507019,0.548851728439331,0.4724688231945038,0.5868212580680847,0.4768892824649811,0.6091693043708801,0.480658620595932,0.6279556155204773,0.4611853063106537,0.5828108787536621,0.46679019927978516,0.6169680953025818,0.46849507093429565,0.6369078755378723,0.4698222279548645,0.6542246341705322
agarrar,9,3,0.5339974761009216,0.6856504082679749,0.5159281492233276,0.6299857497215271,0.5042762160301208,0.5893002152442932,0.4976317584514618,0.5786487460136414,0.4918982982635498,0.5872727632522583,0.5089625716209412,0.5847769379615784,0.4948311150074005,0.5529146790504456,0.4833187460899353,0.5642880797386169,0.47751355171203613,0.5809317231178284,0.511458694934845,0.612084150314331,0.5026973485946655,0.5926365256309509,0.49779656529426575,0.5975531339645386,0.4979217052459717,0.597568154335022,0.5133532285690308,0.6480764150619507,0.5017679929733276,0.6408793926239014,0.5000960230827332,0.6347058415412903,0.5018483996391296,0.6230219602584839,0.5125557780265808,0.6865735054016113,0.5007944107055664,0.6911845803260803,0.49718308448791504,0.6817548274993896,0.49687856435775757,0.6686413288116455
agarrar,9,4,0.5271397233009338,0.6938955783843994,0.5086991190910339,0.6457031965255737,0.49747881293296814,0.6167281270027161,0.4864906370639801,0.6211119890213013,0.47896236181259155,0.6411808729171753,0.5106158256530762,0.5936921238899231,0.5080755949020386,0.5606241226196289,0.5016618371009827,0.5628319978713989,0.498219758272171,0.5712822079658508,0.5141225457191467,0.6186960339546204,0.5118037462234497,0.5994747877120972,0.5095221400260925,0.5989347696304321,0.5118809938430786,0.5979145169258118,0.5168823599815369,0.6523354053497314,0.5114647746086121,0.6430492401123047,0.5122858285903931,0.6342599987983704,0.5151083469390869,0.6230834126472473,0.5164785981178284,0.6884920597076416,0.5100763440132141,0.6916771531105042,0.5077743530273438,0.6826720237731934,0.507950484752655,0.6705096960067749
agarrar,9,5,0.5203126072883606,0.6600314378738403,0.5147245526313782,0.6092414855957031,0.5128010511398315,0.574440598487854,0.5123035907745361,0.5534986257553101,0.5152930021286011,0.5523826479911804,0.5141156315803528,0.5912166833877563,0.5187643766403198,0.572780966758728,0.5205913782119751,0.5730882287025452,0.5229198932647705,0.5735812187194824,0.5169168710708618,0.6246634721755981,0.5210082530975342,0.6067817807197571,0.5246513485908508,0.6000242233276367,0.5300387740135193,0.5931823253631592,0.5193510055541992,0.6576602458953857,0.5190916657447815,0.64626145362854,0.5251374244689941,0.6360887289047241,0.5321735143661499,0.623491644859314,0.5215426683425903,0.6889064908027649,0.5191749930381775,0.6956432461738586,0.5199798345565796,0.6885213851928711,0.5214095115661621,0.677980363368988
agarrar,9,6,0.5199857354164124,0.6565984487533569,0.5290845036506653,0.6118434071540833,0.53146892786026,0.5756677985191345,0.532684326171875,0.5474453568458557,0.5386459827423096,0.5358721613883972,0.5221390128135681,0.5995312333106995,0.5260276198387146,0.5779086351394653,0.5328021049499512,0.5651490688323975,0.5414438247680664,0.5539531707763672,0.5224785208702087,0.6274324059486389,0.5252130031585693,0.6062813997268677,0.534260094165802,0.5928337574005127,0.5443876385688782,0.5797553062438965,0.5243171453475952,0.6567695140838623,0.5241689085960388,0.643035888671875,0.5346910953521729,0.6309497356414795,0.545807957649231,0.6168478727340698,0.5267849564552307,0.6872457265853882,0.5263912081718445,0.6906470060348511,0.5309241414070129,0.6806249618530273,0.536060631275177,0.6679198741912842
agarrar,9,7,0.447904497385025,0.4918425977230072,0.4777160882949829,0.4662751257419586,0.5181294679641724,0.45853906869888306,0.546823263168335,0.45727401971817017,0.5658644437789917,0.44287264347076416,0.4979095757007599,0.460084468126297,0.5096344947814941,0.478656142950058,0.5147411823272705,0.5042135715484619,0.5192064046859741,0.5281497240066528,0.48158326745033264,0.4939146041870117,0.49430277943611145,0.52189701795578,0.5000451803207397,0.5453184843063354,0.5052714943885803,0.5663772225379944,0.4691849946975708,0.5253010988235474,0.48498791456222534,0.5493128299713135,0.4923553466796875,0.5698003172874451,0.4987063407897949,0.5855960249900818,0.4616188108921051,0.5518898367881775,0.4777153432369232,0.5743624567985535,0.48520398139953613,0.5908429026603699,0.4923536777496338,0.606818675994873
agarrar,9,8,0.44496408104896545,0.5091515779495239,0.47382158041000366,0.4686714708805084,0.5136995911598206,0.4620211124420166,0.5415928363800049,0.473177433013916,0.5597957372665405,0.47633716464042664,0.4987339675426483,0.47172439098358154,0.511941134929657,0.49516773223876953,0.5188037753105164,0.5224592089653015,0.5246955752372742,0.5473330616950989,0.4834384322166443,0.5103313326835632,0.4973675012588501,0.5371649861335754,0.5061972737312317,0.563463032245636,0.5126754641532898,0.5860030055046082,0.470595121383667,0.5450713038444519,0.48717638850212097,0.5721299648284912,0.4984686076641083,0.5948364734649658,0.5068604350090027,0.6126389503479004,0.46108365058898926,0.5735824704170227,0.4783051013946533,0.5990873575210571,0.4891255497932434,0.6163564920425415,0.49784666299819946,0.6328741908073425
agarrar,9,9,0.44634926319122314,0.5142122507095337,0.4755091667175293,0.4836593270301819,0.5113227963447571,0.4845742881298065,0.5348297357559204,0.5063798427581787,0.5492811799049377,0.5277700424194336,0.49654585123062134,0.49045631289482117,0.5110539197921753,0.5119026899337769,0.5179657340049744,0.5373935103416443,0.523023247718811,0.5601769089698792,0.48210564255714417,0.5209892988204956,0.4994148910045624,0.5523223280906677,0.5088561177253723,0.5781879425048828,0.5164268612861633,0.6006667613983154,0.47102469205856323,0.5492844581604004,0.48983830213546753,0.5793085694313049,0.500805675983429,0.6024527549743652,0.5103453397750854,0.6215665936470032,0.4628501832485199,0.5731220841407776,0.4789207875728607,0.5999778509140015,0.48948463797569275,0.6186987161636353,0.49946722388267517,0.6372697353363037
agarrar,9,10,0.4494820535182953,0.522318959236145,0.48135772347450256,0.49428677558898926,0.5168388485908508,0.4988071024417877,0.5388625860214233,0.5197249054908752,0.5497055053710938,0.5383099913597107,0.4978516101837158,0.5008561015129089,0.510628879070282,0.5205919146537781,0.518176794052124,0.5438533425331116,0.5241580605506897,0.5655853748321533,0.4833464026451111,0.5312002301216125,0.5006089210510254,0.5606066584587097,0.5106889605522156,0.5860816836357117,0.5185911655426025,0.6094182133674622,0.47236767411231995,0.5601179003715515,0.4912291467189789,0.589031994342804,0.5021153092384338,0.611231803894043,0.5115483999252319,0.6297245025634766,0.4642369747161865,0.5844495296478271,0.47889038920402527,0.6110776662826538,0.488343209028244,0.6285678744316101,0.4971652328968048,0.6447486281394958
agarrar,9,11,0.4564504623413086,0.5327354669570923,0.4880634844303131,0.5057324767112732,0.5220845937728882,0.5147079825401306,0.5430652499198914,0.546514093875885,0.5543750524520874,0.5768120288848877,0.5012946128845215,0.5086085796356201,0.5140282511711121,0.5263107419013977,0.5203243494033813,0.5484025478363037,0.5247475504875183,0.5684432983398438,0.4855833053588867,0.5373722910881042,0.5000177025794983,0.5640507936477661,0.5089482665061951,0.5890216827392578,0.5150114893913269,0.6107112169265747,0.4733871817588806,0.5659977197647095,0.48997363448143005,0.5941265821456909,0.5008069276809692,0.618485152721405,0.5095661878585815,0.6385465860366821,0.4647761583328247,0.5914366841316223,0.47807466983795166,0.6177647709846497,0.48856237530708313,0.6359606385231018,0.4982455372810364,0.6536681652069092
agarrar,9,12,0.4502370357513428,0.532514750957489,0.4846957325935364,0.5028246641159058,0.5204842686653137,0.5160934925079346,0.5410337448120117,0.5540191531181335,0.5497174859046936,0.5882712602615356,0.49906104803085327,0.5092898607254028,0.5116705894470215,0.5289029479026794,0.517219603061676,0.5522668361663818,0.5210742950439453,0.5737212300300598,0.48244568705558777,0.5397878885269165,0.4969143271446228,0.5687674880027771,0.5047014951705933,0.5946967601776123,0.5101997256278992,0.6168469190597534,0.4707145392894745,0.5691183805465698,0.4861215651035309,0.5984422564506531,0.49554315209388733,0.6220000982284546,0.5034555196762085,0.6403764486312866,0.4635906219482422,0.5945996642112732,0.47753751277923584,0.6221643090248108,0.48685339093208313,0.6395322680473328,0.4952898919582367,0.6547533869743347
agarrar,9,13,0.44963768124580383,0.5249279737472534,0.4839782416820526,0.5001154541969299,0.5190878510475159,0.5127522945404053,0.5386280417442322,0.5488177537918091,0.5471538305282593,0.5825835466384888,0.4982953369617462,0.5006003975868225,0.5084937810897827,0.5204788446426392,0.5118036270141602,0.5467589497566223,0.5131818056106567,0.5740100741386414,0.4814412593841553,0.5303530097007751,0.49339044094085693,0.5682181715965271,0.49893027544021606,0.6007290482521057,0.5022256970405579,0.6306086182594299,0.4688541889190674,0.5597206354141235,0.4805702567100525,0.5980973243713379,0.48646819591522217,0.6276034116744995,0.49056434631347656,0.6510093808174133,0.46048596501350403,0.5861909985542297,0.4698541462421417,0.6197782158851624,0.4741642475128174,0.6408249735832214,0.4772580564022064,0.6594472527503967
agarrar,9,14,0.44117772579193115,0.5294189453125,0.475867360830307,0.4985523819923401,0.513107419013977,0.5058898329734802,0.5326610803604126,0.5420004725456238,0.5400714874267578,0.5799189209938049,0.49095314741134644,0.49336978793144226,0.5015480518341064,0.5117296576499939,0.5055983662605286,0.5385450124740601,0.5081194043159485,0.5663997530937195,0.47501158714294434,0.5272805094718933,0.48829135298728943,0.5652883648872375,0.49499788880348206,0.5987062454223633,0.49990448355674744,0.6272284388542175,0.46395793557167053,0.5605430603027344,0.48038652539253235,0.5993882417678833,0.48820748925209045,0.6273749470710754,0.49339136481285095,0.6453995108604431,0.45821070671081543,0.5923013091087341,0.475620299577713,0.6257944107055664,0.481279581785202,0.6443791389465332,0.48465922474861145,0.6564972996711731
agarrar,9,15,0.44188615679740906,0.5377346277236938,0.4723576605319977,0.49879369139671326,0.5085391402244568,0.5046138763427734,0.5278802514076233,0.5434783697128296,0.5351706147193909,0.5848121047019958,0.48399943113327026,0.4945719838142395,0.496787428855896,0.5054785013198853,0.49987348914146423,0.5292068123817444,0.5018734931945801,0.5563472509384155,0.47282615303993225,0.5337980389595032,0.4837054908275604,0.5639618039131165,0.48802608251571655,0.5909405946731567,0.49062269926071167,0.6162427663803101,0.4652958810329437,0.5710858702659607,0.4774448573589325,0.6024402379989624,0.4811595380306244,0.6247397065162659,0.4824666678905487,0.6422345042228699,0.46144211292266846,0.6046329140663147,0.471829354763031,0.6362191438674927,0.4714457392692566,0.6523073315620422,0.4696151614189148,0.6652759909629822
agarrar,9,16,0.44250619411468506,0.5387295484542847,0.47479620575904846,0.4999624192714691,0.5079956650733948,0.5053049325942993,0.5242056846618652,0.5435507297515869,0.5283346772193909,0.5821383595466614,0.4853321313858032,0.5027359127998352,0.4934195578098297,0.5136440992355347,0.49424082040786743,0.5344984531402588,0.4944181442260742,0.5602464079856873,0.47488096356391907,0.542245626449585,0.48278307914733887,0.5725136995315552,0.48430678248405457,0.5982224941253662,0.4827721118927002,0.6231887340545654,0.4685360789299011,0.5788704752922058,0.4770246744155884,0.6117650270462036,0.4780680537223816,0.6347411870956421,0.4764319062232971,0.654330313205719,0.46487268805503845,0.6114906668663025,0.47099769115448,0.6432591676712036,0.46750643849372864,0.6582214832305908,0.4635421931743622,0.6711592078208923
agarrar,9,17,0.43781164288520813,0.5360440015792847,0.4704877734184265,0.5000218152999878,0.5052343606948853,0.5073490142822266,0.5220189690589905,0.5466026663780212,0.5288829803466797,0.5834376811981201,0.47930416464805603,0.49480366706848145,0.4887608289718628,0.5083310604095459,0.49135622382164,0.5331711173057556,0.4928780794143677,0.5612595081329346,0.46798649430274963,0.5335504412651062,0.4791673421859741,0.5682440400123596,0.4824465215206146,0.5961701273918152,0.4823920428752899,0.6217378973960876,0.46169525384902954,0.5709632039070129,0.4739813506603241,0.6082146167755127,0.4765242636203766,0.6335502862930298,0.47552457451820374,0.6532517671585083,0.4588389992713928,0.605090320110321,0.470211386680603,0.6386630535125732,0.46903806924819946,0.6558265089988708,0.4658275246620178,0.669054388999939
agarrar,9,18,0.43370914459228516,0.5370854139328003,0.46554240584373474,0.4978140890598297,0.5019532442092896,0.5034177899360657,0.5210505127906799,0.5419266223907471,0.5282732844352722,0.5815068483352661,0.4788273274898529,0.4979143738746643,0.48938509821891785,0.5090364217758179,0.49205446243286133,0.5325475931167603,0.4936707317829132,0.5601449608802795,0.46785327792167664,0.5384293794631958,0.480459600687027,0.5700448751449585,0.4841163754463196,0.5978832840919495,0.4843694269657135,0.6236236691474915,0.46139010787010193,0.5762939453125,0.4752734899520874,0.609494686126709,0.4784375727176666,0.6335455179214478,0.4781855046749115,0.6522741317749023,0.4586494266986847,0.6101160049438477,0.47092223167419434,0.6398490071296692,0.4699181020259857,0.6560336947441101,0.46707648038864136,0.6692206263542175
agarrar,9,19,0.43592241406440735,0.5383319854736328,0.4663497507572174,0.4978252947330475,0.5011678338050842,0.5002859234809875,0.5222418308258057,0.5370307564735413,0.5306366682052612,0.5772149562835693,0.47687211632728577,0.4932161867618561,0.490367591381073,0.505510687828064,0.49559691548347473,0.530562698841095,0.49911049008369446,0.5583235621452332,0.4658208191394806,0.5327191948890686,0.47989124059677124,0.5634161233901978,0.4848349690437317,0.5924544930458069,0.4869043231010437,0.6190707683563232,0.4593872129917145,0.570975661277771,0.4747222363948822,0.6024784445762634,0.4804600477218628,0.6270521879196167,0.48244723677635193,0.6460605263710022,0.45662593841552734,0.6040395498275757,0.4699079096317291,0.6377459168434143,0.4716886878013611,0.6548882126808167,0.4710976779460907,0.6671533584594727
agarrar,10,0,0.5203126072883606,0.6600314378738403,0.5147245526313782,0.6092414855957031,0.5128010511398315,0.574440598487854,0.5123035907745361,0.5534986257553101,0.5152930021286011,0.5523826479911804,0.5141156315803528,0.5912166833877563,0.5187643766403198,0.572780966758728,0.5205913782119751,0.5730882287025452,0.5229198932647705,0.5735812187194824,0.5169168710708618,0.6246634721755981,0.5210082530975342,0.6067817807197571,0.5246513485908508,0.6000242233276367,0.5300387740135193,0.5931823253631592,0.5193510055541992,0.6576602458953857,0.5190916657447815,0.64626145362854,0.5251374244689941,0.6360887289047241,0.5321735143661499,0.623491644859314,0.5215426683425903,0.6889064908027649,0.5191749930381775,0.6956432461738586,0.5199798345565796,0.6885213851928711,0.5214095115661621,0.677980363368988
agarrar,10,1,0.5199857354164124,0.6565984487533569,0.5290845036506653,0.6118434071540833,0.53146892786026,0.5756677985191345,0.532684326171875,0.5474453568458557,0.5386459827423096,0.5358721613883972,0.5221390128135681,0.5995312333106995,0.5260276198387146,0.5779086351394653,0.5328021049499512,0.5651490688323975,0.5414438247680664,0.5539531707763672,0.5224785208702087,0.6274324059486389,0.5252130031585693,0.6062813997268677,0.534260094165802,0.5928337574005127,0.5443876385688782,0.5797553062438965,0.5243171453475952,0.6567695140838623,0.5241689085960388,0.643035888671875,0.5346910953521729,0.6309497356414795,0.545807957649231,0.6168478727340698,0.5267849564552307,0.6872457265853882,0.5263912081718445,0.6906470060348511,0.5309241414070129,0.6806249618530273,0.536060631275177,0.6679198741912842
agarrar,10,2,0.447904497385025,0.4918425977230072,0.4777160882949829,0.4662751257419586,0.5181294679641724,0.45853906869888306,0.546823263168335,0.45727401971817017,0.5658644437789917,0.44287264347076416,0.4979095757007599,0.460084468126297,0.5096344947814941,0.478656142950058,0.5147411823272705,0.5042135715484619,0.5192064046859741,0.5281497240066528,0.48158326745033264,0.4939146041870117,0.49430277943611145,0.52189701795578,0.5000451803207397,0.5453184843063354,0.5052714943885803,0.5663772225379944,0.4691849946975708,0.5253010988235474,0.48498791456222534,0.5493128299713135,0.4923553466796875,0.5698003172874451,0.4987063407897949,0.5855960249900818,0.4616188108921051,0.5518898367881775,0.4777153432369232,0.5743624567985535,0.48520398139953613,0.5908429026603699,0.4923536777496338,0.606818675994873
agarrar,10,3,0.44496408104896545,0.5091515779495239,0.47382158041000366,0.4686714708805084,0.5136995911598206,0.4620211124420166,0.5415928363800049,0.473177433013916,0.5597957372665405,0.47633716464042664,0.4987339675426483,0.47172439098358154,0.511941134929657,0.49516773223876953,0.5188037753105164,0.5224592089653015,0.5246955752372742,0.5473330616950989,0.4834384322166443,0.5103313326835632,0.4973675012588501,0.5371649861335754,0.5061972737312317,0.563463032245636,0.5126754641532898,0.5860030055046082,0.470595121383667,0.5450713038444519,0.48717638850212097,0.5721299648284912,0.4984686076641083,0.5948364734649658,0.5068604350090027,0.6126389503479004,0.46108365058898926,0.5735824704170227,0.4783051013946533,0.5990873575210571,0.4891255497932434,0.6163564920425415,0.49784666299819946,0.6328741908073425
agarrar,10,4,0.44634926319122314,0.5142122507095337,0.4755091667175293,0.4836593270301819,0.5113227963447571,0.4845742881298065,0.5348297357559204,0.5063798427581787,0.5492811799049377,0.5277700424194336,0.49654585123062134,0.49045631289482117,0.5110539197921753,0.5119026899337769,0.5179657340049744,0.5373935103416443,0.523023247718811,0.5601769089698792,0.48210564255714417,0.5209892988204956,0.4994148910045624,0.5523223280906677,0.5088561177253723,0.5781879425048828,0.5164268612861633,0.6006667613983154,0.47102469205856323,0.5492844581604004,0.48983830213546753,0.5793085694313049,0.500805675983429,0.6024527549743652,0.5103453397750854,0.6215665936470032,0.4628501832485199,0.5731220841407776,0.4789207875728607,0.5999778509140015,0.48948463797569275,0.6186987161636353,0.49946722388267517,0.6372697353363037
agarrar,10,5,0.4494820535182953,0.522318959236145,0.48135772347450256,0.49428677558898926,0.5168388485908508,0.4988071024417877,0.5388625860214233,0.5197249054908752,0.5497055053710938,0.5383099913597107,0.4978516101837158,0.5008561015129089,0.510628879070282,0.5205919146537781,0.518176794052124,0.5438533425331116,0.5241580605506897,0.5655853748321533,0.4833464026451111,0.5312002301216125,0.5006089210510254,0.5606066584587097,0.5106889605522156,0.5860816836357117,0.5185911655426025,0.6094182133674622,0.47236767411231995,0.5601179003715515,0.4912291467189789,0.589031994342804,0.5021153092384338,0.611231803894043,0.5115483999252319,0.6297245025634766,0.4642369747161865,0.5844495296478271,0.47889038920402527,0.6110776662826538,0.488343209028244,0.6285678744316101,0.4971652328968048,0.6447486281394958
agarrar,10,6,0.4564504623413086,0.5327354669570923,0.4880634844303131,0.5057324767112732,0.5220845937728882,0.5147079825401306,0.5430652499198914,0.546514093875885,0.5543750524520874,0.5768120288848877,0.5012946128845215,0.5086085796356201,0.5140282511711121,0.5263107419013977,0.5203243494033813,0.5484025478363037,0.5247475504875183,0.5684432983398438,0.4855833053588867,0.5373722910881042,0.5000177025794983,0.5640507936477661,0.5089482665061951,0.5890216827392578,0.5150114893913269,0.6107112169265747,0.4733871817588806,0.5659977197647095,0.48997363448143005,0.5941265821456909,0.5008069276809692,0.618485152721405,0.5095661878585815,0.6385465860366821,0.4647761583328247,0.5914366841316223,0.47807466983795166,0.6177647709846497,0.48856237530708313,0.6359606385231018,0.4982455372810364,0.6536681652069092
agarrar,10,7,0.4502370357513428,0.532514750957489,0.4846957325935364,0.5028246641159058,0.5204842686653137,0.5160934925079346,0.5410337448120117,0.5540191531181335,0.5497174859046936,0.5882712602615356,0.49906104803085327,0.5092898607254028,0.5116705894470215,0.5289029479026794,0.517219603061676,0.5522668361663818,0.5210742950439453,0.5737212300300598,0.48244568705558777,0.5397878885269165,0.4969143271446228,0.5687674880027771,0.5047014951705933,0.5946967601776123,0.5101997256278992,0.6168469190597534,0.4707145392894745,0.5691183805465698,0.4861215651035309,0.5984422564506531,0.49554315209388733,0.6220000982284546,0.5034555196762085,0.6403764486312866,0.4635906219482422,0.5945996642112732,0.47753751277923584,0.6221643090248108,0.48685339093208313,0.6395322680473328,0.4952898919582367,0.6547533869743347
agarrar,10,8,0.44963768124580383,0.5249279737472534,0.4839782416820526,0.5001154541969299,0.5190878510475159,0.5127522945404053,0.5386280417442322,0.5488177537918091,0.5471538305282593,0.5825835466384888,0.4982953369617462,0.5006003975868225,0.5084937810897827,0.5204788446426392,0.5118036270141602,0.5467589497566223,0.5131818056106567,0.5740100741386414,0.4814412593841553,0.5303530097007751,0.49339044094085693,0.5682181715965271,0.49893027544021606,0.6007290482521057,0.5022256970405579,0.6306086182594299,0.4688541889190674,0.5597206354141235,0.4805702567100525,0.5980973243713379,0.48646819591522217,0.6276034116744995,0.49056434631347656,0.6510093808174133,0.46048596501350403,0.5861909985542297,0.4698541462421417,0.6197782158851624,0.4741642475128174,0.6408249735832214,0.4772580564022064,0.6594472527503967
agarrar,10,9,0.44117772579193115,0.5294189453125,0.475867360830307,0.4985523819923401,0.513107419013977,0.5058898329734802,0.5326610803604126,0.5420004725456238,0.5400714874267578,0.5799189209938049,0.49095314741134644,0.49336978793144226,0.5015480518341064,0.5117296576499939,0.5055983662605286,0.5385450124740601,0.5081194043159485,0.5663997530937195,0.47501158714294434,0.5272805094718933,0.48829135298728943,0.5652883648872375,0.49499788880348206,0.5987062454223633,0.49990448355674744,0.6272284388542175,0.46395793557167053,0.5605430603027344,0.48038652539253235,0.5993882417678833,0.48820748925209045,0.6273749470710754,0.49339136481285095,0.6453995108604431,0.45821070671081543,0.5923013091087341,0.475620299577713,0.6257944107055664,0.481279581785202,0.6443791389465332,0.48465922474861145,0.6564972996711731
agarrar,10,10,0.44188615679740906,0.5377346277236938,0.4723576605319977,0.49879369139671326,0.5085391402244568,0.5046138763427734,0.5278802514076233,0.5434783697128296,0.5351706147193909,0.5848121047019958,0.48399943113327026,0.4945719838142395,0.496787428855896,0.5054785013198853,0.49987348914146423,0.5292068123817444,0.5018734931945801,0.5563472509384155,0.47282615303993225,0.5337980389595032,0.4837054908275604,0.5639618039131165,0.48802608251571655,0.5909405946731567,0.49062269926071167,0.6162427663803101,0.4652958810329437,0.5710858702659607,0.4774448573589325,0.6024402379989624,0.4811595380306244,0.6247397065162659,0.4824666678905487,0.6422345042228699,0.46144211292266846,0.6046329140663147,0.471829354763031,0.6362191438674927,0.4714457392692566,0.6523073315620422,0.4696151614189148,0.6652759909629822
agarrar,10,11,0.44250619411468506,0.5387295484542847,0.47479620575904846,0.4999624192714691,0.5079956650733948,0.5053049325942993,0.5242056846618652,0.5435507297515869,0.5283346772193909,0.5821383595466614,0.4853321313858032,0.5027359127998352,0.4934195578098297,0.5136440992355347,0.49424082040786743,0.5344984531402588,0.4944181442260742,0.5602464079856873,0.47488096356391907,0.542245626449585,0.48278307914733887,0.5725136995315552,0.48430678248405457,0.5982224941253662,0.4827721118927002,0.6231887340545654,0.4685360789299011,0.5788704752922058,0.4770246744155884,0.6117650270462036,0.4780680537223816,0.6347411870956421,0.4764319062232971,0.654330313205719,0.46487268805503845,0.6114906668663025,0.47099769115448,0.6432591676712036,0.46750643849372864,0.6582214832305908,0.4635421931743622,0.6711592078208923
agarrar,10,12,0.43781164288520813,0.5360440015792847,0.4704877734184265,0.5000218152999878,0.5052343606948853,0.5073490142822266,0.5220189690589905,0.5466026663780212,0.5288829803466797,0.5834376811981201,0.47930416464805603,0.49480366706848145,0.4887608289718628,0.5083310604095459,0.49135622382164,0.5331711173057556,0.4928780794143677,0.5612595081329346,0.46798649430274963,0.5335504412651062,0.4791673421859741,0.5682440400123596,0.4824465215206146,0.5961701273918152,0.4823920428752899,0.6217378973960876,0.46169525384902954,0.5709632039070129,0.4739813506603241,0.6082146167755127,0.4765242636203766,0.6335502862930298,0.47552457451820374,0.6532517671585083,0.4588389992713928,0.605090320110321,0.470211386680603,0.6386630535125732,0.46903806924819946,0.6558265089988708,0.4658275246620178,0.669054388999939
agarrar,10,13,0.43370914459228516,0.5370854139328003,0.46554240584373474,0.4978140890598297,0.5019532442092896,0.5034177899360657,0.5210505127906799,0.5419266223907471,0.5282732844352722,0.5815068483352661,0.4788273274898529,0.4979143738746643,0.48938509821891785,0.5090364217758179,0.49205446243286133,0.5325475931167603,0.4936707317829132,0.5601449608802795,0.46785327792167664,0.5384293794631958,0.480459600687027,0.5700448751449585,0.4841163754463196,0.5978832840919495,0.4843694269657135,0.6236236691474915,0.46139010787010193,0.5762939453125,0.4752734899520874,0.609494686126709,0.4784375727176666,0.6335455179214478,0.4781855046749115,0.6522741317749023,0.4586494266986847,0.6101160049438477,0.47092223167419434,0.6398490071296692,0.4699181020259857,0.6560336947441101,0.46707648038864136,0.6692206263542175
agarrar,10,14,0.43592241406440735,0.5383319854736328,0.4663497507572174,0.4978252947330475,0.5011678338050842,0.5002859234809875,0.5222418308258057,0.5370307564735413,0.5306366682052612,0.5772149562835693,0.47687211632728577,0.4932161867618561,0.490367591381073,0.505510687828064,0.49559691548347473,0.530562698841095,0.49911049008369446,0.5583235621452332,0.4658208191394806,0.5327191948890686,0.47989124059677124,0.5634161233901978,0.4848349690437317,0.5924544930458069,0.4869043231010437,0.6190707683563232,0.4593872129917145,0.570975661277771,0.4747222363948822,0.6024784445762634,0.4804600477218628,0.6270521879196167,0.48244723677635193,0.6460605263710022,0.45662593841552734,0.6040395498275757,0.4699079096317291,0.6377459168434143,0.4716886878013611,0.6548882126808167,0.4710976779460907,0.6671533584594727
agarrar,10,15,0.43423765897750854,0.5342264771461487,0.46152907609939575,0.494500070810318,0.4957992434501648,0.48960787057876587,0.5195035338401794,0.5182463526725769,0.5299953818321228,0.5571416616439819,0.4716712236404419,0.48247861862182617,0.4871998131275177,0.49195772409439087,0.49544501304626465,0.5140491724014282,0.5026226043701172,0.5375849008560181,0.46219784021377563,0.5219226479530334,0.4790482819080353,0.5446686148643494,0.48880958557128906,0.5712630152702332,0.49583059549331665,0.5952208042144775,0.45668166875839233,0.5614144206047058,0.4739626348018646,0.5868198871612549,0.4836861491203308,0.6112587451934814,0.4902200400829315,0.6291732788085938,0.45474541187286377,0.5966528654098511,0.4725187420845032,0.6249186992645264,0.48125267028808594,0.6428403258323669,0.48786285519599915,0.6568204164505005
agarrar,10,16,0.433712899684906,0.5290290117263794,0.458883672952652,0.4906241297721863,0.4911968410015106,0.48128053545951843,0.5164395570755005,0.5000317096710205,0.5315957069396973,0.5308282971382141,0.46744272112846375,0.47362861037254333,0.4836452305316925,0.47829291224479675,0.4958251416683197,0.4934122860431671,0.5066497921943665,0.5085288286209106,0.4589133560657501,0.5111240744590759,0.47908657789230347,0.5251442790031433,0.4923331141471863,0.540938675403595,0.5030843019485474,0.5525451302528381,0.45389890670776367,0.5495443344116211,0.4740610420703888,0.562752366065979,0.4872506856918335,0.5745503306388855,0.4975292980670929,0.579398512840271,0.4516924321651459,0.5854922533035278,0.4731177091598511,0.6022512912750244,0.48337116837501526,0.612325131893158,0.49113351106643677,0.6190856099128723
agarrar,10,17,0.4309232234954834,0.5211812853813171,0.4539492726325989,0.4900343716144562,0.48626455664634705,0.47676387429237366,0.5129095911979675,0.4857994616031647,0.5313167572021484,0.5063793063163757,0.4649433195590973,0.46382763981819153,0.48485100269317627,0.46332621574401855,0.501741886138916,0.4727512001991272,0.5159072875976562,0.4833587408065796,0.4546985924243927,0.4950791895389557,0.4782312214374542,0.5039647221565247,0.4962385296821594,0.5155660510063171,0.5105242729187012,0.5246875882148743,0.44632893800735474,0.5317726135253906,0.4707014262676239,0.5398411154747009,0.48820045590400696,0.5491927266120911,0.5026034116744995,0.5525407195091248,0.4403904676437378,0.5680775046348572,0.4608059525489807,0.5794395208358765,0.4750715494155884,0.584795355796814,0.4881977438926697,0.5868884325027466
agarrar,10,18,0.42654889822006226,0.5206670761108398,0.44878146052360535,0.4881930351257324,0.47778722643852234,0.46484100818634033,0.5025613903999329,0.46294355392456055,0.5212671160697937,0.4708629548549652,0.46374115347862244,0.45047110319137573,0.48770228028297424,0.4476569890975952,0.5069419741630554,0.452839732170105,0.5237745046615601,0.4588920474052429,0.4546862542629242,0.4816357493400574,0.48172804713249207,0.4842536449432373,0.5045287013053894,0.4910757541656494,0.5248807668685913,0.4977177679538727,0.44699767231941223,0.5197362303733826,0.47246065735816956,0.522439181804657,0.49315452575683594,0.5282709002494812,0.5128452181816101,0.5310270190238953,0.4409849941730499,0.5584983229637146,0.4605850279331207,0.5650137662887573,0.4764624536037445,0.5675027370452881,0.4932904541492462,0.5700812935829163
agarrar,10,19,0.42252403497695923,0.5236160159111023,0.4444780945777893,0.49467968940734863,0.47203415632247925,0.4716062545776367,0.4956890046596527,0.46673351526260376,0.5147510170936584,0.46819019317626953,0.46078839898109436,0.4472734332084656,0.4954206943511963,0.437256395816803,0.5176175236701965,0.44267743825912476,0.536279022693634,0.4487006962299347,0.4533376097679138,0.47445568442344666,0.4886133372783661,0.46831557154655457,0.5139999985694885,0.4765109121799469,0.5348072052001953,0.48423242568969727,0.44623643159866333,0.511101245880127,0.47951656579971313,0.5092944502830505,0.5036128163337708,0.5177782773971558,0.5244143009185791,0.5230880379676819,0.4411742687225342,0.5509483218193054,0.4663820266723633,0.5537747740745544,0.484316349029541,0.5565241575241089,0.5009288787841797,0.5585898756980896
agarrar,11,0,0.4494820535182953,0.522318959236145,0.48135772347450256,0.49428677558898926,0.5168388485908508,0.4988071024417877,0.5388625860214233,0.5197249054908752,0.5497055053710938,0.5383099913597107,0.4978516101837158,0.5008561015129089,0.510628879070282,0.5205919146537781,0.518176794052124,0.5438533425331116,0.5241580605506897,0.5655853748321533,0.4833464026451111,0.5312002301216125,0.5006089210510254,0.5606066584587097,0.5106889605522156,0.5860816836357117,0.5185911655426025,0.6094182133674622,0.47236767411231995,0.5601179003715515,0.4912291467189789,0.589031994342804,0.5021153092384338,0.611231803894043,0.5115483999252319,0.6297245025634766,0.4642369747161865,0.5844495296478271,0.47889038920402527,0.6110776662826538,0.488343209028244,0.6285678744316101,0.4971652328968048,0.6447486281394958
agarrar,11,1,0.4564504623413086,0.5327354669570923,0.4880634844303131,0.5057324767112732,0.5220845937728882,0.5147079825401306,0.5430652499198914,0.546514093875885,0.5543750524520874,0.5768120288848877,0.5012946128845215,0.5086085796356201,0.5140282511711121,0.5263107419013977,0.5203243494033813,0.5484025478363037,0.5247475504875183,0.5684432983398438,0.4855833053588867,0.5373722910881042,0.5000177025794983,0.5640507936477661,0.5089482665061951,0.5890216827392578,0.5150114893913269,0.6107112169265747,0.4733871817588806,0.5659977197647095,0.48997363448143005,0.5941265821456909,0.5008069276809692,0.618485152721405,0.5095661878585815,0.6385465860366821,0.4647761583328247,0.5914366841316223,0.47807466983795166,0.6177647709846497,0.48856237530708313,0.6359606385231018,0.4982455372810364,0.6536681652069092
agarrar,11,2,0.4502370357513428,0.532514750957489,0.4846957325935364,0.5028246641159058,0.5204842686653137,0.5160934925079346,0.5410337448120117,0.5540191531181335,0.5497174859046936,0.5882712602615356,0.49906104803085327,0.5092898607254028,0.5116705894470215,0.5289029479026794,0.517219603061676,0.5522668361663818,0.5210742950439453,0.5737212300300598,0.48244568705558777,0.5397878885269165,0.4969143271446228,0.5687674880027771,0.5047014951705933,0.5946967601776123,0.5101997256278992,0.6168469190597534,0.4707145392894745,0.5691183805465698,0.4861215651035309,0.5984422564506531,0.49554315209388733,0.6220000982284546,0.5034555196762085,0.6403764486312866,0.4635906219482422,0.5945996642112732,0.47753751277923584,0.6221643090248108,0.48685339093208313,0.6395322680473328,0.4952898919582367,0.6547533869743347
agarrar,11,3,0.44963768124580383,0.5249279737472534,0.4839782416820526,0.5001154541969299,0.5190878510475159,0.5127522945404053,0.5386280417442322,0.5488177537918091,0.5471538305282593,0.5825835466384888,0.4982953369617462,0.5006003975868225,0.5084937810897827,0.5204788446426392,0.5118036270141602,0.5467589497566223,0.5131818056106567,0.5740100741386414,0.4814412593841553,0.5303530097007751,0.49339044094085693,0.5682181715965271,0.49893027544021606,0.6007290482521057,0.5022256970405579,0.6306086182594299,0.4688541889190674,0.5597206354141235,0.4805702567100525,0.5980973243713379,0.48646819591522217,0.6276034116744995,0.49056434631347656,0.6510093808174133,0.46048596501350403,0.5861909985542297,0.4698541462421417,0.6197782158851624,0.4741642475128174,0.6408249735832214,0.4772580564022064,0.6594472527503967
agarrar,11,4,0.44117772579193115,0.5294189453125,0.475867360830307,0.4985523819923401,0.513107419013977,0.5058898329734802,0.5326610803604126,0.5420004725456238,0.5400714874267578,0.5799189209938049,0.49095314741134644,0.49336978793144226,0.5015480518341064,0.5117296576499939,0.5055983662605286,0.5385450124740601,0.5081194043159485,0.5663997530937195,0.47501158714294434,0.5272805094718933,0.48829135298728943,0.5652883648872375,0.49499788880348206,0.5987062454223633,0.49990448355674744,0.6272284388542175,0.46395793557167053,0.5605430603027344,0.48038652539253235,0.5993882417678833,0.48820748925209045,0.6273749470710754,0.49339136481285095,0.6453995108604431,0.45821070671081543,0.5923013091087341,0.475620299577713,0.6257944107055664,0.481279581785202,0.6443791389465332,0.48465922474861145,0.6564972996711731
agarrar,11,5,0.44188615679740906,0.5377346277236938,0.4723576605319977,0.49879369139671326,0.5085391402244568,0.5046138763427734,0.5278802514076233,0.5434783697128296,0.5351706147193909,0.5848121047019958,0.48399943113327026,0.4945719838142395,0.496787428855896,0.5054785013198853,0.49987348914146423,0.5292068123817444,0.5018734931945801,0.5563472509384155,0.47282615303993225,0.5337980389595032,0.4837054908275604,0.5639618039131165,0.48802608251571655,0.5909405946731567,0.49062269926071167,0.6162427663803101,0.4652958810329437,0.5710858702659607,0.4774448573589325,0.6024402379989624,0.4811595380306244,0.6247397065162659,0.4824666678905487,0.6422345042228699,0.46144211292266846,0.6046329140663147,0.471829354763031,0.6362191438674927,0.4714457392692566,0.6523073315620422,0.4696151614189148,0.6652759909629822
agarrar,11,6,0.44250619411468506,0.5387295484542847,0.47479620575904846,0.4999624192714691,0.5079956650733948,0.5053049325942993,0.5242056846618652,0.5435507297515869,0.5283346772193909,0.5821383595466614,0.4853321313858032,0.5027359127998352,0.4934195578098297,0.5136440992355347,0.49424082040786743,0.5344984531402588,0.4944181442260742,0.5602464079856873,0.47488096356391907,0.542245626449585,0.48278307914733887,0.5725136995315552,0.48430678248405457,0.5982224941253662,0.4827721118927002,0.6231887340545654,0.4685360789299011,0.5788704752922058,0.4770246744155884,0.6117650270462036,0.4780680537223816,0.6347411870956421,0.4764319062232971,0.654330313205719,0.46487268805503845,0.6114906668663025,0.47099769115448,0.6432591676712036,0.46750643849372864,0.6582214832305908,0.4635421931743622,0.6711592078208923
agarrar,11,7,0.43781164288520813,0.5360440015792847,0.4704877734184265,0.5000218152999878,0.5052343606948853,0.5073490142822266,0.5220189690589905,0.5466026663780212,0.5288829803466797,0.5834376811981201,0.47930416464805603,0.49480366706848145,0.4887608289718628,0.5083310604095459,0.49135622382164,0.5331711173057556,0.4928780794143677,0.5612595081329346,0.46798649430274963,0.5335504412651062,0.4791673421859741,0.5682440400123596,0.4824465215206146,0.5961701273918152,0.4823920428752899,0.6217378973960876,0.46169525384902954,0.5709632039070129,0.4739813506603241,0.6082146167755127,0.4765242636203766,0.6335502862930298,0.47552457451820374,0.6532517671585083,0.4588389992713928,0.605090320110321,0.470211386680603,0.6386630535125732,0.46903806924819946,0.6558265089988708,0.4658275246620178,0.669054388999939
agarrar,11,8,0.43370914459228516,0.5370854139328003,0.46554240584373474,0.4978140890598297,0.5019532442092896,0.5034177899360657,0.5210505127906799,0.5419266223907471,0.5282732844352722,0.5815068483352661,0.4788273274898529,0.4979143738746643,0.48938509821891785,0.5090364217758179,0.49205446243286133,0.5325475931167603,0.4936707317829132,0.5601449608802795,0.46785327792167664,0.5384293794631958,0.480459600687027,0.5700448751449585,0.4841163754463196,0.5978832840919495,0.4843694269657135,0.6236236691474915,0.46139010787010193,0.5762939453125,0.4752734899520874,0.609494686126709,0.4784375727176666,0.6335455179214478,0.4781855046749115,0.6522741317749023,0.4586494266986847,0.6101160049438477,0.47092223167419434,0.6398490071296692,0.4699181020259857,0.6560336947441101,0.46707648038864136,0.6692206263542175
agarrar,11,9,0.43592241406440735,0.5383319854736328,0.4663497507572174,0.4978252947330475,0.5011678338050842,0.5002859234809875,0.5222418308258057,0.5370307564735413,0.5306366682052612,0.5772149562835693,0.47687211632728577,0.4932161867618561,0.490367591381073,0.505510687828064,0.49559691548347473,0.530562698841095,0.49911049008369446,0.5583235621452332,0.4658208191394806,0.5327191948890686,0.47989124059677124,0.5634161233901978,0.4848349690437317,0.5924544930458069,0.4869043231010437,0.6190707683563232,0.4593872129917145,0.570975661277771,0.4747222363948822,0.6024784445762634,0.4804600477218628,0.6270521879196167,0.48244723677635193,0.6460605263710022,0.45662593841552734,0.6040395498275757,0.4699079096317291,0.6377459168434143,0.4716886878013611,0.6548882126808167,0.4710976779460907,0.6671533584594727
agarrar,11,10,0.43423765897750854,0.5342264771461487,0.46152907609939575,0.494500070810318,0.4957992434501648,0.48960787057876587,0.5195035338401794,0.5182463526725769,0.5299953818321228,0.5571416616439819,0.4716712236404419,0.48247861862182617,0.4871998131275177,0.49195772409439087,0.49544501304626465,0.5140491724014282,0.5026226043701172,0.5375849008560181,0.46219784021377563,0.5219226479530334,0.4790482819080353,0.5446686148643494,0.48880958557128906,0.5712630152702332,0.49583059549331665,0.5952208042144775,0.45668166875839233,0.5614144206047058,0.4739626348018646,0.5868198871612549,0.4836861491203308,0.6112587451934814,0.4902200400829315,0.6291732788085938,0.45474541187286377,0.5966528654098511,0.4725187420845032,0.6249186992645264,0.48125267028808594,0.6428403258323669,0.48786285519599915,0.6568204164505005
agarrar,11,11,0.433712899684906,0.5290290117263794,0.458883672952652,0.4906241297721863,0.4911968410015106,0.48128053545951843,0.5164395570755005,0.5000317096710205,0.5315957069396973,0.5308282971382141,0.46744272112846375,0.47362861037254333,0.4836452305316925,0.47829291224479675,0.4958251416683197,0.4934122860431671,0.5066497921943665,0.5085288286209106,0.4589133560657501,0.5111240744590759,0.47908657789230347,0.5251442790031433,0.4923331141471863,0.540938675403595,0.5030843019485474,0.5525451302528381,0.45389890670776367,0.5495443344116211,0.4740610420703888,0.562752366065979,0.4872506856918335,0.5745503306388855,0.4975292980670929,0.579398512840271,0.4516924321651459,0.5854922533035278,0.4731177091598511,0.6022512912750244,0.48337116837501526,0.612325131893158,0.49113351106643677,0.6190856099128723
agarrar,11,12,0.4309232234954834,0.5211812853813171,0.4539492726325989,0.4900343716144562,0.48626455664634705,0.47676387429237366,0.5129095911979675,0.4857994616031647,0.5313167572021484,0.5063793063163757,0.4649433195590973,0.46382763981819153,0.48485100269317627,0.46332621574401855,0.501741886138916,0.4727512001991272,0.5159072875976562,0.4833587408065796,0.4546985924243927,0.4950791895389557,0.4782312214374542,0.5039647221565247,0.4962385296821594,0.5155660510063171,0.5105242729187012,0.5246875882148743,0.44632893800735474,0.5317726135253906,0.4707014262676239,0.5398411154747009,0.48820045590400696,0.5491927266120911,0.5026034116744995,0.5525407195091248,0.4403904676437378,0.5680775046348572,0.4608059525489807,0.5794395208358765,0.4750715494155884,0.584795355796814,0.4881977438926697,0.5868884325027466
agarrar,11,13,0.42654889822006226,0.5206670761108398,0.44878146052360535,0.4881930351257324,0.47778722643852234,0.46484100818634033,0.5025613903999329,0.46294355392456055,0.5212671160697937,0.4708629548549652,0.46374115347862244,0.45047110319137573,0.48770228028297424,0.4476569890975952,0.5069419741630554,0.452839732170105,0.5237745046615601,0.4588920474052429,0.4546862542629242,0.4816357493400574,0.48172804713249207,0.4842536449432373,0.5045287013053894,0.4910757541656494,0.5248807668685913,0.4977177679538727,0.44699767231941223,0.5197362303733826,0.47246065735816956,0.522439181804657,0.49315452575683594,0.5282709002494812,0.5128452181816101,0.5310270190238953,0.4409849941730499,0.5584983229637146,0.4605850279331207,0.5650137662887573,0.4764624536037445,0.5675027370452881,0.4932904541492462,0.5700812935829163
agarrar,11,14,0.42252403497695923,0.5236160159111023,0.4444780945777893,0.49467968940734863,0.47203415632247925,0.4716062545776367,0.4956890046596527,0.46673351526260376,0.5147510170936584,0.46819019317626953,0.46078839898109436,0.4472734332084656,0.4954206943511963,0.437256395816803,0.5176175236701965,0.44267743825912476,0.536279022693634,0.4487006962299347,0.4533376097679138,0.47445568442344666,0.4886133372783661,0.46831557154655457,0.5139999985694885,0.4765109121799469,0.5348072052001953,0.48423242568969727,0.44623643159866333,0.511101245880127,0.47951656579971313,0.5092944502830505,0.5036128163337708,0.5177782773971558,0.5244143009185791,0.5230880379676819,0.4411742687225342,0.5509483218193054,0.4663820266723633,0.5537747740745544,0.484316349029541,0.5565241575241089,0.5009288787841797,0.5585898756980896
agarrar,11,15,0.5892355442047119,0.6699967384338379,0.5726668834686279,0.6075969934463501,0.5426380634307861,0.5731666684150696,0.5119068026542664,0.5717602372169495,0.49156397581100464,0.5893719792366028,0.5386776924133301,0.5978780388832092,0.5048314332962036,0.6124533414840698,0.48517894744873047,0.6270580291748047,0.46923208236694336,0.641704797744751,0.5358996391296387,0.6372168064117432,0.49977242946624756,0.6580361723899841,0.47612470388412476,0.6731023788452148,0.4590267241001129,0.6862368583679199,0.5346519351005554,0.6718636751174927,0.5000215768814087,0.6879125237464905,0.4772813320159912,0.6974638104438782,0.46091973781585693,0.7053173780441284,0.5355287790298462,0.7010299563407898,0.5078005194664001,0.7123544812202454,0.48929402232170105,0.7207754850387573,0.4743235111236572,0.7273747324943542
agarrar,11,16,0.5904260873794556,0.6650079488754272,0.580560028553009,0.6031402349472046,0.5568206906318665,0.5663549304008484,0.5271438956260681,0.5655705332756042,0.5069612860679626,0.5753093361854553,0.5412362813949585,0.6149303317070007,0.5096035003662109,0.6287391185760498,0.48783063888549805,0.6397663354873657,0.46863797307014465,0.6510960459709167,0.5388730764389038,0.6540768146514893,0.5032606720924377,0.6665931344032288,0.47519543766975403,0.6729982495307922,0.4526614546775818,0.6807451248168945,0.5386473536491394,0.680176854133606,0.5039782524108887,0.6872937083244324,0.47845658659935,0.6912485361099243,0.45777592062950134,0.6942764520645142,0.540397047996521,0.6975610256195068,0.510848879814148,0.7029982209205627,0.49114543199539185,0.7062875032424927,0.47453126311302185,0.707996129989624
agarrar,11,17,0.6048268675804138,0.6670051217079163,0.5944409370422363,0.6032522320747375,0.5721041560173035,0.5667774677276611,0.544518768787384,0.5575475692749023,0.5233619809150696,0.55588299036026,0.5518922209739685,0.6187514066696167,0.5130337476730347,0.6314128041267395,0.48906388878822327,0.6398969888687134,0.4690203070640564,0.6470897793769836,0.5489755272865295,0.6560085415840149,0.5060298442840576,0.6652619242668152,0.4772382974624634,0.6642943024635315,0.45403581857681274,0.6628678441047668,0.5477717518806458,0.6803818345069885,0.5077726244926453,0.6841752529144287,0.4818301796913147,0.6831183433532715,0.4603783190250397,0.6811454892158508,0.5483023524284363,0.693290114402771,0.517093300819397,0.6949316263198853,0.49761781096458435,0.6936978101730347,0.48140716552734375,0.6915100812911987
agarrar,11,18,0.4294670522212982,0.5591252446174622,0.4594866931438446,0.5472339391708374,0.48417043685913086,0.5169479250907898,0.5045565962791443,0.4990842044353485,0.5206286907196045,0.4948936998844147,0.47292831540107727,0.4653205871582031,0.5087428092956543,0.4622666835784912,0.5286195278167725,0.4896848797798157,0.537139892578125,0.5166971683502197,0.46496129035949707,0.47454914450645447,0.5062811374664307,0.47094714641571045,0.5273040533065796,0.5058708786964417,0.5349038243293762,0.5364257097244263,0.4584573209285736,0.49838733673095703,0.4978269934654236,0.49178507924079895,0.5194594264030457,0.5214999318122864,0.5303146243095398,0.5468036532402039,0.4535548686981201,0.5304000973701477,0.48430135846138,0.5287649035453796,0.5021572709083557,0.542521059513092,0.5131666660308838,0.5567721724510193
agarrar,11,19,0.43249791860580444,0.5816726088523865,0.4708768129348755,0.5855640769004822,0.49607226252555847,0.5597529411315918,0.5136045813560486,0.5414539575576782,0.5251849293708801,0.5311076641082764,0.4829983711242676,0.48645031452178955,0.5168260335922241,0.4825102686882019,0.5326750874519348,0.5126587748527527,0.5379297137260437,0.5424919128417969,0.47438204288482666,0.4901100993156433,0.5145578384399414,0.4890771210193634,0.5303497910499573,0.526669979095459,0.5339006185531616,0.5594162940979004,0.46700525283813477,0.5093833804130554,0.5036173462867737,0.504842221736908,0.521527111530304,0.5375344753265381,0.5284903645515442,0.5654475688934326,0.46079450845718384,0.5386306047439575,0.4896572232246399,0.5372132062911987,0.5060390830039978,0.5529942512512207,0.5149818658828735,0.5694172382354736
agarrar,12,0,0.44188615679740906,0.5377346277236938,0.4723576605319977,0.49879369139671326,0.5085391402244568,0.5046138763427734,0.5278802514076233,0.5434783697128296,0.5351706147193909,0.5848121047019958,0.48399943113327026,0.4945719838142395,0.496787428855896,0.5054785013198853,0.49987348914146423,0.5292068123817444,0.5018734931945801,0.5563472509384155,0.47282615303993225,0.5337980389595032,0.4837054908275604,0.5639618039131165,0.48802608251571655,0.5909405946731567,0.49062269926071167,0.6162427663803101,0.4652958810329437,0.5710858702659607,0.4774448573589325,0.6024402379989624,0.4811595380306244,0.6247397065162659,0.4824666678905487,0.6422345042228699,0.46144211292266846,0.6046329140663147,0.471829354763031,0.6362191438674927,0.4714457392692566,0.6523073315620422,0.4696151614189148,0.6652759909629822
agarrar,12,1,0.44250619411468506,0.5387295484542847,0.47479620575904846,0.4999624192714691,0.5079956650733948,0.5053049325942993,0.5242056846618652,0.5435507297515869,0.5283346772193909,0.5821383595466614,0.4853321313858032,0.5027359127998352,0.4934195578098297,0.5136440992355347,0.49424082040786743,0.5344984531402588,0.4944181442260742,0.5602464079856873,0.47488096356391907,0.542245626449585,0.48278307914733887,0.5725136995315552,0.48430678248405457,0.5982224941253662,0.4827721118927002,0.6231887340545654,0.4685360789299011,0.5788704752922058,0.4770246744155884,0.6117650270462036,0.4780680537223816,0.6347411870956421,0.4764319062232971,0.654330313205719,0.46487268805503845,0.6114906668663025,0.47099769115448,0.6432591676712036,0.46750643849372864,0.6582214832305908,0.4635421931743622,0.6711592078208923
agarrar,12,2,0.43781164288520813,0.5360440015792847,0.4704877734184265,0.5000218152999878,0.5052343606948853,0.5073490142822266,0.5220189690589905,0.5466026663780212,0.5288829803466797,0.5834376811981201,0.47930416464805603,0.49480366706848145,0.4887608289718628,0.5083310604095459,0.49135622382164,0.5331711173057556,0.4928780794143677,0.5612595081329346,0.46798649430274963,0.5335504412651062,0.4791673421859741,0.5682440400123596,0.4824465215206146,0.5961701273918152,0.4823920428752899,0.6217378973960876,0.46169525384902954,0.5709632039070129,0.4739813506603241,0.6082146167755127,0.4765242636203766,0.6335502862930298,0.47552457451820374,0.6532517671585083,0.4588389992713928,0.605090320110321,0.470211386680603,0.6386630535125732,0.46903806924819946,0.6558265089988708,0.4658275246620178,0.669054388999939
agarrar,12,3,0.43370914459228516,0.5370854139328003,0.46554240584373474,0.4978140890598297,0.5019532442092896,0.5034177899360657,0.5210505127906799,0.5419266223907471,0.5282732844352722,0.5815068483352661,0.4788273274898529,0.4979143738746643,0.48938509821891785,0.5090364217758179,0.49205446243286133,0.5325475931167603,0.4936707317829132,0.5601449608802795,0.46785327792167664,0.5384293794631958,0.480459600687027,0.5700448751449585,0.4841163754463196,0.5978832840919495,0.4843694269657135,0.6236236691474915,0.46139010787010193,0.5762939453125,0.4752734899520874,0.609494686126709,0.4784375727176666,0.6335455179214478,0.4781855046749115,0.6522741317749023,0.4586494266986847,0.6101160049438477,0.47092223167419434,0.6398490071296692,0.4699181020259857,0.6560336947441101,0.46707648038864136,0.6692206263542175
agarrar,12,4,0.43592241406440735,0.5383319854736328,0.4663497507572174,0.4978252947330475,0.5011678338050842,0.5002859234809875,0.5222418308258057,0.5370307564735413,0.5306366682052612,0.5772149562835693,0.47687211632728577,0.4932161867618561,0.490367591381073,0.505510687828064,0.49559691548347473,0.530562698841095,0.49911049008369446,0.5583235621452332,0.4658208191394806,0.5327191948890686,0.47989124059677124,0.5634161233901978,0.4848349690437317,0.5924544930458069,0.4869043231010437,0.6190707683563232,0.4593872129917145,0.570975661277771,0.4747222363948822,0.6024784445762634,0.4804600477218628,0.6270521879196167,0.48244723677635193,0.6460605263710022,0.45662593841552734,0.6040395498275757,0.4699079096317291,0.6377459168434143,0.4716886878013611,0.6548882126808167,0.4710976779460907,0.6671533584594727
agarrar,12,5,0.43423765897750854,0.5342264771461487,0.46152907609939575,0.494500070810318,0.4957992434501648,0.48960787057876587,0.5195035338401794,0.5182463526725769,0.5299953818321228,0.5571416616439819,0.4716712236404419,0.48247861862182617,0.4871998131275177,0.49195772409439087,0.49544501304626465,0.5140491724014282,0.5026226043701172,0.5375849008560181,0.46219784021377563,0.5219226479530334,0.4790482819080353,0.5446686148643494,0.48880958557128906,0.5712630152702332,0.49583059549331665,0.5952208042144775,0.45668166875839233,0.5614144206047058,0.4739626348018646,0.5868198871612549,0.4836861491203308,0.6112587451934814,0.4902200400829315,0.6291732788085938,0.45474541187286377,0.5966528654098511,0.4725187420845032,0.6249186992645264,0.48125267028808594,0.6428403258323669,0.48786285519599915,0.6568204164505005
agarrar,12,6,0.433712899684906,0.5290290117263794,0.458883672952652,0.4906241297721863,0.4911968410015106,0.48128053545951843,0.5164395570755005,0.5000317096710205,0.5315957069396973,0.5308282971382141,0.46744272112846375,0.47362861037254333,0.4836452305316925,0.47829291224479675,0.4958251416683197,0.4934122860431671,0.5066497921943665,0.5085288286209106,0.4589133560657501,0.5111240744590759,0.47908657789230347,0.5251442790031433,0.4923331141471863,0.540938675403595,0.5030843019485474,0.5525451302528381,0.45389890670776367,0.5495443344116211,0.4740610420703888,0.562752366065979,0.4872506856918335,0.5745503306388855,0.4975292980670929,0.579398512840271,0.4516924321651459,0.5854922533035278,0.4731177091598511,0.6022512912750244,0.48337116837501526,0.612325131893158,0.49113351106643677,0.6190856099128723
agarrar,12,7,0.4309232234954834,0.5211812853813171,0.4539492726325989,0.4900343716144562,0.48626455664634705,0.47676387429237366,0.5129095911979675,0.4857994616031647,0.5313167572021484,0.5063793063163757,0.4649433195590973,0.46382763981819153,0.48485100269317627,0.46332621574401855,0.501741886138916,0.4727512001991272,0.5159072875976562,0.4833587408065796,0.4546985924243927,0.4950791895389557,0.4782312214374542,0.5039647221565247,0.4962385296821594,0.5155660510063171,0.5105242729187012,0.5246875882148743,0.44632893800735474,0.5317726135253906,0.4707014262676239,0.5398411154747009,0.48820045590400696,0.5491927266120911,0.5026034116744995,0.5525407195091248,0.4403904676437378,0.5680775046348572,0.4608059525489807,0.5794395208358765,0.4750715494155884,0.584795355796814,0.4881977438926697,0.5868884325027466
agarrar,12,8,0.42654889822006226,0.5206670761108398,0.44878146052360535,0.4881930351257324,0.47778722643852234,0.46484100818634033,0.5025613903999329,0.46294355392456055,0.5212671160697937,0.4708629548549652,0.46374115347862244,0.45047110319137573,0.48770228028297424,0.4476569890975952,0.5069419741630554,0.452839732170105,0.5237745046615601,0.4588920474052429,0.4546862542629242,0.4816357493400574,0.48172804713249207,0.4842536449432373,0.5045287013053894,0.4910757541656494,0.5248807668685913,0.4977177679538727,0.44699767231941223,0.5197362303733826,0.47246065735816956,0.522439181804657,0.49315452575683594,0.5282709002494812,0.5128452181816101,0.5310270190238953,0.4409849941730499,0.5584983229637146,0.4605850279331207,0.5650137662887573,0.4764624536037445,0.5675027370452881,0.4932904541492462,0.5700812935829163
agarrar,12,9,0.42252403497695923,0.5236160159111023,0.4444780945777893,0.49467968940734863,0.47203415632247925,0.4716062545776367,0.4956890046596527,0.46673351526260376,0.5147510170936584,0.46819019317626953,0.46078839898109436,0.4472734332084656,0.4954206943511963,0.437256395816803,0.5176175236701965,0.44267743825912476,0.536279022693634,0.4487006962299347,0.4533376097679138,0.47445568442344666,0.4886133372783661,0.46831557154655457,0.5139999985694885,0.4765109121799469,0.5348072052001953,0.48423242568969727,0.44623643159866333,0.511101245880127,0.47951656579971313,0.5092944502830505,0.5036128163337708,0.5177782773971558,0.5244143009185791,0.5230880379676819,0.4411742687225342,0.5509483218193054,0.4663820266723633,0.5537747740745544,0.484316349029541,0.5565241575241089,0.5009288787841797,0.5585898756980896
agarrar,12,10,0.5892355442047119,0.6699967384338379,0.5726668834686279,0.6075969934463501,0.5426380634307861,0.5731666684150696,0.5119068026542664,0.5717602372169495,0.49156397581100464,0.5893719792366028,0.5386776924133301,0.5978780388832092,0.5048314332962036,0.6124533414840698,0.48517894744873047,0.6270580291748047,0.46923208236694336,0.641704797744751,0.5358996391296387,0.6372168064117432,0.49977242946624756,0.6580361723899841,0.47612470388412476,0.6731023788452148,0.4590267241001129,0.6862368583679199,0.5346519351005554,0.6718636751174927,0.5000215768814087,0.6879125237464905,0.4772813320159912,0.6974638104438782,0.46091973781585693,0.7053173780441284,0.5355287790298462,0.7010299563407898,0.5078005194664001,0.7123544812202454,0.48929402232170105,0.7207754850387573,0.4743235111236572,0.7273747324943542
agarrar,12,11,0.5904260873794556,0.6650079488754272,0.580560028553009,0.6031402349472046,0.5568206906318665,0.5663549304008484,0.5271438956260681,0.5655705332756042,0.5069612860679626,0.5753093361854553,0.5412362813949585,0.6149303317070007,0.5096035003662109,0.6287391185760498,0.48783063888549805,0.6397663354873657,0.46863797307014465,0.6510960459709167,0.5388730764389038,0.6540768146514893,0.5032606720924377,0.6665931344032288,0.47519543766975403,0.6729982495307922,0.4526614546775818,0.6807451248168945,0.5386473536491394,0.680176854133606,0.5039782524108887,0.6872937083244324,0.47845658659935,0.6912485361099243,0.45777592062950134,0.6942764520645142,0.540397047996521,0.6975610256195068,0.510848879814148,0.7029982209205627,0.49114543199539185,0.7062875032424927,0.47453126311302185,0.707996129989624
agarrar,12,12,0.6048268675804138,0.6670051217079163,0.5944409370422363,0.6032522320747375,0.5721041560173035,0.5667774677276611,0.544518768787384,0.5575475692749023,0.5233619809150696,0.55588299036026,0.5518922209739685,0.6187514066696167,0.5130337476730347,0.6314128041267395,0.48906388878822327,0.6398969888687134,0.4690203070640564,0.6470897793769836,0.5489755272865295,0.6560085415840149,0.5060298442840576,0.6652619242668152,0.4772382974624634,0.6642943024635315,0.45403581857681274,0.6628678441047668,0.5477717518806458,0.6803818345069885,0.5077726244926453,0.6841752529144287,0.4818301796913147,0.6831183433532715,0.4603783190250397,0.6811454892158508,0.5483023524284363,0.693290114402771,0.517093300819397,0.6949316263198853,0.49761781096458435,0.6936978101730347,0.48140716552734375,0.6915100812911987
agarrar,12,13,0.4294670522212982,0.5591252446174622,0.4594866931438446,0.5472339391708374,0.48417043685913086,0.5169479250907898,0.5045565962791443,0.4990842044353485,0.5206286907196045,0.4948936998844147,0.47292831540107727,0.4653205871582031,0.5087428092956543,0.4622666835784912,0.5286195278167725,0.4896848797798157,0.537139892578125,0.5166971683502197,0.46496129035949707,0.47454914450645447,0.5062811374664307,0.47094714641571045,0.5273040533065796,0.5058708786964417,0.5349038243293762,0.5364257097244263,0.4584573209285736,0.49838733673095703,0.4978269934654236,0.49178507924079895,0.5194594264030457,0.5214999318122864,0.5303146243095398,0.5468036532402039,0.4535548686981201,0.5304000973701477,0.48430135846138,0.5287649035453796,0.5021572709083557,0.542521059513092,0.5131666660308838,0.5567721724510193
agarrar,12,14,0.43249791860580444,0.5816726088523865,0.4708768129348755,0.5855640769004822,0.49607226252555847,0.5597529411315918,0.5136045813560486,0.5414539575576782,0.5251849293708801,0.5311076641082764,0.4829983711242676,0.48645031452178955,0.5168260335922241,0.4825102686882019,0.5326750874519348,0.5126587748527527,0.5379297137260437,0.5424919128417969,0.47438204288482666,0.4901100993156433,0.5145578384399414,0.4890771210193634,0.5303497910499573,0.526669979095459,0.5339006185531616,0.5594162940979004,0.46700525283813477,0.5093833804130554,0.5036173462867737,0.504842221736908,0.521527111530304,0.5375344753265381,0.5284903645515442,0.5654475688934326,0.46079450845718384,0.5386306047439575,0.4896572232246399,0.5372132062911987,0.5060390830039978,0.5529942512512207,0.5149818658828735,0.5694172382354736
agarrar,12,15,0.6215278506278992,0.6835726499557495,0.6159809827804565,0.6184139251708984,0.5964915156364441,0.5867029428482056,0.571118175983429,0.5781394839286804,0.5501965284347534,0.566144585609436,0.5702512264251709,0.6453753709793091,0.5305752158164978,0.657437264919281,0.5078977346420288,0.6460241079330444,0.4925917983055115,0.6326088309288025,0.5637375712394714,0.6790983080863953,0.5196710824966431,0.6756866574287415,0.4998573660850525,0.6507716774940491,0.4891357421875,0.6293925642967224,0.5607830882072449,0.6964792013168335,0.5189639329910278,0.6909303069114685,0.500847578048706,0.6659924983978271,0.4910489320755005,0.6451015472412109,0.5603305101394653,0.7020553350448608,0.5260081887245178,0.6962935924530029,0.5092976093292236,0.6783259510993958,0.4997463524341583,0.6619830131530762
agarrar,12,16,0.6245567798614502,0.693943440914154,0.618825376033783,0.6318173408508301,0.5989947319030762,0.6006396412849426,0.5744789242744446,0.5891659259796143,0.5547317266464233,0.5750154256820679,0.5736601948738098,0.6603562235832214,0.5322898626327515,0.6706494688987732,0.5125447511672974,0.6546099781990051,0.5009527206420898,0.6374496221542358,0.5674412250518799,0.6928336024284363,0.5219537615776062,0.6867035627365112,0.5062986612319946,0.6580819487571716,0.5010998249053955,0.6350740790367126,0.5648947954177856,0.7091172933578491,0.5229377150535583,0.7020906209945679,0.5082117915153503,0.6757362484931946,0.5023452043533325,0.6549477577209473,0.5642421841621399,0.71342933177948,0.5305578708648682,0.7062500715255737,0.5165900588035583,0.6880582571029663,0.5097812414169312,0.6715072393417358
agarrar,12,17,0.4340552091598511,0.6315017938613892,0.4746612310409546,0.6492185592651367,0.5015274882316589,0.6310217380523682,0.5192157030105591,0.6189876794815063,0.5297789573669434,0.6117426156997681,0.4962013363838196,0.5521299839019775,0.5306556224822998,0.5585337281227112,0.5383440256118774,0.598064124584198,0.5374655723571777,0.6292777061462402,0.4902741611003876,0.548231840133667,0.5299172401428223,0.5559215545654297,0.5375834703445435,0.6014636158943176,0.5342767834663391,0.6350663900375366,0.48410308361053467,0.5596582293510437,0.5223674178123474,0.5614811182022095,0.5318976640701294,0.6037291884422302,0.5307284593582153,0.6364008188247681,0.477591335773468,0.5823211073875427,0.5075623393058777,0.5845308303833008,0.5185121893882751,0.6102178692817688,0.5206877589225769,0.6345919370651245
agarrar,12,18,0.4325525164604187,0.6526716351509094,0.47019705176353455,0.6688206195831299,0.4953014850616455,0.6510623097419739,0.5115118622779846,0.6381327509880066,0.5229784846305847,0.6285826563835144,0.49244794249534607,0.5757743120193481,0.5265927314758301,0.5810579657554626,0.5366755723953247,0.617503821849823,0.5368620157241821,0.6454561948776245,0.48836883902549744,0.5718353390693665,0.5278149843215942,0.5779524445533752,0.5376918315887451,0.6202758550643921,0.535378098487854,0.6505792140960693,0.48449233174324036,0.5818856954574585,0.523534893989563,0.584684431552887,0.5332798361778259,0.6240158081054688,0.5319291353225708,0.6531739830970764,0.4807495176792145,0.6043411493301392,0.5120572447776794,0.6095083355903625,0.5220794081687927,0.633564293384552,0.522732138633728,0.6549246311187744
agarrar,12,19,0.4352177381515503,0.6681390404701233,0.4701386094093323,0.6825577020645142,0.4937165081501007,0.6677128672599792,0.5093615651130676,0.6585174202919006,0.5207830667495728,0.6504692435264587,0.4944145679473877,0.592481255531311,0.5298960208892822,0.5998226404190063,0.5396274924278259,0.6344663500785828,0.538034200668335,0.6599058508872986,0.4910603165626526,0.590025007724762,0.530537486076355,0.6003667116165161,0.5399624109268188,0.6407799124717712,0.5363618731498718,0.6683385372161865,0.48752328753471375,0.6014023423194885,0.5259220600128174,0.6095849275588989,0.5352141261100769,0.6472741961479187,0.5322303771972656,0.6741591691970825,0.48428794741630554,0.6257921457290649,0.515442967414856,0.6354880332946777,0.5243752598762512,0.659579873085022,0.5231671333312988,0.6787755489349365
agarrar,13,0,0.43423765897750854,0.5342264771461487,0.46152907609939575,0.494500070810318,0.4957992434501648,0.48960787057876587,0.5195035338401794,0.5182463526725769,0.5299953818321228,0.5571416616439819,0.4716712236404419,0.48247861862182617,0.4871998131275177,0.49195772409439087,0.49544501304626465,0.5140491724014282,0.5026226043701172,0.5375849008560181,0.46219784021377563,0.5219226479530334,0.4790482819080353,0.5446686148643494,0.48880958557128906,0.5712630152702332,0.49583059549331665,0.5952208042144775,0.45668166875839233,0.5614144206047058,0.4739626348018646,0.5868198871612549,0.4836861491203308,0.6112587451934814,0.4902200400829315,0.6291732788085938,0.45474541187286377,0.5966528654098511,0.4725187420845032,0.6249186992645264,0.48125267028808594,0.6428403258323669,0.48786285519599915,0.6568204164505005
agarrar,13,1,0.433712899684906,0.5290290117263794,0.458883672952652,0.4906241297721863,0.4911968410015106,0.48128053545951843,0.5164395570755005,0.5000317096710205,0.5315957069396973,0.5308282971382141,0.46744272112846375,0.47362861037254333,0.4836452305316925,0.47829291224479675,0.4958251416683197,0.4934122860431671,0.5066497921943665,0.5085288286209106,0.4589133560657501,0.5111240744590759,0.47908657789230347,0.5251442790031433,0.4923331141471863,0.540938675403595,0.5030843019485474,0.5525451302528381,0.45389890670776367,0.5495443344116211,0.4740610420703888,0.562752366065979,0.4872506856918335,0.5745503306388855,0.4975292980670929,0.579398512840271,0.4516924321651459,0.5854922533035278,0.4731177091598511,0.6022512912750244,0.48337116837501526,0.612325131893158,0.49113351106643677,0.6190856099128723
agarrar,13,2,0.4309232234954834,0.5211812853813171,0.4539492726325989,0.4900343716144562,0.48626455664634705,0.47676387429237366,0.5129095911979675,0.4857994616031647,0.5313167572021484,0.5063793063163757,0.4649433195590973,0.46382763981819153,0.48485100269317627,0.46332621574401855,0.501741886138916,0.4727512001991272,0.5159072875976562,0.4833587408065796,0.4546985924243927,0.4950791895389557,0.4782312214374542,0.5039647221565247,0.4962385296821594,0.5155660510063171,0.5105242729187012,0.5246875882148743,0.44632893800735474,0.5317726135253906,0.4707014262676239,0.5398411154747009,0.48820045590400696,0.5491927266120911,0.5026034116744995,0.5525407195091248,0.4403904676437378,0.5680775046348572,0.4608059525489807,0.5794395208358765,0.4750715494155884,0.584795355796814,0.4881977438926697,0.5868884325027466
agarrar,13,3,0.42654889822006226,0.5206670761108398,0.44878146052360535,0.4881930351257324,0.47778722643852234,0.46484100818634033,0.5025613903999329,0.46294355392456055,0.5212671160697937,0.4708629548549652,0.46374115347862244,0.45047110319137573,0.48770228028297424,0.4476569890975952,0.5069419741630554,0.452839732170105,0.5237745046615601,0.4588920474052429,0.4546862542629242,0.4816357493400574,0.48172804713249207,0.4842536449432373,0.5045287013053894,0.4910757541656494,0.5248807668685913,0.4977177679538727,0.44699767231941223,0.5197362303733826,0.47246065735816956,0.522439181804657,0.49315452575683594,0.5282709002494812,0.5128452181816101,0.5310270190238953,0.4409849941730499,0.5584983229637146,0.4605850279331207,0.5650137662887573,0.4764624536037445,0.5675027370452881,0.4932904541492462,0.5700812935829163
agarrar,13,4,0.42252403497695923,0.5236160159111023,0.4444780945777893,0.49467968940734863,0.47203415632247925,0.4716062545776367,0.4956890046596527,0.46673351526260376,0.5147510170936584,0.46819019317626953,0.46078839898109436,0.4472734332084656,0.4954206943511963,0.437256395816803,0.5176175236701965,0.44267743825912476,0.536279022693634,0.4487006962299347,0.4533376097679138,0.47445568442344666,0.4886133372783661,0.46831557154655457,0.5139999985694885,0.4765109121799469,0.5348072052001953,0.48423242568969727,0.44623643159866333,0.511101245880127,0.47951656579971313,0.5092944502830505,0.5036128163337708,0.5177782773971558,0.5244143009185791,0.5230880379676819,0.4411742687225342,0.5509483218193054,0.4663820266723633,0.5537747740745544,0.484316349029541,0.5565241575241089,0.5009288787841797,0.5585898756980896
agarrar,13,5,0.5892355442047119,0.6699967384338379,0.5726668834686279,0.6075969934463501,0.5426380634307861,0.5731666684150696,0.5119068026542664,0.5717602372169495,0.49156397581100464,0.5893719792366028,0.5386776924133301,0.5978780388832092,0.5048314332962036,0.6124533414840698,0.48517894744873047,0.6270580291748047,0.46923208236694336,0.641704797744751,0.5358996391296387,0.6372168064117432,0.49977242946624756,0.6580361723899841,0.47612470388412476,0.6731023788452148,0.4590267241001129,0.6862368583679199,0.5346519351005554,0.6718636751174927,0.5000215768814087,0.6879125237464905,0.4772813320159912,0.6974638104438782,0.46091973781585693,0.7053173780441284,0.5355287790298462,0.7010299563407898,0.5078005194664001,0.7123544812202454,0.48929402232170105,0.7207754850387573,0.4743235111236572,0.7273747324943542
agarrar,13,6,0.5904260873794556,0.6650079488754272,0.580560028553009,0.6031402349472046,0.5568206906318665,0.5663549304008484,0.5271438956260681,0.5655705332756042,0.5069612860679626,0.5753093361854553,0.5412362813949585,0.6149303317070007,0.5096035003662109,0.6287391185760498,0.48783063888549805,0.6397663354873657,0.46863797307014465,0.6510960459709167,0.5388730764389038,0.6540768146514893,0.5032606720924377,0.6665931344032288,0.47519543766975403,0.6729982495307922,0.4526614546775818,0.6807451248168945,0.5386473536491394,0.680176854133606,0.5039782524108887,0.6872937083244324,0.47845658659935,0.6912485361099243,0.45777592062950134,0.6942764520645142,0.540397047996521,0.6975610256195068,0.510848879814148,0.7029982209205627,0.49114543199539185,0.7062875032424927,0.47453126311302185,0.707996129989624
agarrar,13,7,0.6048268675804138,0.6670051217079163,0.5944409370422363,0.6032522320747375,0.5721041560173035,0.5667774677276611,0.544518768787384,0.5575475692749023,0.5233619809150696,0.55588299036026,0.5518922209739685,0.6187514066696167,0.5130337476730347,0.6314128041267395,0.48906388878822327,0.6398969888687134,0.4690203070640564,0.6470897793769836,0.5489755272865295,0.6560085415840149,0.5060298442840576,0.6652619242668152,0.4772382974624634,0.6642943024635315,0.45403581857681274,0.6628678441047668,0.5477717518806458,0.6803818345069885,0.5077726244926453,0.6841752529144287,0.4818301796913147,0.6831183433532715,0.4603783190250397,0.6811454892158508,0.5483023524284363,0.693290114402771,0.517093300819397,0.6949316263198853,0.49761781096458435,0.6936978101730347,0.48140716552734375,0.6915100812911987
agarrar,13,8,0.4294670522212982,0.5591252446174622,0.4594866931438446,0.5472339391708374,0.48417043685913086,0.5169479250907898,0.5045565962791443,0.4990842044353485,0.5206286907196045,0.4948936998844147,0.47292831540107727,0.4653205871582031,0.5087428092956543,0.4622666835784912,0.5286195278167725,0.4896848797798157,0.537139892578125,0.5166971683502197,0.46496129035949707,0.47454914450645447,0.5062811374664307,0.47094714641571045,0.5273040533065796,0.5058708786964417,0.5349038243293762,0.5364257097244263,0.4584573209285736,0.49838733673095703,0.4978269934654236,0.49178507924079895,0.5194594264030457,0.5214999318122864,0.5303146243095398,0.5468036532402039,0.4535548686981201,0.5304000973701477,0.48430135846138,0.5287649035453796,0.5021572709083557,0.542521059513092,0.5131666660308838,0.5567721724510193
agarrar,13,9,0.43249791860580444,0.5816726088523865,0.4708768129348755,0.5855640769004822,0.49607226252555847,0.5597529411315918,0.5136045813560486,0.5414539575576782,0.5251849293708801,0.5311076641082764,0.4829983711242676,0.48645031452178955,0.5168260335922241,0.4825102686882019,0.5326750874519348,0.5126587748527527,0.5379297137260437,0.5424919128417969,0.47438204288482666,0.4901100993156433,0.5145578384399414,0.4890771210193634,0.5303497910499573,0.526669979095459,0.5339006185531616,0.5594162940979004,0.46700525283813477,0.5093833804130554,0.5036173462867737,0.504842221736908,0.521527111530304,0.5375344753265381,0.5284903645515442,0.5654475688934326,0.46079450845718384,0.5386306047439575,0.4896572232246399,0.5372132062911987,0.5060390830039978,0.5529942512512207,0.5149818658828735,0.5694172382354736
agarrar,13,10,0.6215278506278992,0.6835726499557495,0.6159809827804565,0.6184139251708984,0.5964915156364441,0.5867029428482056,0.571118175983429,0.5781394839286804,0.5501965284347534,0.566144585609436,0.5702512264251709,0.6453753709793091,0.5305752158164978,0.657437264919281,0.5078977346420288,0.6460241079330444,0.4925917983055115,0.6326088309288025,0.5637375712394714,0.6790983080863953,0.5196710824966431,0.6756866574287415,0.4998573660850525,0.6507716774940491,0.4891357421875,0.6293925642967224,0.5607830882072449,0.6964792013168335,0.5189639329910278,0.6909303069114685,0.500847578048706,0.6659924983978271,0.4910489320755005,0.6451015472412109,0.5603305101394653,0.7020553350448608,0.5260081887245178,0.6962935924530029,0.5092976093292236,0.6783259510993958,0.4997463524341583,0.6619830131530762
agarrar,13,11,0.6245567798614502,0.693943440914154,0.618825376033783,0.6318173408508301,0.5989947319030762,0.6006396412849426,0.5744789242744446,0.5891659259796143,0.5547317266464233,0.5750154256820679,0.5736601948738098,0.6603562235832214,0.5322898626327515,0.6706494688987732,0.5125447511672974,0.6546099781990051,0.5009527206420898,0.6374496221542358,0.5674412250518799,0.6928336024284363,0.5219537615776062,0.6867035627365112,0.5062986612319946,0.6580819487571716,0.5010998249053955,0.6350740790367126,0.5648947954177856,0.7091172933578491,0.5229377150535583,0.7020906209945679,0.5082117915153503,0.6757362484931946,0.5023452043533325,0.6549477577209473,0.5642421841621399,0.71342933177948,0.5305578708648682,0.7062500715255737,0.5165900588035583,0.6880582571029663,0.5097812414169312,0.6715072393417358
agarrar,13,12,0.4340552091598511,0.6315017938613892,0.4746612310409546,0.6492185592651367,0.5015274882316589,0.6310217380523682,0.5192157030105591,0.6189876794815063,0.5297789573669434,0.6117426156997681,0.4962013363838196,0.5521299839019775,0.5306556224822998,0.5585337281227112,0.5383440256118774,0.598064124584198,0.5374655723571777,0.6292777061462402,0.4902741611003876,0.548231840133667,0.5299172401428223,0.5559215545654297,0.5375834703445435,0.6014636158943176,0.5342767834663391,0.6350663900375366,0.48410308361053467,0.5596582293510437,0.5223674178123474,0.5614811182022095,0.5318976640701294,0.6037291884422302,0.5307284593582153,0.6364008188247681,0.477591335773468,0.5823211073875427,0.5075623393058777,0.5845308303833008,0.5185121893882751,0.6102178692817688,0.5206877589225769,0.6345919370651245
agarrar,13,13,0.4325525164604187,0.6526716351509094,0.47019705176353455,0.6688206195831299,0.4953014850616455,0.6510623097419739,0.5115118622779846,0.6381327509880066,0.5229784846305847,0.6285826563835144,0.49244794249534607,0.5757743120193481,0.5265927314758301,0.5810579657554626,0.5366755723953247,0.617503821849823,0.5368620157241821,0.6454561948776245,0.48836883902549744,0.5718353390693665,0.5278149843215942,0.5779524445533752,0.5376918315887451,0.6202758550643921,0.535378098487854,0.6505792140960693,0.48449233174324036,0.5818856954574585,0.523534893989563,0.584684431552887,0.5332798361778259,0.6240158081054688,0.5319291353225708,0.6531739830970764,0.4807495176792145,0.6043411493301392,0.5120572447776794,0.6095083355903625,0.5220794081687927,0.633564293384552,0.522732138633728,0.6549246311187744
agarrar,13,14,0.4352177381515503,0.6681390404701233,0.4701386094093323,0.6825577020645142,0.4937165081501007,0.6677128672599792,0.5093615651130676,0.6585174202919006,0.5207830667495728,0.6504692435264587,0.4944145679473877,0.592481255531311,0.5298960208892822,0.5998226404190063,0.5396274924278259,0.6344663500785828,0.538034200668335,0.6599058508872986,0.4910603165626526,0.590025007724762,0.530537486076355,0.6003667116165161,0.5399624109268188,0.6407799124717712,0.5363618731498718,0.6683385372161865,0.48752328753471375,0.6014023423194885,0.5259220600128174,0.6095849275588989,0.5352141261100769,0.6472741961479187,0.5322303771972656,0.6741591691970825,0.48428794741630554,0.6257921457290649,0.515442967414856,0.6354880332946777,0.5243752598762512,0.659579873085022,0.5231671333312988,0.6787755489349365
agarrar,13,15,0.43569302558898926,0.6825587749481201,0.46625083684921265,0.6894542574882507,0.48985305428504944,0.6750245094299316,0.5068076252937317,0.6692408323287964,0.5202569961547852,0.6641485691070557,0.4924722909927368,0.6081161499023438,0.5259114503860474,0.6196036338806152,0.5348794460296631,0.6520978808403015,0.5332804322242737,0.6745581030845642,0.4906668961048126,0.6085345149040222,0.5288925170898438,0.6222133040428162,0.537246584892273,0.6596171855926514,0.5339887142181396,0.6849197149276733,0.48899561166763306,0.6223821640014648,0.5252622365951538,0.6351202726364136,0.5337381958961487,0.6718105673789978,0.5312941670417786,0.6982322335243225,0.48690512776374817,0.6480414867401123,0.5176328420639038,0.6570355296134949,0.5261151194572449,0.6795470118522644,0.5257006287574768,0.6976824998855591
agarrar,13,16,0.4405122995376587,0.6934961676597595,0.46388429403305054,0.6985459327697754,0.4865027368068695,0.6837493181228638,0.5018908977508545,0.6796953678131104,0.5144258737564087,0.6761310696601868,0.49285295605659485,0.6212802529335022,0.5254769921302795,0.633441150188446,0.5358797907829285,0.6627045273780823,0.5359914898872375,0.6816384196281433,0.4917430281639099,0.622913658618927,0.5298886895179749,0.6380524039268494,0.5383063554763794,0.6736341118812561,0.5348363518714905,0.695004940032959,0.4904463291168213,0.637150764465332,0.5285410284996033,0.6504329442977905,0.5348054766654968,0.6857922077178955,0.5299261212348938,0.7066965699195862,0.4892371892929077,0.6619427800178528,0.5216076374053955,0.6734112501144409,0.5282197594642639,0.6959032416343689,0.5251418948173523,0.7096343040466309
agarrar,13,17,0.44331374764442444,0.6988369822502136,0.4654037654399872,0.6785361170768738,0.4883943498134613,0.6596126556396484,0.5046065449714661,0.6575915217399597,0.5176433324813843,0.6646056771278381,0.495860755443573,0.627727746963501,0.5274015069007874,0.6422001719474792,0.5341036915779114,0.6685713529586792,0.5303059220314026,0.6864640712738037,0.4951646625995636,0.6351874470710754,0.5311818718910217,0.6530468463897705,0.5378101468086243,0.6837177276611328,0.5338082909584045,0.7040688991546631,0.49351775646209717,0.6534281373023987,0.5298478007316589,0.6690402626991272,0.5344879627227783,0.7005817294120789,0.5291871428489685,0.7204025387763977,0.4916147291660309,0.6802663207054138,0.5232993960380554,0.6909551620483398,0.5285815000534058,0.7106737494468689,0.5252985954284668,0.7240668535232544
agarrar,13,18,0.44465142488479614,0.7130721211433411,0.46568676829338074,0.6887492537498474,0.4873492419719696,0.6693229675292969,0.5033280253410339,0.6653478741645813,0.5169707536697388,0.6693130731582642,0.4960351288318634,0.6394793391227722,0.5255526304244995,0.6559290289878845,0.5351965427398682,0.6813002824783325,0.5348788499832153,0.6988185048103333,0.4956454038619995,0.647777795791626,0.5305100679397583,0.6650570631027222,0.5391201972961426,0.6933699250221252,0.5372965931892395,0.7120728492736816,0.49437594413757324,0.6660904288291931,0.5299493670463562,0.6788353323936462,0.5367591381072998,0.7067291140556335,0.5332223176956177,0.7238360047340393,0.49255669116973877,0.6923172473907471,0.5236150622367859,0.7007492780685425,0.530012845993042,0.7175679802894592,0.5278576016426086,0.728070855140686
agarrar,13,19,0.4415641725063324,0.7277428507804871,0.46722981333732605,0.7203130125999451,0.4895528554916382,0.7040029764175415,0.5051060318946838,0.7006853818893433,0.5172410011291504,0.7002962827682495,0.4971584379673004,0.6513700485229492,0.5294420719146729,0.6673189997673035,0.5360721349716187,0.6941189765930176,0.5332093834877014,0.7094457745552063,0.49667492508888245,0.6567654013633728,0.5337727665901184,0.675299882888794,0.5387995839118958,0.7065988779067993,0.5336294174194336,0.7248879671096802,0.49547237157821655,0.6733244061470032,0.5326829552650452,0.6890978813171387,0.5345966815948486,0.7193037867546082,0.5272796154022217,0.735968291759491,0.4941442012786865,0.6999368667602539,0.5265527963638306,0.7082967162132263,0.5298594832420349,0.7279035449028015,0.5241950750350952,0.7401744723320007
