target,x_1,y_1,x_2,y_2,x_3,y_3,x_4,y_4,x_5,y_5,x_6,y_6,x_7,y_7,x_8,y_8,x_9,y_9,x_10,y_10,x_11,y_11,x_12,y_12,x_13,y_13,x_14,y_14,x_15,y_15,x_16,y_16,x_17,y_17,x_18,y_18,x_19,y_19,x_20,y_20,x_21,y_21
abacaxi,0.5538671016693115,0.8391683101654053,0.5372283458709717,0.8190581798553467,0.5223332047462463,0.7977887988090515,0.5102592706680298,0.7853963971138,0.49965476989746094,0.7819508910179138,0.5214127898216248,0.7691277861595154,0.4994851052761078,0.7726410627365112,0.48774030804634094,0.7786178588867188,0.4797466993331909,0.7802760004997253,0.5252609848976135,0.7789745330810547,0.499862939119339,0.7858689427375793,0.4913637936115265,0.7936980128288269,0.48650914430618286,0.7974081039428711,0.5280315279960632,0.794844925403595,0.5030669569969177,0.7995352745056152,0.4945319592952728,0.8076770901679993,0.4893271327018738,0.8108431100845337,0.5298445224761963,0.8142119646072388,0.511667013168335,0.8095136284828186,0.5026944875717163,0.80617755651474,0.49550122022628784,0.8014224767684937
abacaxi,0.5551804900169373,0.8405015468597412,0.5387227535247803,0.8202143907546997,0.5237324237823486,0.7981667518615723,0.5114834904670715,0.7850327491760254,0.5011791586875916,0.7812684178352356,0.522137463092804,0.7686375975608826,0.5001428127288818,0.7721786499023438,0.48879474401474,0.7786138653755188,0.4811462461948395,0.7808764576911926,0.5257152318954468,0.7792174220085144,0.5007232427597046,0.7861039638519287,0.4924834966659546,0.7942174077033997,0.48758718371391296,0.7982319593429565,0.5284197330474854,0.795286238193512,0.5038291215896606,0.7994393706321716,0.49482300877571106,0.8067841529846191,0.48908960819244385,0.8096044659614563,0.5303853750228882,0.8142340183258057,0.5121743679046631,0.8103359341621399,0.5036742687225342,0.8075591921806335,0.49699667096138,0.8031972050666809
abacaxi,0.5581450462341309,0.8415912389755249,0.5414425730705261,0.8185805082321167,0.5258627533912659,0.7967003583908081,0.5135100483894348,0.7838422656059265,0.5026586055755615,0.7798715233802795,0.5230522155761719,0.7700626850128174,0.5012480020523071,0.7710806131362915,0.4890431761741638,0.7760995030403137,0.4804195463657379,0.7787740230560303,0.5264794230461121,0.779137134552002,0.5018307566642761,0.7807894945144653,0.4896617531776428,0.7850555181503296,0.4806406497955322,0.7871362566947937,0.5289539098739624,0.7945125102996826,0.5050941705703735,0.7922819256782532,0.49263861775398254,0.7935277819633484,0.4831089973449707,0.792124330997467,0.5305388569831848,0.8140052556991577,0.5135196447372437,0.8085151314735413,0.5045654773712158,0.8041344285011292,0.49675124883651733,0.7991409301757812
abacaxi,0.5535488724708557,0.836204469203949,0.532862663269043,0.8236814141273499,0.5156471133232117,0.8026123642921448,0.5032009482383728,0.7905677556991577,0.49210643768310547,0.7861630916595459,0.5177741646766663,0.7675939202308655,0.4961710274219513,0.7762702703475952,0.4843650460243225,0.7868785262107849,0.4774588346481323,0.7923272252082825,0.5234646201133728,0.7747946381568909,0.49882322549819946,0.7831766605377197,0.48615801334381104,0.793830931186676,0.47863510251045227,0.8011334538459778,0.5284380316734314,0.7891837954521179,0.5043984055519104,0.7928171157836914,0.4919702410697937,0.8017755150794983,0.48393598198890686,0.8063454031944275,0.5324777364730835,0.8075549602508545,0.5154721140861511,0.8038004040718079,0.5062109231948853,0.8037253022193909,0.4991678297519684,0.8027369379997253
abacaxi,0.42595940828323364,0.7581223845481873,0.4485124945640564,0.7315109968185425,0.4741210341453552,0.7405238151550293,0.49314337968826294,0.7660616636276245,0.5064887404441833,0.7840076684951782,0.4655604064464569,0.7697064280509949,0.49099671840667725,0.8062724471092224,0.5060759782791138,0.8165261149406433,0.5170718431472778,0.816996157169342,0.4562768340110779,0.7952324748039246,0.48302197456359863,0.8332214951515198,0.49919968843460083,0.8421896696090698,0.5093278884887695,0.8422442674636841,0.44941744208335876,0.8128663301467896,0.4736846089363098,0.846635103225708,0.48888468742370605,0.853635847568512,0.49829715490341187,0.8532912731170654,0.44551029801368713,0.8227552175521851,0.4642414152622223,0.8498594164848328,0.47740691900253296,0.8580249547958374,0.48672765493392944,0.8589717149734497
abacaxi,0.549278736114502,0.8168224096298218,0.5209655165672302,0.8205452561378479,0.49470698833465576,0.8157777190208435,0.4763871133327484,0.814296305179596,0.46277686953544617,0.8200232982635498,0.4785119593143463,0.7814730405807495,0.45128965377807617,0.8146024942398071,0.4436458647251129,0.8462973833084106,0.4417339265346527,0.8699017763137817,0.48135143518447876,0.7851724624633789,0.4511603116989136,0.8207248449325562,0.4443175494670868,0.8519814610481262,0.4440383017063141,0.8756848573684692,0.48632577061653137,0.7959066033363342,0.45770373940467834,0.8245112895965576,0.44960764050483704,0.8539144992828369,0.44837063550949097,0.8754543662071228,0.49281811714172363,0.8124139904975891,0.47097983956336975,0.8296661376953125,0.46231937408447266,0.848678469657898,0.4585554301738739,0.8662143349647522
abacaxi,0.5187745094299316,0.8052787780761719,0.49751973152160645,0.8125744462013245,0.4755806028842926,0.8150766491889954,0.45924344658851624,0.819753885269165,0.4475039839744568,0.8294446468353271,0.4603757858276367,0.7985738515853882,0.433499813079834,0.8267708420753479,0.41941148042678833,0.8501364588737488,0.4098908305168152,0.8715117573738098,0.46249306201934814,0.8001904487609863,0.4328700304031372,0.830327570438385,0.41827425360679626,0.8546552062034607,0.4082310199737549,0.8768040537834167,0.46789267659187317,0.8081560730934143,0.4384292960166931,0.8307113647460938,0.42544734477996826,0.8523079752922058,0.4167078137397766,0.8719454407691956,0.4754244089126587,0.821721613407135,0.45736467838287354,0.8319429159164429,0.44596782326698303,0.8441821336746216,0.43686333298683167,0.8576161861419678
abacaxi,0.5056970119476318,0.7956446409225464,0.48418834805488586,0.8061332106590271,0.4619717597961426,0.8086457848548889,0.44538354873657227,0.8094985485076904,0.432923287153244,0.815586507320404,0.4475838840007782,0.797914445400238,0.4202651083469391,0.819067656993866,0.4032120108604431,0.8347259163856506,0.3897221088409424,0.8500110507011414,0.44938841462135315,0.7982438206672668,0.4194066524505615,0.8205773234367371,0.4017789661884308,0.8384885787963867,0.38795095682144165,0.8557888865470886,0.4546796977519989,0.8034982085227966,0.42532235383987427,0.8195788264274597,0.41023534536361694,0.8354185819625854,0.3983805775642395,0.8508139848709106,0.4624083936214447,0.8134851455688477,0.44575008749961853,0.8186980485916138,0.43420642614364624,0.8276270627975464,0.4241223633289337,0.838403582572937
abacaxi,0.41052624583244324,0.3669005334377289,0.39346376061439514,0.3279113173484802,0.38575196266174316,0.27475932240486145,0.3829445242881775,0.2293567806482315,0.3778318762779236,0.1976355016231537,0.40368199348449707,0.2777973413467407,0.4087214171886444,0.22587323188781738,0.41643038392066956,0.19643534719944,0.4243689179420471,0.17459842562675476,0.42139333486557007,0.2908863127231598,0.43743696808815,0.2449297159910202,0.4473950266838074,0.21463996171951294,0.4548598527908325,0.19191816449165344,0.4355127513408661,0.3030320107936859,0.4516737759113312,0.26413124799728394,0.4601796865463257,0.23524466156959534,0.4661215841770172,0.2128726989030838,0.44622841477394104,0.31321099400520325,0.46339765191078186,0.28450000286102295,0.47456756234169006,0.2664949893951416,0.48391300439834595,0.249673992395401
abacaxi,0.4904177784919739,0.7770009636878967,0.46968990564346313,0.8124438524246216,0.4490486979484558,0.8236151933670044,0.433627724647522,0.835440993309021,0.4212449789047241,0.8511465191841125,0.4323989450931549,0.7768888473510742,0.4035760462284088,0.7785685062408447,0.3868575096130371,0.7908268570899963,0.37437355518341064,0.8074268102645874,0.435064435005188,0.7741467356681824,0.40091192722320557,0.7786325216293335,0.38352859020233154,0.7961965203285217,0.37148869037628174,0.812234103679657,0.44145438075065613,0.7779563069343567,0.4104381203651428,0.7821837663650513,0.39465001225471497,0.7981761693954468,0.3835512101650238,0.8136177062988281,0.4491285979747772,0.7885260581970215,0.4326969087123871,0.7876564264297485,0.42086857557296753,0.7941563725471497,0.4104752540588379,0.8025566339492798
abacaxi,0.40905845165252686,0.2882246971130371,0.38764697313308716,0.2587409019470215,0.37502041459083557,0.2151646912097931,0.36498764157295227,0.17675745487213135,0.35630255937576294,0.15012666583061218,0.39714866876602173,0.20306947827339172,0.39796677231788635,0.14912843704223633,0.4003930389881134,0.1162538230419159,0.40315255522727966,0.09075546264648438,0.4156394898891449,0.20992574095726013,0.428474098443985,0.15972647070884705,0.43460968136787415,0.12724217772483826,0.4377281665802002,0.10251370072364807,0.429849773645401,0.2183530181646347,0.4440656304359436,0.17686542868614197,0.44843530654907227,0.14622846245765686,0.44975733757019043,0.12208416312932968,0.43988943099975586,0.2267327755689621,0.4571957588195801,0.19613151252269745,0.4670226275920868,0.17562301456928253,0.4739678204059601,0.15723702311515808
abacaxi,0.4110947251319885,0.27464932203292847,0.38971173763275146,0.24502161145210266,0.3766811192035675,0.20592522621154785,0.3680839240550995,0.17028740048408508,0.3614044189453125,0.1458686888217926,0.3987913429737091,0.18787936866283417,0.39826807379722595,0.1313745528459549,0.4001098573207855,0.09785233438014984,0.40232744812965393,0.0731426402926445,0.4171995520591736,0.19365134835243225,0.42975914478302,0.1406984180212021,0.4343031942844391,0.10672769695520401,0.4354991614818573,0.08231094479560852,0.4311116635799408,0.20127752423286438,0.4450799822807312,0.1572277545928955,0.4483204782009125,0.1249140277504921,0.4479525685310364,0.10159247368574142,0.44122928380966187,0.20976930856704712,0.4578648805618286,0.18126444518566132,0.4663548171520233,0.1595349907875061,0.47156915068626404,0.13991987705230713
abacaxi,0.41658827662467957,0.28441599011421204,0.3952164351940155,0.25615158677101135,0.3835243582725525,0.22216805815696716,0.37692010402679443,0.19064216315746307,0.3720622956752777,0.16786067187786102,0.4032881259918213,0.19873835146427155,0.40359050035476685,0.14379358291625977,0.40538448095321655,0.10954932868480682,0.40691810846328735,0.08465951681137085,0.4221855700016022,0.205595463514328,0.4341779947280884,0.15330304205417633,0.438281387090683,0.11865624040365219,0.43875986337661743,0.09286189079284668,0.4365365207195282,0.21218177676200867,0.4483141303062439,0.16700135171413422,0.4514651596546173,0.13465221226215363,0.45107388496398926,0.11083732545375824,0.4464905261993408,0.21850840747356415,0.46196359395980835,0.18925493955612183,0.4692396819591522,0.16696685552597046,0.47290727496147156,0.14686116576194763
abacaxi,0.41935598850250244,0.31443464756011963,0.3998352587223053,0.28707584738731384,0.3925742506980896,0.25287628173828125,0.3917689919471741,0.22140859067440033,0.3935670256614685,0.2002716362476349,0.41094234585762024,0.23401756584644318,0.41066303849220276,0.18250040709972382,0.4126737415790558,0.14985381066799164,0.41460058093070984,0.12539073824882507,0.4298340976238251,0.24026495218276978,0.44270581007003784,0.19180864095687866,0.44609880447387695,0.1588382124900818,0.4456947147846222,0.1343819797039032,0.4430222511291504,0.24737973511219025,0.457075297832489,0.20626071095466614,0.4590490460395813,0.17295536398887634,0.45812931656837463,0.148197740316391,0.45125913619995117,0.25486788153648376,0.46727442741394043,0.22679674625396729,0.47522416710853577,0.20538431406021118,0.4807223081588745,0.1867223083972931
abacaxi,0.48383235931396484,0.7298725247383118,0.4638640880584717,0.7625433206558228,0.4441792368888855,0.7747523188591003,0.4289381504058838,0.7882854342460632,0.415188193321228,0.8032136559486389,0.42516881227493286,0.7229548096656799,0.39510682225227356,0.7142062187194824,0.3761560022830963,0.7247098088264465,0.36353570222854614,0.7401217222213745,0.4274309575557709,0.7184513807296753,0.394447922706604,0.6972667574882507,0.37402674555778503,0.7105270624160767,0.3604130744934082,0.7268260717391968,0.43245139718055725,0.7220938801765442,0.4020324945449829,0.7084473371505737,0.38238954544067383,0.7230851650238037,0.3694095313549042,0.739506185054779,0.4382297992706299,0.7341858148574829,0.4189833700656891,0.7275780439376831,0.40414145588874817,0.7320755124092102,0.391472190618515,0.7389640808105469
abacaxi,0.485175758600235,0.7289798855781555,0.4649122655391693,0.763907790184021,0.44413530826568604,0.7769813537597656,0.42821234464645386,0.7915759086608887,0.41458210349082947,0.8076550364494324,0.4264056384563446,0.7256824970245361,0.3959086835384369,0.7266163229942322,0.37845316529273987,0.7423108816146851,0.3670006990432739,0.7601892352104187,0.4281715750694275,0.7207463979721069,0.39390280842781067,0.7051114439964294,0.3741685748100281,0.7192520499229431,0.36093831062316895,0.7346629500389099,0.4333949387073517,0.7255541682243347,0.40117669105529785,0.714693546295166,0.38234251737594604,0.7301127314567566,0.37050968408584595,0.7462944984436035,0.4390037953853607,0.739345908164978,0.41901105642318726,0.734144389629364,0.40416234731674194,0.7393474578857422,0.39191439747810364,0.7466761469841003
abacaxi,0.4831928312778473,0.7286112904548645,0.4636293053627014,0.7644789218902588,0.443250834941864,0.7772400379180908,0.4278220534324646,0.7921896576881409,0.41455942392349243,0.8086333274841309,0.425598680973053,0.7266785502433777,0.3953956961631775,0.7268258333206177,0.37780073285102844,0.7434060573577881,0.3667147159576416,0.7614715099334717,0.42803266644477844,0.7223612070083618,0.3942262828350067,0.7037273049354553,0.37430933117866516,0.71938556432724,0.3612534999847412,0.7354902029037476,0.43363240361213684,0.727450966835022,0.40263524651527405,0.7139907479286194,0.38368645310401917,0.7293984889984131,0.3718128502368927,0.7442843317985535,0.4391951858997345,0.7407106161117554,0.4193507432937622,0.7345063090324402,0.4044175148010254,0.7399281859397888,0.3921954929828644,0.7468910813331604
abacaxi,0.48274481296539307,0.7345343232154846,0.46258315443992615,0.7685459852218628,0.4420168101787567,0.7796428203582764,0.42686063051223755,0.7937098741531372,0.4136250615119934,0.8092774152755737,0.42563217878341675,0.7267698645591736,0.39629828929901123,0.7205051183700562,0.3781815469264984,0.7326584458351135,0.36634284257888794,0.7491459846496582,0.42746680974960327,0.7227449417114258,0.39434823393821716,0.7048269510269165,0.3740294277667999,0.7185515761375427,0.3601314425468445,0.7339041233062744,0.43238741159439087,0.7274346351623535,0.4008493721485138,0.717099130153656,0.3817744851112366,0.7351550459861755,0.369331955909729,0.7532923221588135,0.4375258684158325,0.7403706908226013,0.41768714785575867,0.7342226505279541,0.40282899141311646,0.7398263216018677,0.3900359570980072,0.7468938827514648
abacaxi,0.48261579871177673,0.7347328066825867,0.4622849225997925,0.768901526927948,0.44348710775375366,0.7815055251121521,0.4290139973163605,0.795743465423584,0.41514530777931213,0.812119722366333,0.4243089556694031,0.7287229895591736,0.3952707350254059,0.7212579846382141,0.37703749537467957,0.7328855991363525,0.3650397062301636,0.7484443783760071,0.4267502427101135,0.724536657333374,0.39420291781425476,0.705528199672699,0.37428751587867737,0.7203253507614136,0.36132046580314636,0.7363609671592712,0.43212684988975525,0.7285035848617554,0.40103083848953247,0.7165294885635376,0.38194775581359863,0.733962893486023,0.370048463344574,0.7512621283531189,0.4382469654083252,0.7411217093467712,0.4177769422531128,0.7341503500938416,0.4028495252132416,0.7402974963188171,0.39073437452316284,0.7480875849723816
abacaxi,0.48494160175323486,0.7348677515983582,0.462149053812027,0.7660903930664062,0.4425732493400574,0.778087317943573,0.4279898405075073,0.7939846515655518,0.4147386848926544,0.8115474581718445,0.4226466715335846,0.7274742126464844,0.3920803964138031,0.7312349081039429,0.378697007894516,0.7534494400024414,0.3723905682563782,0.7756628394126892,0.4259987473487854,0.7217867374420166,0.3908707797527313,0.7035569548606873,0.3725357949733734,0.7208119630813599,0.3612903356552124,0.7381120920181274,0.4323955774307251,0.7255644798278809,0.40098458528518677,0.7113953828811646,0.38241735100746155,0.7259012460708618,0.37105458974838257,0.7406520247459412,0.43932613730430603,0.7383552193641663,0.4200171232223511,0.7302263379096985,0.40483731031417847,0.7350372076034546,0.39289432764053345,0.7421349883079529
abacaxi,0.4855331778526306,0.7213714122772217,0.46458080410957336,0.7552865743637085,0.44454631209373474,0.7700520753860474,0.4300663471221924,0.7871725559234619,0.41640934348106384,0.8046093583106995,0.4212898015975952,0.7231072187423706,0.3917142152786255,0.7221240997314453,0.3777170479297638,0.740293025970459,0.3696242570877075,0.7606382966041565,0.4250217080116272,0.715790331363678,0.39203473925590515,0.7047465443611145,0.3744593858718872,0.7209860682487488,0.36327841877937317,0.7367480397224426,0.43256163597106934,0.7156781554222107,0.4031139016151428,0.7023974657058716,0.3858840763568878,0.7154908180236816,0.37502753734588623,0.7302436828613281,0.4417479932308197,0.7229598760604858,0.42316943407058716,0.7148166298866272,0.40870219469070435,0.7195829153060913,0.39713895320892334,0.727677047252655
abacaxi,0.4234478175640106,0.31348904967308044,0.4086010754108429,0.2757016122341156,0.4101794362068176,0.23887266218662262,0.41955146193504333,0.2094697803258896,0.4290531277656555,0.19141018390655518,0.4220729172229767,0.23722930252552032,0.4328855574131012,0.1884496808052063,0.4406505227088928,0.1592448502779007,0.4454890787601471,0.13982713222503662,0.4382268190383911,0.2528943717479706,0.4573122560977936,0.2059425562620163,0.46322736144065857,0.17610621452331543,0.46284088492393494,0.15703405439853668,0.4512503147125244,0.2656692862510681,0.4694078862667084,0.2245071679353714,0.47489815950393677,0.1939096450805664,0.47522222995758057,0.17264989018440247,0.4608095586299896,0.27672845125198364,0.48034611344337463,0.25048619508743286,0.49018943309783936,0.230003222823143,0.49591872096061707,0.21092724800109863
abacaxi,0.5106880068778992,0.7038706541061401,0.4869232475757599,0.7290570735931396,0.4606059491634369,0.7345120906829834,0.4419757127761841,0.7426561713218689,0.42718449234962463,0.7583106756210327,0.4408145546913147,0.6986253261566162,0.4157511591911316,0.6945431232452393,0.40479978919029236,0.7110903263092041,0.3992016613483429,0.7304064035415649,0.4452967345714569,0.6839319467544556,0.4159679114818573,0.6746495366096497,0.4030166268348694,0.6972780227661133,0.3968414068222046,0.7201734185218811,0.4540500044822693,0.6738294363021851,0.4256522059440613,0.6556638479232788,0.41116568446159363,0.6756428480148315,0.403401255607605,0.6986796855926514,0.4653756618499756,0.6692019701004028,0.44706469774246216,0.6569948792457581,0.4347858130931854,0.6661846041679382,0.42633795738220215,0.6812503337860107
abacaxi,0.416607141494751,0.36754053831100464,0.4118915796279907,0.32356545329093933,0.41930052638053894,0.2691613435745239,0.4333522319793701,0.23322255909442902,0.44750744104385376,0.21312487125396729,0.4241451025009155,0.2785133719444275,0.4552711248397827,0.2473592460155487,0.46829453110694885,0.23566804826259613,0.47377073764801025,0.23081500828266144,0.4326287508010864,0.30771946907043457,0.4683840572834015,0.2713411748409271,0.4832351505756378,0.25186875462532043,0.4895230531692505,0.23929543793201447,0.4419523775577545,0.33441492915153503,0.4753316640853882,0.30209535360336304,0.48601263761520386,0.2841498553752899,0.4879556894302368,0.27057865262031555,0.45109444856643677,0.35739409923553467,0.4759785830974579,0.3300624489784241,0.48219582438468933,0.31785842776298523,0.48171019554138184,0.3079130947589874
abacaxi,0.5455591678619385,0.6974272727966309,0.5231410264968872,0.7058051228523254,0.5003228187561035,0.6978552341461182,0.4838234484195709,0.6890755891799927,0.4697509706020355,0.6841185092926025,0.4880102872848511,0.6596395373344421,0.4692305624485016,0.646198034286499,0.46239566802978516,0.6614776849746704,0.462882399559021,0.6790825128555298,0.4934983253479004,0.6458386778831482,0.47245630621910095,0.624258816242218,0.4652606248855591,0.6412118077278137,0.4672224819660187,0.6615719199180603,0.5024381279945374,0.6354063153266907,0.4838445484638214,0.6095501780509949,0.47481194138526917,0.6231198310852051,0.473725825548172,0.6421400308609009,0.5146409869194031,0.628166675567627,0.5005632042884827,0.6066824197769165,0.49012747406959534,0.6112064123153687,0.48417943716049194,0.6246347427368164
abacaxi,0.5650173425674438,0.7269743084907532,0.5422540307044983,0.7357950210571289,0.5179222822189331,0.7239555716514587,0.5019806623458862,0.713735818862915,0.488407164812088,0.7060065269470215,0.5082931518554688,0.6795214414596558,0.4907998740673065,0.6575345993041992,0.4837319254875183,0.6711816787719727,0.48397403955459595,0.6879091858863831,0.5139612555503845,0.668728768825531,0.49422967433929443,0.6442040205001831,0.4866606593132019,0.6590408086776733,0.4874502420425415,0.6770440936088562,0.5219260454177856,0.6609953045845032,0.5035722851753235,0.6333414912223816,0.49423858523368835,0.646435558795929,0.49239444732666016,0.6636960506439209,0.532291054725647,0.6556313633918762,0.517047107219696,0.6320584416389465,0.5062721371650696,0.6373546719551086,0.5005571842193604,0.6497734785079956
abacaxi,0.5718238353729248,0.7677000164985657,0.5478681921958923,0.7761271595954895,0.5249122977256775,0.7633553743362427,0.5100914835929871,0.7523991465568542,0.4988043010234833,0.7428044676780701,0.5189729332923889,0.7212972640991211,0.5002495646476746,0.7002876996994019,0.4914480745792389,0.7200601696968079,0.4911300241947174,0.7390279769897461,0.5240921974182129,0.7108127474784851,0.5016283392906189,0.6886223554611206,0.49191662669181824,0.7128152251243591,0.49248021841049194,0.7332760691642761,0.5306897163391113,0.7058331370353699,0.509569525718689,0.6822384595870972,0.4985942840576172,0.7044278979301453,0.4970436990261078,0.7249382138252258,0.5389518737792969,0.7053133845329285,0.5227861404418945,0.6846478581428528,0.5112218856811523,0.6953813433647156,0.5060397386550903,0.7107619643211365
abacaxi,0.4345598816871643,0.7861279249191284,0.4503111243247986,0.7721885442733765,0.46830546855926514,0.7881782650947571,0.48518049716949463,0.8102797865867615,0.49944910407066345,0.8284923434257507,0.46821099519729614,0.8376975059509277,0.4946868419647217,0.8618705868721008,0.5071382522583008,0.8481994271278381,0.5112730860710144,0.8285576701164246,0.4677771031856537,0.8444733619689941,0.49431028962135315,0.8650602698326111,0.5083619356155396,0.8507986068725586,0.5129427313804626,0.8286784291267395,0.46849367022514343,0.8447843790054321,0.49275845289230347,0.8634666204452515,0.5050051808357239,0.8505467176437378,0.5112578272819519,0.831501305103302,0.47048747539520264,0.8419768214225769,0.4896542727947235,0.8550658226013184,0.5007017850875854,0.8494960069656372,0.5074406862258911,0.8370755314826965
abacaxi,0.5732434391975403,0.812454104423523,0.5544346570968628,0.8025112152099609,0.5365585684776306,0.7873303294181824,0.5219627618789673,0.7799339890480042,0.5104122757911682,0.7808898091316223,0.529954731464386,0.7589004039764404,0.49903813004493713,0.7630707621574402,0.4918673634529114,0.790469765663147,0.4938904345035553,0.8080464005470276,0.5325562953948975,0.7630294561386108,0.4986604154109955,0.7689491510391235,0.49264511466026306,0.7967587113380432,0.4957317113876343,0.8149183988571167,0.5348429679870605,0.7748021483421326,0.5038964152336121,0.7832931280136108,0.4993622899055481,0.8101420402526855,0.5028384923934937,0.8270910382270813,0.5367206335067749,0.7909191250801086,0.5131427049636841,0.7947109341621399,0.5066894292831421,0.8125985264778137,0.5065523386001587,0.8277931809425354
abacaxi,0.5688163042068481,0.8211545944213867,0.5516699552536011,0.8045799732208252,0.533221960067749,0.7894686460494995,0.5176891088485718,0.7857470512390137,0.5061832666397095,0.7921870946884155,0.5248816609382629,0.7684336304664612,0.4924537241458893,0.7728666663169861,0.489803284406662,0.7971892952919006,0.49515247344970703,0.8087695240974426,0.5273600220680237,0.77544766664505,0.4929085373878479,0.7876845598220825,0.4925979971885681,0.8124065399169922,0.49968963861465454,0.8238762021064758,0.5297695994377136,0.7892832159996033,0.4976447522640228,0.8038200736045837,0.4988274574279785,0.8272836208343506,0.506750226020813,0.8389385342597961,0.5320020914077759,0.8062641620635986,0.5052958726882935,0.8093782067298889,0.5031141042709351,0.8242446780204773,0.5077932476997375,0.8361770510673523
abacaxi,0.5628837943077087,0.8154126405715942,0.5465790629386902,0.7993018627166748,0.5273164510726929,0.7826128005981445,0.512191116809845,0.779194712638855,0.5013066530227661,0.7861044406890869,0.5184463858604431,0.7576252818107605,0.48686718940734863,0.7673968076705933,0.4903014600276947,0.7871001958847046,0.4988124966621399,0.7914954423904419,0.5220374464988708,0.7652753591537476,0.4891888499259949,0.7810916304588318,0.49528080224990845,0.7996932864189148,0.5042923092842102,0.8030130863189697,0.525399386882782,0.7784098982810974,0.4937652349472046,0.792822003364563,0.49980369210243225,0.8114220499992371,0.508892297744751,0.816288948059082,0.5288897156715393,0.7940439581871033,0.5029302835464478,0.8004370927810669,0.506252110004425,0.8126876950263977,0.5145499110221863,0.8182681798934937
abacaxi,0.5575168132781982,0.8150033354759216,0.5416365265846252,0.7947008609771729,0.5250534415245056,0.7751667499542236,0.5109016299247742,0.7682069540023804,0.4995129704475403,0.769941508769989,0.5185126066207886,0.746964693069458,0.4892204999923706,0.7550674676895142,0.4875994324684143,0.7749598622322083,0.492329478263855,0.7831149697303772,0.5213935971260071,0.7526384592056274,0.4891188442707062,0.7714332938194275,0.4945821166038513,0.793064534664154,0.503650426864624,0.8017240762710571,0.5237380862236023,0.7647770047187805,0.49261245131492615,0.7851011753082275,0.5004987120628357,0.8076573014259338,0.510714590549469,0.8170950412750244,0.5260885953903198,0.78003990650177,0.502480149269104,0.7901203036308289,0.5046149492263794,0.8036497831344604,0.5104487538337708,0.8116328716278076
abacaxi,0.5560833811759949,0.8133158087730408,0.5367113351821899,0.7997116446495056,0.5191092491149902,0.7791268229484558,0.5060654878616333,0.7688449621200562,0.49602997303009033,0.7680708169937134,0.51645427942276,0.7423142790794373,0.48498860001564026,0.7560650110244751,0.488785982131958,0.7798829674720764,0.4988892078399658,0.7861075401306152,0.5197591781616211,0.7485291361808777,0.48618364334106445,0.769542396068573,0.49313634634017944,0.7927922606468201,0.5038166642189026,0.800223708152771,0.5222303867340088,0.7609408497810364,0.48968786001205444,0.7814371585845947,0.49793124198913574,0.8047527074813843,0.5091994404792786,0.8136232495307922,0.524785041809082,0.7769057750701904,0.4994480013847351,0.7864406108856201,0.5029761791229248,0.801037073135376,0.5115553140640259,0.808775782585144
abacaxi,0.554656445980072,0.8204118609428406,0.5342327356338501,0.8063016533851624,0.5180357694625854,0.7847882509231567,0.5063354969024658,0.771592915058136,0.496747225522995,0.7690430879592896,0.5170542597770691,0.7465526461601257,0.4873640835285187,0.7580842971801758,0.488209992647171,0.7812133431434631,0.4957491159439087,0.7895865440368652,0.5206202268600464,0.7531951069831848,0.4886299669742584,0.7729103565216064,0.4935884475708008,0.7965980172157288,0.5030434131622314,0.806310772895813,0.5231319665908813,0.7657337188720703,0.49234551191329956,0.785332977771759,0.49905645847320557,0.8087438344955444,0.5093010663986206,0.8195377588272095,0.5254541039466858,0.7813097834587097,0.5024351477622986,0.7904210090637207,0.5037655830383301,0.8031458258628845,0.5095464587211609,0.8104333281517029
abacaxi,0.5550143718719482,0.8193978071212769,0.537805438041687,0.8034934401512146,0.5209539532661438,0.7834364175796509,0.5071601867675781,0.7749571800231934,0.49631381034851074,0.7765769958496094,0.5173571109771729,0.7488425374031067,0.4883694648742676,0.7592294812202454,0.4884722828865051,0.7798968553543091,0.4947887361049652,0.7867522239685059,0.5203971862792969,0.7574212551116943,0.48909828066825867,0.7760317325592041,0.4944590926170349,0.7964266538619995,0.5037910342216492,0.8033379316329956,0.522596001625061,0.771214485168457,0.4922032356262207,0.7897976636886597,0.499478816986084,0.809761643409729,0.50953209400177,0.817954957485199,0.5247260928153992,0.7876677513122559,0.501110851764679,0.7983698844909668,0.5048908591270447,0.8115381002426147,0.5127029418945312,0.8185231685638428
abandonar,0.40143465995788574,0.8324279189109802,0.42351070046424866,0.8476521968841553,0.4450644850730896,0.8733201026916504,0.4622330665588379,0.8919473886489868,0.4749140739440918,0.9038432836532593,0.4441162347793579,0.917434811592102,0.4775584936141968,0.9178491234779358,0.4747253954410553,0.8905692100524902,0.46277329325675964,0.8775877356529236,0.4449511468410492,0.9139030575752258,0.47723427414894104,0.9115564227104187,0.47390228509902954,0.8846117258071899,0.46153780817985535,0.875635027885437,0.4462805390357971,0.9040231108665466,0.47605177760124207,0.9048449993133545,0.47359350323677063,0.8776162266731262,0.4618428945541382,0.8676869869232178,0.4479529857635498,0.8917436599731445,0.4717712104320526,0.8900593519210815,0.46883389353752136,0.8699643611907959,0.45788779854774475,0.8613409399986267
abandonar,0.5415693521499634,0.8158041834831238,0.5040528178215027,0.80914306640625,0.47779345512390137,0.7725503444671631,0.46280863881111145,0.7413160800933838,0.45512354373931885,0.717393159866333,0.5067589282989502,0.6719300150871277,0.47224316000938416,0.6575704216957092,0.4662187993526459,0.6901415586471558,0.4727037847042084,0.7150269746780396,0.5114768743515015,0.663265585899353,0.4752657413482666,0.6520122289657593,0.46943026781082153,0.6872595548629761,0.4781543016433716,0.7090467810630798,0.5126793384552002,0.6655945777893066,0.4771935045719147,0.6584116220474243,0.47257480025291443,0.6912112236022949,0.4816648066043854,0.7078889608383179,0.5113356709480286,0.6753655076026917,0.481570303440094,0.673607587814331,0.47855284810066223,0.699184238910675,0.4863647222518921,0.7143067717552185
abandonar,0.36705756187438965,0.7559187412261963,0.40427348017692566,0.7419872283935547,0.4238031506538391,0.701423704624176,0.4336578845977783,0.6706348657608032,0.44042521715164185,0.6491408944129944,0.4128227233886719,0.6510663032531738,0.4097234010696411,0.5899035930633545,0.414498507976532,0.5912965536117554,0.41905495524406433,0.6074782609939575,0.3997171223163605,0.6578835844993591,0.3922659158706665,0.6114826798439026,0.4003242552280426,0.6224838495254517,0.40713584423065186,0.6431477069854736,0.38571274280548096,0.676409900188446,0.37458547949790955,0.6383415460586548,0.38059478998184204,0.6435272097587585,0.3864086866378784,0.6541098952293396,0.37155604362487793,0.7012364864349365,0.3556949198246002,0.6709479689598083,0.35320356488227844,0.6648527979850769,0.35274603962898254,0.6645254492759705
abandonar,0.5633372068405151,0.810500979423523,0.540237545967102,0.7816408276557922,0.523247241973877,0.7487852573394775,0.5117366909980774,0.727802574634552,0.49996399879455566,0.7137435674667358,0.5349780917167664,0.6759217381477356,0.5355824828147888,0.6157119274139404,0.5227563381195068,0.6203497648239136,0.5108238458633423,0.6395320892333984,0.5510227084159851,0.6804254055023193,0.5441122651100159,0.6419119834899902,0.5308488011360168,0.6679338216781616,0.5238144397735596,0.6981672644615173,0.5678738951683044,0.6917127370834351,0.5718666315078735,0.6408742070198059,0.5584196448326111,0.6415322422981262,0.5466890335083008,0.6518756151199341,0.5844914317131042,0.7090826034545898,0.5982722640037537,0.6708543300628662,0.6025974154472351,0.6459105014801025,0.6050485968589783,0.6222402453422546
abandonar,0.5800148844718933,0.8094759583473206,0.5542094111442566,0.7863218188285828,0.5360514521598816,0.7552465200424194,0.5250518321990967,0.7334733009338379,0.5284038782119751,0.715119481086731,0.5517864227294922,0.6794535517692566,0.5524730086326599,0.6099605560302734,0.5382752418518066,0.6199432611465454,0.526892364025116,0.647765040397644,0.5653573870658875,0.6841710805892944,0.5569520592689514,0.6478727459907532,0.5435385704040527,0.6768635511398315,0.5384898781776428,0.7068026065826416,0.5812472105026245,0.6941019296646118,0.5844366550445557,0.6445666551589966,0.5719548463821411,0.6508450508117676,0.5620714426040649,0.6653233766555786,0.5964629650115967,0.7082468867301941,0.6093249917030334,0.668145477771759,0.6149792075157166,0.6407113671302795,0.6204494833946228,0.6141349077224731
abandonar,0.3548172116279602,0.691660463809967,0.3827310800552368,0.6725479960441589,0.40149548649787903,0.6480937004089355,0.40993642807006836,0.6321145296096802,0.4059365391731262,0.6175384521484375,0.3852284252643585,0.5805155038833618,0.3824785053730011,0.5210664868354797,0.3897346556186676,0.5103448033332825,0.3977462351322174,0.5131981372833252,0.3721145689487457,0.5848150253295898,0.372955322265625,0.5444559454917908,0.38426563143730164,0.5476022958755493,0.39434051513671875,0.5606036186218262,0.35797205567359924,0.5970335602760315,0.35154110193252563,0.5554401874542236,0.35543549060821533,0.5546841621398926,0.3598385155200958,0.5620661973953247,0.3445338308811188,0.617856502532959,0.32959604263305664,0.58404940366745,0.3227757513523102,0.5630538463592529,0.31873905658721924,0.5465198755264282
abandonar,0.35072726011276245,0.6357212662696838,0.37630268931388855,0.6245172023773193,0.39314547181129456,0.6076552271842957,0.4031529128551483,0.6020735502243042,0.40471166372299194,0.6002773642539978,0.38196250796318054,0.542251706123352,0.38451310992240906,0.48670876026153564,0.3932182192802429,0.485612154006958,0.4000634253025055,0.49916747212409973,0.3679663836956024,0.5452451109886169,0.37356090545654297,0.5218395590782166,0.38163647055625916,0.5389087200164795,0.3851582109928131,0.5598699450492859,0.35209476947784424,0.5560699105262756,0.3488094210624695,0.5251747965812683,0.3511442244052887,0.5228210091590881,0.3519881069660187,0.5241183638572693,0.33658546209335327,0.5723361372947693,0.32312843203544617,0.5466015338897705,0.3169935345649719,0.5320472717285156,0.3127725124359131,0.5187830924987793
abandonar,0.3388729691505432,0.5963265895843506,0.36985522508621216,0.5784962177276611,0.39316481351852417,0.5579289793968201,0.4044104814529419,0.5476687550544739,0.408109188079834,0.5570997595787048,0.3782362937927246,0.5375339984893799,0.38798269629478455,0.5069648623466492,0.3924083709716797,0.504174530506134,0.3950691819190979,0.5143712162971497,0.3622221350669861,0.547368586063385,0.35992470383644104,0.5324883460998535,0.3595513701438904,0.531920850276947,0.3595210313796997,0.5356174111366272,0.34596022963523865,0.5627939701080322,0.3392564654350281,0.5461851358413696,0.3382572531700134,0.5426570773124695,0.3375473618507385,0.5413574576377869,0.33270642161369324,0.5776543021202087,0.3193923830986023,0.5565198063850403,0.31162557005882263,0.539676308631897,0.30645060539245605,0.5260146856307983
abandonar,0.34361985325813293,0.5763294100761414,0.3709215819835663,0.5964080095291138,0.38774678111076355,0.6486510634422302,0.39657357335090637,0.6956344246864319,0.41255930066108704,0.7267574071884155,0.3726934790611267,0.6785171627998352,0.37442678213119507,0.7485013008117676,0.37539517879486084,0.7953017950057983,0.3759131133556366,0.8340368270874023,0.3519388437271118,0.6779334545135498,0.3476015627384186,0.7397075891494751,0.345135360956192,0.7796016335487366,0.3425297737121582,0.8116710782051086,0.33184075355529785,0.6656350493431091,0.32714393734931946,0.7281841039657593,0.3244216740131378,0.770770788192749,0.32135209441185,0.808095395565033,0.31315964460372925,0.6461031436920166,0.30425524711608887,0.6880356669425964,0.2973472476005554,0.7156798243522644,0.290604829788208,0.740501880645752
abandonar,0.3335215449333191,0.688457727432251,0.36471933126449585,0.7161169052124023,0.3849719762802124,0.7665886282920837,0.3978693187236786,0.8046804070472717,0.40234047174453735,0.8308356404304504,0.38101065158843994,0.8069196939468384,0.37879884243011475,0.8685769438743591,0.3720555901527405,0.8881392478942871,0.3653337359428406,0.8943504095077515,0.3603156805038452,0.8162543177604675,0.3632671535015106,0.9019933342933655,0.3607497215270996,0.9641650915145874,0.3568761646747589,1.013384461402893,0.33786261081695557,0.8130546808242798,0.32741010189056396,0.8847326636314392,0.31604519486427307,0.9308277368545532,0.30739229917526245,0.9669694304466248,0.316172331571579,0.7999141216278076,0.29987701773643494,0.8351435661315918,0.28782737255096436,0.8578072190284729,0.277751088142395,0.8762900829315186
abandonar,0.6096040606498718,0.7796673774719238,0.5798064470291138,0.803541362285614,0.5622801184654236,0.8695887923240662,0.5467833280563354,0.9201825857162476,0.5272033214569092,0.9349061846733093,0.5671287178993225,0.8824735283851624,0.5593472123146057,0.9466246962547302,0.5595059990882874,0.9856617450714111,0.56041020154953,1.0117429494857788,0.5885741710662842,0.8946120738983154,0.5862048864364624,0.9691420793533325,0.5854435563087463,1.0115214586257935,0.5858754515647888,1.0400443077087402,0.6093123555183411,0.8940054178237915,0.6141183376312256,0.958572506904602,0.6168506145477295,0.9985364079475403,0.6195753812789917,1.0293594598770142,0.626907467842102,0.8831784129142761,0.643123209476471,0.9101297855377197,0.656145453453064,0.9222766757011414,0.6663141846656799,0.9315961599349976
abandonar,0.3283050060272217,0.7413917779922485,0.3622032105922699,0.761925220489502,0.38336533308029175,0.8153658509254456,0.3991231918334961,0.8610907196998596,0.4168757498264313,0.8790315985679626,0.3741360604763031,0.851422905921936,0.3826005458831787,0.9053154587745667,0.3792267441749573,0.9378536939620972,0.3731861710548401,0.9609305262565613,0.35202011466026306,0.8664993047714233,0.35765811800956726,0.9369157552719116,0.3581371307373047,0.981834352016449,0.35599032044410706,1.016177773475647,0.3303549885749817,0.8701294660568237,0.32502660155296326,0.9377415180206299,0.3181179165840149,0.9812864661216736,0.31115955114364624,1.0147995948791504,0.31233808398246765,0.8638752698898315,0.29723450541496277,0.8980456590652466,0.2853735089302063,0.9214266538619995,0.27454859018325806,0.9423747062683105
abandonar,0.6080941557884216,0.7707156538963318,0.5778728127479553,0.7945491671562195,0.5601966381072998,0.8596495389938354,0.5460211634635925,0.9104658961296082,0.527696430683136,0.9297619462013245,0.5661665797233582,0.871676504611969,0.5580785870552063,0.930062472820282,0.5591790676116943,0.9648956656455994,0.5619842410087585,0.9897988438606262,0.5868396759033203,0.8851850032806396,0.5852660536766052,0.9583790302276611,0.5855509638786316,1.0016523599624634,0.5876603126525879,1.033272624015808,0.6078276038169861,0.8853170275688171,0.6148017048835754,0.9486918449401855,0.6189578771591187,0.9895581007003784,0.6233714818954468,1.0230190753936768,0.625740110874176,0.8745574951171875,0.6419736742973328,0.8976025581359863,0.6552985906600952,0.9055171608924866,0.6667543649673462,0.9130468368530273
abandonar,0.3356396555900574,0.6936652660369873,0.3686436712741852,0.709007740020752,0.39455029368400574,0.7533486485481262,0.4162648320198059,0.7890709638595581,0.43565571308135986,0.7980433702468872,0.38510867953300476,0.7847042083740234,0.39156216382980347,0.8395458459854126,0.3871183395385742,0.8655961155891418,0.3800585865974426,0.8842744827270508,0.3651283383369446,0.8022259473800659,0.376615971326828,0.8778225779533386,0.37956082820892334,0.9323249459266663,0.37912046909332275,0.9774508476257324,0.34399470686912537,0.8085154294967651,0.34173113107681274,0.873028576374054,0.3352581858634949,0.9209070801734924,0.3291684687137604,0.9588598608970642,0.3244434893131256,0.8059260845184326,0.3103844225406647,0.8431499600410461,0.29857751727104187,0.8685020804405212,0.28798598051071167,0.890290379524231
abandonar,0.5825716853141785,0.709758996963501,0.5466702580451965,0.7152751684188843,0.5209107995033264,0.7281066179275513,0.5050718784332275,0.7488127946853638,0.5041210055351257,0.7724971771240234,0.5168571472167969,0.6620211601257324,0.5129256248474121,0.7012453079223633,0.5183412432670593,0.7384487390518188,0.5274744033813477,0.761444628238678,0.5380355715751648,0.6619463562965393,0.535942554473877,0.7239710688591003,0.5426669716835022,0.7674621343612671,0.5526478886604309,0.7900642156600952,0.5594051480293274,0.6712753176689148,0.5557348132133484,0.7314940690994263,0.5609490871429443,0.7705827951431274,0.5700539350509644,0.793710470199585,0.5788486003875732,0.6862122416496277,0.5751042366027832,0.7365303039550781,0.5784286856651306,0.7667521834373474,0.5838708281517029,0.7836068868637085
abandonar,0.5778049826622009,0.7196342349052429,0.546359658241272,0.7016908526420593,0.5200815200805664,0.6601750254631042,0.5009981393814087,0.6283557415008545,0.4919693171977997,0.6044220924377441,0.5482546091079712,0.5792819857597351,0.5154595971107483,0.5493400692939758,0.4965711534023285,0.5747634768486023,0.49155136942863464,0.6023037433624268,0.5536715984344482,0.5750614404678345,0.5153889060020447,0.5500374436378479,0.49676787853240967,0.5792099833488464,0.49412593245506287,0.6073798537254333,0.5567920804023743,0.5809423923492432,0.5201085805892944,0.560381293296814,0.5026883482933044,0.5888823866844177,0.4996715188026428,0.6165173649787903,0.5580522418022156,0.5951767563819885,0.5283739566802979,0.5809990763664246,0.5138794183731079,0.5969371795654297,0.5094056129455566,0.6166226267814636
abandonar,0.5527476072311401,0.7293832302093506,0.5216386914253235,0.719154953956604,0.49666455388069153,0.6831129193305969,0.48000192642211914,0.6571372151374817,0.4702739715576172,0.6396831274032593,0.5143863558769226,0.5908522605895996,0.48491767048835754,0.5803439021110535,0.4662852883338928,0.6085837483406067,0.4599481225013733,0.6369667053222656,0.5178373456001282,0.5828509330749512,0.4835990071296692,0.5767976641654968,0.4660198986530304,0.6098174452781677,0.4618242084980011,0.6425432562828064,0.5204256176948547,0.5846009254455566,0.48673492670059204,0.5815008282661438,0.46872448921203613,0.6127640008926392,0.462631493806839,0.6458690166473389,0.5231493711471558,0.5956101417541504,0.4928775429725647,0.5983477234840393,0.4777757227420807,0.6175862550735474,0.4705544710159302,0.6407652497291565
abandonar,0.5393441915512085,0.7695777416229248,0.5078958868980408,0.7646848559379578,0.4888674318790436,0.7331217527389526,0.47745364904403687,0.7029582262039185,0.46842527389526367,0.6782146096229553,0.494204044342041,0.6520063281059265,0.46507400274276733,0.6330608129501343,0.4531742036342621,0.6672059893608093,0.4561401903629303,0.6967364549636841,0.497383713722229,0.6475927233695984,0.4631991684436798,0.6308514475822449,0.45197927951812744,0.6701887845993042,0.4581393003463745,0.6973491907119751,0.5007668137550354,0.6509616374969482,0.4655936360359192,0.6395086050033569,0.45592477917671204,0.6795352697372437,0.4629307985305786,0.7080366611480713,0.5035102367401123,0.6611443161964417,0.47412732243537903,0.6573275327682495,0.46440359950065613,0.6845057010650635,0.46811071038246155,0.7090660929679871
abandonar,0.5318838953971863,0.7923564314842224,0.4967028498649597,0.7867818474769592,0.48060494661331177,0.756054162979126,0.4701114296913147,0.728868842124939,0.4616015553474426,0.7070345878601074,0.48656073212623596,0.6864002346992493,0.4579768180847168,0.675534725189209,0.4536482095718384,0.704241156578064,0.46110472083091736,0.7207258939743042,0.4900425672531128,0.6832577586174011,0.45639726519584656,0.6738632917404175,0.45223894715309143,0.7085833549499512,0.4629548192024231,0.7197774052619934,0.49376484751701355,0.6880062222480774,0.4605529010295868,0.6806376576423645,0.45653852820396423,0.7140904068946838,0.4679482877254486,0.7259320616722107,0.4963962435722351,0.6988919973373413,0.46922171115875244,0.698401153087616,0.46350643038749695,0.720284640789032,0.47132760286331177,0.7328860759735107
abandonar,0.5275998115539551,0.7934564352035522,0.49216997623443604,0.7839097380638123,0.47385719418525696,0.754659116268158,0.4613516926765442,0.7340139746665955,0.4513722062110901,0.7165755033493042,0.484923392534256,0.6873009204864502,0.45254847407341003,0.6908007860183716,0.4533044099807739,0.7201715111732483,0.46218302845954895,0.7319532632827759,0.48912733793258667,0.6909882426261902,0.45347946882247925,0.6967597007751465,0.45671558380126953,0.7278047204017639,0.46701496839523315,0.7387539744377136,0.4918278753757477,0.7020694613456726,0.45791471004486084,0.708236813545227,0.4630321264266968,0.7368680834770203,0.47429797053337097,0.7477326989173889,0.4931625723838806,0.7185893058776855,0.4666232466697693,0.7197797894477844,0.4679418206214905,0.7376846671104431,0.4764634072780609,0.7481081485748291
abandonar,0.39237672090530396,0.7497006058692932,0.4141099750995636,0.7226338982582092,0.4417022466659546,0.738160252571106,0.46425962448120117,0.7609717845916748,0.4820159673690796,0.7756375074386597,0.44827085733413696,0.8045458197593689,0.48142209649086,0.7785869836807251,0.4706803858280182,0.7532491683959961,0.45634785294532776,0.752977192401886,0.4465027153491974,0.8163570761680603,0.47708457708358765,0.7863057255744934,0.4684969484806061,0.7610062956809998,0.4564604163169861,0.759745180606842,0.44457465410232544,0.8147996664047241,0.4724292457103729,0.7865860462188721,0.464429646730423,0.7627319693565369,0.45239898562431335,0.7605494856834412,0.4445265233516693,0.8067068457603455,0.465423583984375,0.7830862998962402,0.45824292302131653,0.7646763920783997,0.44756680727005005,0.7638176083564758
abandonar,0.47106117010116577,0.6647025942802429,0.48241177201271057,0.6392825245857239,0.5009667873382568,0.6203951239585876,0.5188957452774048,0.6141526103019714,0.5334174036979675,0.6070814728736877,0.49679210782051086,0.609377384185791,0.5258843898773193,0.6148911118507385,0.539126455783844,0.6280325055122375,0.5445945262908936,0.6410663723945618,0.4936119616031647,0.628418505191803,0.5258471965789795,0.6323823928833008,0.5391736030578613,0.6483832597732544,0.542777955532074,0.6614837646484375,0.4917205572128296,0.6516228318214417,0.5227946639060974,0.6553501486778259,0.534970760345459,0.6683087944984436,0.5394693613052368,0.6767367124557495,0.4911865293979645,0.6750113368034363,0.5158224701881409,0.6772381663322449,0.5279909372329712,0.6830544471740723,0.5350762605667114,0.6866826415061951
abandonar,0.4648049473762512,0.6749067902565002,0.48406165838241577,0.6613143086433411,0.504417359828949,0.6525508761405945,0.5191764235496521,0.659270167350769,0.5288074016571045,0.6686386466026306,0.5104902386665344,0.6225329041481018,0.5328852534294128,0.6555623412132263,0.5291398167610168,0.6661757230758667,0.5228851437568665,0.6646214723587036,0.5056169033050537,0.631395161151886,0.5300701856613159,0.6629167199134827,0.5263803601264954,0.6718634963035583,0.5197219848632812,0.669743001461029,0.5015901327133179,0.6466395854949951,0.5254204869270325,0.6730828285217285,0.5208911299705505,0.6819589138031006,0.5136208534240723,0.6800164580345154,0.4979917109012604,0.6659281253814697,0.5189351439476013,0.6807510852813721,0.5176342725753784,0.6886275410652161,0.5129116773605347,0.6899416446685791
abandonar,0.4631373882293701,0.6820676922798157,0.4864357113838196,0.6920206546783447,0.50716233253479,0.6851961612701416,0.5204627513885498,0.6825353503227234,0.5308904647827148,0.6788135766983032,0.5143262147903442,0.6255297064781189,0.5320698022842407,0.6598280668258667,0.5253827571868896,0.6759131550788879,0.516913115978241,0.6785684823989868,0.5096597075462341,0.6286913752555847,0.5290817022323608,0.6658669710159302,0.5216527581214905,0.6793938875198364,0.5127160549163818,0.6800031065940857,0.5056241154670715,0.6406880021095276,0.5243778824806213,0.6759823560714722,0.5168370008468628,0.6867706179618835,0.5084528923034668,0.6849837303161621,0.5021020174026489,0.6574652194976807,0.5178958177566528,0.6858819127082825,0.5116279721260071,0.6945398449897766,0.5047000050544739,0.6928777098655701
abandonar,0.5651302933692932,0.7088544368743896,0.555279016494751,0.6667512059211731,0.5368013381958008,0.6553928256034851,0.5197235941886902,0.6561665534973145,0.5069897174835205,0.6594551801681519,0.5206311345100403,0.7037216424942017,0.49383726716041565,0.699792742729187,0.49805739521980286,0.6852492690086365,0.5056454539299011,0.6799538135528564,0.5191307663917542,0.7201465368270874,0.4973158538341522,0.7015726566314697,0.5042946338653564,0.6819027066230774,0.5129476189613342,0.6784801483154297,0.5193683505058289,0.7265431880950928,0.5006378293037415,0.7050647139549255,0.5072696208953857,0.6883392930030823,0.515017569065094,0.6854826211929321,0.5202197432518005,0.7267671227455139,0.5041284561157227,0.7097605466842651,0.5078160166740417,0.6939743161201477,0.514880359172821,0.6908324956893921
abandonar,0.565492570400238,0.7033195495605469,0.553187906742096,0.6648503541946411,0.5336526036262512,0.6542837023735046,0.515160858631134,0.6537768244743347,0.5010566115379333,0.6572994589805603,0.516609787940979,0.7063060402870178,0.4910767078399658,0.6935907602310181,0.49883973598480225,0.677299976348877,0.5089094042778015,0.6752996444702148,0.5165187120437622,0.7233904004096985,0.4961620271205902,0.6983705759048462,0.503892719745636,0.6806711554527283,0.5122976899147034,0.6811975836753845,0.5182037353515625,0.7309318780899048,0.5006358623504639,0.7069055438041687,0.5067854523658752,0.6931701898574829,0.5144301652908325,0.6940890550613403,0.5198147892951965,0.7326935529708862,0.5047605633735657,0.7135059237480164,0.5079869627952576,0.7008129954338074,0.5146512985229492,0.700470507144928
abandonar,0.5631843209266663,0.699895441532135,0.551734983921051,0.6618202328681946,0.5319533944129944,0.647438645362854,0.5138131976127625,0.6448977589607239,0.5002133846282959,0.6490644812583923,0.516011118888855,0.6987897753715515,0.4886292815208435,0.6917441487312317,0.4945698380470276,0.6764276623725891,0.5039499998092651,0.6727328896522522,0.5165871977806091,0.7182168960571289,0.49405837059020996,0.6992046236991882,0.4997655153274536,0.6808616518974304,0.5080165266990662,0.6784425973892212,0.5186486840248108,0.7283977270126343,0.4992663860321045,0.7084600329399109,0.5039921402931213,0.6937199234962463,0.5114811062812805,0.6921287178993225,0.5206515789031982,0.7317377328872681,0.5041295886039734,0.7156590819358826,0.5064716339111328,0.7026489973068237,0.5129951238632202,0.7005811333656311
abelha,0.4414888024330139,0.820368230342865,0.4572959542274475,0.7985337376594543,0.47869908809661865,0.8090334534645081,0.49887892603874207,0.828179657459259,0.5143873691558838,0.8450654745101929,0.4873068034648895,0.8676312565803528,0.512671947479248,0.8538920879364014,0.5066946148872375,0.8327680230140686,0.49551668763160706,0.8276154398918152,0.48505038022994995,0.8820655345916748,0.5092112421989441,0.8630616664886475,0.5046550631523132,0.8417298793792725,0.49439162015914917,0.8349106907844543,0.48292651772499084,0.8850529789924622,0.504466712474823,0.8641757965087891,0.5002768635749817,0.845399022102356,0.49079430103302,0.8400459885597229,0.4832654893398285,0.8825221061706543,0.5005468130111694,0.864625871181488,0.4971836805343628,0.850756049156189,0.4899819493293762,0.847952663898468
abelha,0.546778678894043,0.8332010507583618,0.5270798802375793,0.8119633197784424,0.5059529542922974,0.7908921837806702,0.48720884323120117,0.783276379108429,0.472709596157074,0.7828125953674316,0.5099139213562012,0.7628754377365112,0.48409920930862427,0.7823950052261353,0.4813714623451233,0.8020973205566406,0.4827238917350769,0.8061518669128418,0.5174568295478821,0.7758885622024536,0.4902212917804718,0.7985768914222717,0.4881017208099365,0.8152692317962646,0.48997023701667786,0.8192421793937683,0.5236617922782898,0.7938985824584961,0.49810582399368286,0.8146842122077942,0.4974493384361267,0.8279139995574951,0.4999871253967285,0.8303995132446289,0.5284684896469116,0.8140836358070374,0.5067039132118225,0.8278494477272034,0.506549596786499,0.8376091718673706,0.5096990466117859,0.8407813310623169
abelha,0.42000797390937805,0.7963193655014038,0.44434627890586853,0.7767659425735474,0.4694603979587555,0.7930711507797241,0.4890526235103607,0.8223243355751038,0.5062368512153625,0.8369939923286438,0.4579189419746399,0.8228929042816162,0.4812923073768616,0.8636954426765442,0.4963250160217285,0.886227548122406,0.5082528591156006,0.9023609161376953,0.44550684094429016,0.8493291735649109,0.46738117933273315,0.8982000946998596,0.4847375750541687,0.9226052761077881,0.497740238904953,0.9372357130050659,0.4362941086292267,0.8690347671508789,0.45254671573638916,0.9188658595085144,0.46923109889030457,0.9414064884185791,0.48290660977363586,0.9523634314537048,0.4294998049736023,0.8821198344230652,0.4384992718696594,0.9254127144813538,0.4493773877620697,0.9439734816551208,0.4601919651031494,0.9508528113365173
abelha,0.546134889125824,0.8265542387962341,0.524770200252533,0.8082658052444458,0.4993577003479004,0.7957984805107117,0.47712451219558716,0.7945264577865601,0.4603327810764313,0.7947597503662109,0.49934110045433044,0.7677733898162842,0.4696795642375946,0.7945614457130432,0.4692371189594269,0.818329930305481,0.47572240233421326,0.8293002247810364,0.5051454901695251,0.7807597517967224,0.4727841317653656,0.8125653266906738,0.47333377599716187,0.8353422284126282,0.47924885153770447,0.845390796661377,0.510336697101593,0.8001214265823364,0.4802311360836029,0.8286322355270386,0.48028403520584106,0.8469796180725098,0.48584043979644775,0.8544095754623413,0.5154548287391663,0.8213073015213013,0.4906371533870697,0.8405900001525879,0.48891502618789673,0.8543819189071655,0.4918445944786072,0.8614736795425415
abelha,0.5486516952514648,0.8245912790298462,0.524074912071228,0.8115342259407043,0.4972127676010132,0.7989810705184937,0.4746541380882263,0.7964332699775696,0.4582340717315674,0.7950072288513184,0.49592307209968567,0.7675012350082397,0.466665655374527,0.7946087121963501,0.4662194848060608,0.8202090859413147,0.4723362922668457,0.8330205082893372,0.5017076134681702,0.7789392471313477,0.46966636180877686,0.812199056148529,0.46978193521499634,0.8364394307136536,0.4755880832672119,0.8482189774513245,0.506931483745575,0.7975162267684937,0.4774215817451477,0.8279743194580078,0.477283239364624,0.8478553295135498,0.4828348457813263,0.856428325176239,0.5122383832931519,0.8186547756195068,0.487897664308548,0.8396956324577332,0.48517560958862305,0.854889452457428,0.4869624376296997,0.8632783889770508
abelha,0.5434104800224304,0.8186584115028381,0.5215365886688232,0.8056073188781738,0.49508586525917053,0.7949061989784241,0.4723692238330841,0.7946913242340088,0.45575761795043945,0.7970303893089294,0.49241140484809875,0.7668405771255493,0.46361130475997925,0.798200249671936,0.4644421339035034,0.8199718594551086,0.4710450768470764,0.8283262252807617,0.4981662333011627,0.7788633704185486,0.4667509198188782,0.8143261075019836,0.4685439169406891,0.8339439630508423,0.4740447402000427,0.8418219685554504,0.5033347606658936,0.7967690229415894,0.4737933576107025,0.8296070694923401,0.4753481149673462,0.8475087285041809,0.48055604100227356,0.8537391424179077,0.5089796185493469,0.8169864416122437,0.4838651418685913,0.8400930166244507,0.4821142256259918,0.8551496267318726,0.4841803014278412,0.8625894784927368
abelha,0.5424028038978577,0.8178835511207581,0.5203365087509155,0.8036305904388428,0.49365344643592834,0.7936261296272278,0.47044479846954346,0.7931722402572632,0.4536764323711395,0.7979961633682251,0.4903372526168823,0.7677647471427917,0.46149319410324097,0.8007826805114746,0.4639813303947449,0.8207625150680542,0.47150859236717224,0.8256715536117554,0.4964200556278229,0.7803099751472473,0.4654179811477661,0.816723644733429,0.4681766927242279,0.8338931798934937,0.47395598888397217,0.838912308216095,0.5020071268081665,0.7984626293182373,0.47315019369125366,0.8320760726928711,0.47463688254356384,0.8479623794555664,0.47972920536994934,0.8526748418807983,0.508034884929657,0.8187215924263,0.48313724994659424,0.8413393497467041,0.4806511402130127,0.8550041913986206,0.4820256233215332,0.8620073795318604
abelha,0.5373081564903259,0.8212053179740906,0.5152366161346436,0.8078988790512085,0.4895935356616974,0.7970595359802246,0.46780529618263245,0.7965103983879089,0.45135074853897095,0.7972572445869446,0.4880705773830414,0.7678884267807007,0.45996150374412537,0.7973843216896057,0.46098554134368896,0.8205474019050598,0.46795952320098877,0.8293135762214661,0.49362078309059143,0.7807531356811523,0.46305161714553833,0.8152671456336975,0.4644246995449066,0.8370879888534546,0.4710458219051361,0.8454839587211609,0.49871185421943665,0.7998891472816467,0.47046852111816406,0.8321279287338257,0.4714801609516144,0.8503283858299255,0.47756925225257874,0.8567286133766174,0.5042306184768677,0.8207071423530579,0.48110395669937134,0.8438954949378967,0.47937044501304626,0.8592780828475952,0.4815661609172821,0.8672642707824707
abelha,0.4047115445137024,0.302908331155777,0.4123042821884155,0.270979642868042,0.41630053520202637,0.23615552484989166,0.42413878440856934,0.21199510991573334,0.4297028183937073,0.1920969933271408,0.38885393738746643,0.20827966928482056,0.40143969655036926,0.1856878101825714,0.4166828691959381,0.18314608931541443,0.43063125014305115,0.186639666557312,0.37912940979003906,0.20916055142879486,0.36972662806510925,0.1693078875541687,0.3680972158908844,0.1373259425163269,0.367481529712677,0.11346768587827682,0.3734656572341919,0.22404992580413818,0.3542688488960266,0.19160015881061554,0.3454277217388153,0.16525670886039734,0.34003305435180664,0.14400839805603027,0.37308624386787415,0.2493385672569275,0.35271432995796204,0.2393951267004013,0.34042567014694214,0.22447293996810913,0.33074110746383667,0.20912620425224304
abelha,0.4203091263771057,0.36465364694595337,0.44194838404655457,0.33924320340156555,0.45413610339164734,0.3045148253440857,0.4647356867790222,0.28445154428482056,0.47517848014831543,0.27387118339538574,0.43530818819999695,0.26846829056739807,0.4533359706401825,0.2510879933834076,0.46647030115127563,0.2518063187599182,0.47940313816070557,0.2561253309249878,0.4296875,0.26693645119667053,0.4442828297615051,0.24030746519565582,0.45839783549308777,0.2292134165763855,0.47208163142204285,0.22095371782779694,0.4231933057308197,0.2747958302497864,0.4272927939891815,0.23641197383403778,0.4342121481895447,0.2135942280292511,0.4415832459926605,0.1943293660879135,0.416758269071579,0.2903982400894165,0.41187387704849243,0.2669921815395355,0.40934497117996216,0.25009724497795105,0.4085739254951477,0.23455467820167542
abelha,0.4098096489906311,0.41515815258026123,0.42957010865211487,0.39340436458587646,0.4448564350605011,0.37173810601234436,0.4607696235179901,0.362039178609848,0.47436660528182983,0.3572559058666229,0.42721855640411377,0.33000946044921875,0.4475862383842468,0.31862518191337585,0.459976464509964,0.33371642231941223,0.4706385135650635,0.3497239649295807,0.41853460669517517,0.32893988490104675,0.4255818724632263,0.28983253240585327,0.4364999830722809,0.270441472530365,0.44491836428642273,0.25261741876602173,0.40977030992507935,0.34174293279647827,0.4027584195137024,0.30268657207489014,0.40299466252326965,0.2803781032562256,0.40351903438568115,0.2604401111602783,0.4025813639163971,0.362885057926178,0.39168581366539,0.3464122712612152,0.38627830147743225,0.33177074790000916,0.38189375400543213,0.3163038194179535
abelha,0.37940579652786255,0.43552011251449585,0.39368298649787903,0.40961262583732605,0.4031984210014343,0.38507628440856934,0.4139866828918457,0.37446194887161255,0.4246780574321747,0.3743477165699005,0.3847361207008362,0.34788283705711365,0.4017981290817261,0.3357028067111969,0.4147551655769348,0.3505331575870514,0.42483770847320557,0.36596882343292236,0.3752606511116028,0.34946954250335693,0.3760160207748413,0.3158669173717499,0.3800063133239746,0.29309695959091187,0.38177138566970825,0.2744014859199524,0.3663255274295807,0.3639898896217346,0.3548964858055115,0.3308755159378052,0.3501765727996826,0.30798766016960144,0.3456726670265198,0.2884528636932373,0.35966166853904724,0.38573765754699707,0.3448044955730438,0.3711206316947937,0.33548086881637573,0.35644155740737915,0.3276805281639099,0.34200161695480347
abelha,0.546636164188385,0.8225184679031372,0.525784969329834,0.8065629005432129,0.5005647540092468,0.7949112057685852,0.47892728447914124,0.7934444546699524,0.46238312125205994,0.7937309741973877,0.5001892447471619,0.7693236470222473,0.47111427783966064,0.7970938682556152,0.4704473912715912,0.8215455412864685,0.47686588764190674,0.8310765624046326,0.5068124532699585,0.7836755514144897,0.4746449589729309,0.817400336265564,0.4748765528202057,0.8402907848358154,0.48131436109542847,0.8485058546066284,0.5128125548362732,0.8041706681251526,0.483113169670105,0.8357857465744019,0.48294177651405334,0.8537520170211792,0.48875048756599426,0.8591468930244446,0.5186082124710083,0.8260299563407898,0.49372121691703796,0.847379207611084,0.49147969484329224,0.8606371879577637,0.49421796202659607,0.8662208914756775
abelha,0.5471916198730469,0.8175764083862305,0.5243080854415894,0.8052589297294617,0.49730077385902405,0.7946411967277527,0.4743942320346832,0.7943602800369263,0.4574316740036011,0.7951208353042603,0.496395468711853,0.7660214900970459,0.46717920899391174,0.7953547835350037,0.46749648451805115,0.8195239305496216,0.47398966550827026,0.8299246430397034,0.5027992129325867,0.7789715528488159,0.47093337774276733,0.8140028119087219,0.4721396267414093,0.8371642231941223,0.4782435894012451,0.8474774360656738,0.5085456371307373,0.7982288599014282,0.4790975749492645,0.8311554193496704,0.47994565963745117,0.8503100872039795,0.485728919506073,0.8575297594070435,0.5145148634910583,0.8194338083267212,0.4897882044315338,0.8412474393844604,0.4868531823158264,0.8565517663955688,0.4883476495742798,0.8647031188011169
abelha,0.4224783182144165,0.3970068395137787,0.44346606731414795,0.3843178451061249,0.4586350619792938,0.36660298705101013,0.4745141267776489,0.35850831866264343,0.4886605441570282,0.3574320673942566,0.44712433218955994,0.32331228256225586,0.46796339750289917,0.3207588791847229,0.4810672104358673,0.33394286036491394,0.49244511127471924,0.34778493642807007,0.440003365278244,0.31588873267173767,0.4505012333393097,0.279653936624527,0.4617695212364197,0.2600141167640686,0.4710136353969574,0.24237975478172302,0.43058866262435913,0.32278263568878174,0.42929649353027344,0.282789409160614,0.43376579880714417,0.2608413100242615,0.43827342987060547,0.2406301647424698,0.42144015431404114,0.3395128548145294,0.4135776162147522,0.3223983347415924,0.412807822227478,0.3073843717575073,0.41285693645477295,0.2904641330242157
abelha,0.5485692620277405,0.8188517689704895,0.5278739929199219,0.8025793433189392,0.5012292861938477,0.7928709387779236,0.47795891761779785,0.7926446199417114,0.4606851041316986,0.7964058518409729,0.5006102323532104,0.7687234282493591,0.47075387835502625,0.7978559732437134,0.47009730339050293,0.8217952847480774,0.47625425457954407,0.832146167755127,0.5069302320480347,0.7828345894813538,0.47464877367019653,0.8156546354293823,0.4757659435272217,0.8372515439987183,0.4816225469112396,0.8472235202789307,0.5130823850631714,0.8022758364677429,0.48347586393356323,0.832753598690033,0.48419487476348877,0.8498408198356628,0.48973357677459717,0.8560289740562439,0.5197308659553528,0.8233086466789246,0.49453338980674744,0.844899594783783,0.4904823899269104,0.8588293790817261,0.4913106858730316,0.8663297891616821
abelha,0.5496797561645508,0.8271597027778625,0.5286837220191956,0.8117339015007019,0.5034362077713013,0.7989421486854553,0.4815174639225006,0.7964561581611633,0.4644690454006195,0.7968926429748535,0.5048025250434875,0.773040771484375,0.4751904606819153,0.8019585013389587,0.47477269172668457,0.826456606388092,0.48131030797958374,0.835265040397644,0.5119667053222656,0.7880449891090393,0.47913649678230286,0.8224548101425171,0.47962483763694763,0.8446676135063171,0.48652660846710205,0.8517122268676758,0.518140971660614,0.80938321352005,0.48766273260116577,0.8412042856216431,0.48766621947288513,0.8585945963859558,0.4939325153827667,0.8632001280784607,0.5238118171691895,0.8318035006523132,0.4981119930744171,0.8532664179801941,0.49511075019836426,0.8663781881332397,0.49748241901397705,0.8717283010482788
abelha,0.3787652850151062,0.4182143211364746,0.3937836289405823,0.39374789595603943,0.4062122702598572,0.36606159806251526,0.41988179087638855,0.35249146819114685,0.43135279417037964,0.343635618686676,0.3862732946872711,0.3281130790710449,0.4036928415298462,0.3165441155433655,0.41699016094207764,0.3278988301753998,0.42847782373428345,0.33958351612091064,0.377368688583374,0.32762908935546875,0.37959060072898865,0.2893875241279602,0.38512811064720154,0.26351141929626465,0.388920396566391,0.24081362783908844,0.3689250349998474,0.34078747034072876,0.3586675226688385,0.30353307723999023,0.35460206866264343,0.27833008766174316,0.3515245020389557,0.2551145851612091,0.3626932203769684,0.36262816190719604,0.3479422628879547,0.34537941217422485,0.3391481339931488,0.3282562792301178,0.3324654996395111,0.31021589040756226
abelha,0.5416565537452698,0.821164608001709,0.5212165117263794,0.8060640692710876,0.4957861006259918,0.7952130436897278,0.4737839102745056,0.7947232127189636,0.45732545852661133,0.7964040040969849,0.4956377148628235,0.7702240943908691,0.46646615862846375,0.8000379800796509,0.4674859941005707,0.8227875232696533,0.47519174218177795,0.8304344415664673,0.5023717284202576,0.7847825884819031,0.4696504771709442,0.8192576169967651,0.4711851477622986,0.8401583433151245,0.4781591296195984,0.8471454977989197,0.5084676742553711,0.8058083653450012,0.47779080271720886,0.838618278503418,0.47885191440582275,0.8557972311973572,0.4853246808052063,0.8604490756988525,0.5146263241767883,0.8282516598701477,0.48825064301490784,0.8499587774276733,0.4853530824184418,0.8636647462844849,0.4876231253147125,0.8701907396316528
abelha,0.4190031886100769,0.40922045707702637,0.4382688105106354,0.3918936252593994,0.45213595032691956,0.3721723258495331,0.4680687487125397,0.363700270652771,0.4822945296764374,0.3612394630908966,0.4375336170196533,0.33076924085617065,0.45937007665634155,0.326430082321167,0.47343647480010986,0.33924877643585205,0.48513469099998474,0.35179874300956726,0.4319072961807251,0.3238735795021057,0.443448007106781,0.2859334945678711,0.45513439178466797,0.2615618407726288,0.46386975049972534,0.2393782138824463,0.4241197109222412,0.33149558305740356,0.42221251130104065,0.2899895906448364,0.4264099895954132,0.265769362449646,0.4309064745903015,0.24357664585113525,0.41660791635513306,0.34970852732658386,0.40809738636016846,0.33150577545166016,0.4066315293312073,0.3154886066913605,0.40621671080589294,0.29808464646339417
abelha,0.5455340147018433,0.8253819346427917,0.5248646140098572,0.8074213266372681,0.4985581934452057,0.7972731590270996,0.47563403844833374,0.7975189685821533,0.458719938993454,0.7990022897720337,0.49899816513061523,0.7722733020782471,0.46823832392692566,0.8018556833267212,0.4695351719856262,0.8243284821510315,0.47717201709747314,0.8314182162284851,0.5056467652320862,0.7880815267562866,0.4725070893764496,0.8216444253921509,0.47460079193115234,0.8424572944641113,0.4814523160457611,0.8495790958404541,0.5118046998977661,0.8094106912612915,0.48147428035736084,0.8413249850273132,0.4831373691558838,0.8573622703552246,0.4896388649940491,0.8613603711128235,0.5182251334190369,0.8317309617996216,0.49255332350730896,0.8539349436759949,0.491045743227005,0.8653392195701599,0.49435335397720337,0.8692286610603333
abelha,0.5511435866355896,0.8301329612731934,0.5305440425872803,0.8147113919258118,0.5045682787895203,0.8034844994544983,0.4822148382663727,0.8021669387817383,0.46512463688850403,0.8005635738372803,0.5046319365501404,0.779089093208313,0.47408080101013184,0.8071591258049011,0.47487565875053406,0.831547737121582,0.48255884647369385,0.8398898243904114,0.5116313695907593,0.7948799133300781,0.47789880633354187,0.8273792862892151,0.4798564016819,0.8497781753540039,0.4876827001571655,0.8565043807029724,0.5179681181907654,0.8166823387145996,0.48702096939086914,0.8477162718772888,0.4885423481464386,0.8650245666503906,0.4957346022129059,0.8687750101089478,0.52420973777771,0.8394677042961121,0.4981341063976288,0.8610280156135559,0.49537402391433716,0.8741776943206787,0.4979284107685089,0.8793913125991821
abelha,0.5534539818763733,0.8291684985160828,0.5325631499290466,0.8147112727165222,0.5060843229293823,0.8027116060256958,0.4835604131221771,0.8015840649604797,0.4660610556602478,0.8024745583534241,0.5051009058952332,0.7800739407539368,0.475957989692688,0.8091058135032654,0.4762038588523865,0.833052933216095,0.48327475786209106,0.842207133769989,0.5120031833648682,0.7957613468170166,0.4794842004776001,0.8286923766136169,0.4805966913700104,0.8501268625259399,0.48763152956962585,0.8569793701171875,0.5183947086334229,0.8175233602523804,0.4875578284263611,0.8483744263648987,0.4879060983657837,0.8658909201622009,0.4944157898426056,0.8706356287002563,0.524309515953064,0.8410208821296692,0.4979517459869385,0.8623425364494324,0.4953572452068329,0.8744926452636719,0.4982352554798126,0.8786277770996094
abelha,0.5472822189331055,0.8251177668571472,0.5268771052360535,0.8109915256500244,0.5006079077720642,0.8000864386558533,0.47796761989593506,0.7992652058601379,0.4606046676635742,0.7991654276847839,0.49929726123809814,0.7765874862670898,0.46999090909957886,0.8097983002662659,0.47222355008125305,0.8314061760902405,0.4807761311531067,0.8372402191162109,0.5064682364463806,0.7923998832702637,0.47415781021118164,0.8279730677604675,0.4768415689468384,0.8474721908569336,0.48441019654273987,0.8530067801475525,0.5129108428955078,0.814047634601593,0.4824908971786499,0.8466164469718933,0.48428982496261597,0.8629755973815918,0.49120137095451355,0.8666755557060242,0.5191798806190491,0.8370504379272461,0.4929353892803192,0.8596653938293457,0.4910641014575958,0.8719141483306885,0.49425452947616577,0.8761746287345886
abelha,0.5418294668197632,0.8221026659011841,0.5224612951278687,0.8077108263969421,0.49691975116729736,0.7979017496109009,0.4744867980480194,0.7987135052680969,0.45806610584259033,0.8020119667053223,0.49528998136520386,0.7751719951629639,0.4665676951408386,0.8090165257453918,0.4691052734851837,0.8286221027374268,0.47792941331863403,0.8315842151641846,0.5023398399353027,0.7907196283340454,0.47056877613067627,0.8263984322547913,0.4737115502357483,0.8442886471748352,0.4812105894088745,0.8483179807662964,0.5090707540512085,0.8113723993301392,0.4798181653022766,0.8462252616882324,0.48212748765945435,0.8608853220939636,0.4890495836734772,0.8627166152000427,0.5159183740615845,0.8332443833351135,0.4902932643890381,0.8565695285797119,0.4878910481929779,0.8682956695556641,0.49074074625968933,0.8722878098487854
abelha,0.539600670337677,0.8237516283988953,0.5203417539596558,0.8080946803092957,0.4952978193759918,0.7973701357841492,0.47326451539993286,0.7971834540367126,0.4566182494163513,0.8004565238952637,0.4940441846847534,0.7754228711128235,0.4657655954360962,0.807704508304596,0.4683065712451935,0.8272872567176819,0.47732383012771606,0.8307952284812927,0.5011860728263855,0.7910920977592468,0.4691340923309326,0.8262639045715332,0.4722824990749359,0.8451446294784546,0.48023703694343567,0.8490419983863831,0.5079571604728699,0.8121301531791687,0.4781774580478668,0.8473151326179504,0.48022088408470154,0.8627567291259766,0.48734337091445923,0.864497184753418,0.5146731734275818,0.8345710039138794,0.4889190196990967,0.8581424355506897,0.48628178238868713,0.8705836534500122,0.48874983191490173,0.8746770620346069
abelha,0.5411797165870667,0.8264459371566772,0.5222687125205994,0.8101712465286255,0.49645957350730896,0.8001476526260376,0.4743840992450714,0.8010623455047607,0.45838120579719543,0.8000221848487854,0.4958517849445343,0.7770483493804932,0.4663636088371277,0.8077454566955566,0.4680919051170349,0.8304431438446045,0.4767583906650543,0.8366642594337463,0.502587616443634,0.7931575179100037,0.4696950912475586,0.8280014991760254,0.47266507148742676,0.8481898307800293,0.48091980814933777,0.8528863191604614,0.5089643001556396,0.8147974014282227,0.47845491766929626,0.8483653664588928,0.48091983795166016,0.8647826910018921,0.48866719007492065,0.8674231767654419,0.5152063369750977,0.8375073075294495,0.4893395006656647,0.8609300255775452,0.48697224259376526,0.8736794590950012,0.48979052901268005,0.8777877688407898
abelha,0.5426080822944641,0.8289719820022583,0.5221995115280151,0.8106160163879395,0.4961600601673126,0.8008533120155334,0.4735732674598694,0.8017521500587463,0.4569271206855774,0.804160475730896,0.49544546008110046,0.7792419195175171,0.46570441126823425,0.811173677444458,0.46843335032463074,0.8329748511314392,0.47666528820991516,0.838598906993866,0.5022317171096802,0.795972466468811,0.4696024954319,0.8323909640312195,0.4730924963951111,0.852992594242096,0.4811357855796814,0.8584805130958557,0.5086634159088135,0.8180191516876221,0.47897863388061523,0.8522431254386902,0.4816693365573883,0.8677883148193359,0.48915237188339233,0.8702733516693115,0.5153296589851379,0.8405558466911316,0.4900539815425873,0.8652355074882507,0.48897218704223633,0.876382052898407,0.4925089478492737,0.8788901567459106
abelha,0.5413606762886047,0.8303452134132385,0.5215453505516052,0.8128172755241394,0.49540218710899353,0.8036990761756897,0.47322630882263184,0.8048143982887268,0.45639804005622864,0.8034418821334839,0.49429285526275635,0.7807457447052002,0.46570876240730286,0.8087029457092285,0.4669089913368225,0.8307868242263794,0.4744589626789093,0.8377044200897217,0.5009839534759521,0.7966403365135193,0.4690713882446289,0.8304063677787781,0.4709731936454773,0.8506066799163818,0.47840484976768494,0.8560740351676941,0.5075845122337341,0.8183435201644897,0.4783770442008972,0.8510661125183105,0.4796287417411804,0.8667910099029541,0.4863392114639282,0.869957685470581,0.5142289400100708,0.840930163860321,0.48906952142715454,0.8645115494728088,0.486581027507782,0.8766283988952637,0.4890345633029938,0.881040096282959
abelha,0.5401310324668884,0.8276481032371521,0.5204422473907471,0.8119651079177856,0.49440687894821167,0.8009486198425293,0.4718589186668396,0.8012585639953613,0.4550429582595825,0.8030211329460144,0.4933907091617584,0.7784942388534546,0.46442294120788574,0.8100239038467407,0.4655231237411499,0.8322048783302307,0.47336360812187195,0.8391854763031006,0.5006274580955505,0.7943941950798035,0.46835076808929443,0.8293977975845337,0.4702383577823639,0.8491846323013306,0.4773780107498169,0.8549748659133911,0.5073793530464172,0.8163790106773376,0.4771086573600769,0.84877610206604,0.4782748222351074,0.8649061322212219,0.484557569026947,0.8684037327766418,0.5140019655227661,0.8396596312522888,0.48785141110420227,0.8618159294128418,0.48485419154167175,0.8749699592590332,0.48688215017318726,0.8803784251213074
abelha,0.5412694215774536,0.8276717066764832,0.5207739472389221,0.8119775652885437,0.4942837953567505,0.8009767532348633,0.471547394990921,0.8009188175201416,0.4550440013408661,0.8030858635902405,0.49423807859420776,0.7770261168479919,0.4645509421825409,0.8076392412185669,0.46599137783050537,0.8302415609359741,0.47383221983909607,0.8369869589805603,0.5013462901115417,0.7925307154655457,0.46848466992378235,0.827629566192627,0.4703332781791687,0.8477151393890381,0.47728413343429565,0.8536331057548523,0.5077582001686096,0.8142324090003967,0.47777223587036133,0.8480710387229919,0.4785692095756531,0.8645349740982056,0.48431938886642456,0.8681042790412903,0.5143722295761108,0.8368136286735535,0.48877251148223877,0.8601418137550354,0.4852851331233978,0.8736249208450317,0.48641425371170044,0.8791626691818237
abelha,0.5441343188285828,0.8216560482978821,0.5241848826408386,0.8033322691917419,0.4982266128063202,0.791387677192688,0.4751732647418976,0.7896510362625122,0.4578791558742523,0.792434811592102,0.4994703531265259,0.7664312124252319,0.4675557613372803,0.7933615446090698,0.46607130765914917,0.8166989684104919,0.47103920578956604,0.8256440162658691,0.5062365531921387,0.7800273895263672,0.4721902906894684,0.8100792169570923,0.47195732593536377,0.8303405046463013,0.47616034746170044,0.8401357531547546,0.5122553110122681,0.79911869764328,0.48081091046333313,0.8269096612930298,0.4799022078514099,0.8437737822532654,0.4837287664413452,0.8507722020149231,0.5180267691612244,0.8204735517501831,0.4919157922267914,0.8391146659851074,0.4869668781757355,0.8516489267349243,0.48704737424850464,0.8587466478347778
abelha,0.42192918062210083,0.5013778209686279,0.440866619348526,0.4639514088630676,0.44598889350891113,0.42474785447120667,0.4535118639469147,0.39774611592292786,0.46355223655700684,0.3797875940799713,0.4212978780269623,0.39692971110343933,0.43644922971725464,0.36422452330589294,0.45029711723327637,0.3452257513999939,0.4631519317626953,0.3322916328907013,0.41826891899108887,0.4012840688228607,0.4320356547832489,0.3557443916797638,0.44569575786590576,0.3301459550857544,0.4586542546749115,0.3095920979976654,0.4192615747451782,0.4144793152809143,0.43033745884895325,0.37118956446647644,0.44402527809143066,0.3548479974269867,0.4565769135951996,0.34284698963165283,0.4232928454875946,0.4337819516658783,0.42305275797843933,0.40952518582344055,0.42830929160118103,0.3928776979446411,0.43553951382637024,0.3788127899169922
abelha,0.5560271143913269,0.8033630847930908,0.5262280106544495,0.7943408489227295,0.5083963871002197,0.7623012065887451,0.4953019917011261,0.74033123254776,0.4834669232368469,0.7232773900032043,0.5234330296516418,0.712246298789978,0.4954126477241516,0.7110080122947693,0.48163995146751404,0.7337781190872192,0.47723352909088135,0.754047691822052,0.5291687846183777,0.7195233702659607,0.49752259254455566,0.7169060707092285,0.4831683337688446,0.7421371340751648,0.4798505902290344,0.7624486684799194,0.5330303311347961,0.735120952129364,0.503516674041748,0.7320505976676941,0.4892583191394806,0.7542851567268372,0.4851355254650116,0.7722760438919067,0.5351874828338623,0.7564820051193237,0.5135197043418884,0.7520344257354736,0.5021542906761169,0.7628170847892761,0.49727338552474976,0.7748116850852966
abelha,0.5584874153137207,0.7979515194892883,0.5339395999908447,0.779565691947937,0.5212135910987854,0.7460741400718689,0.5140345692634583,0.7234427332878113,0.5073736310005188,0.7057348489761353,0.5297533273696899,0.7012102007865906,0.515533983707428,0.6724236607551575,0.4999014735221863,0.6849179863929749,0.4918546974658966,0.7017832398414612,0.5370464324951172,0.7040657997131348,0.5217562913894653,0.6707499027252197,0.5033353567123413,0.6870151162147522,0.49648532271385193,0.7066752910614014,0.5443055033683777,0.7157420516014099,0.5307744145393372,0.6854411959648132,0.5123656988143921,0.6977365016937256,0.503797709941864,0.7138370275497437,0.550047755241394,0.7340502738952637,0.5393610000610352,0.7130990624427795,0.5242655873298645,0.7167335152626038,0.5149983167648315,0.7272433042526245
abelha,0.42117422819137573,0.7393510341644287,0.43753159046173096,0.7023035883903503,0.45863306522369385,0.6978333592414856,0.4776171147823334,0.7170900702476501,0.49197500944137573,0.7320221066474915,0.456194669008255,0.7439534664154053,0.4792551100254059,0.7758464813232422,0.49769794940948486,0.7856631875038147,0.5122146606445312,0.7898678183555603,0.45226168632507324,0.769878625869751,0.47881966829299927,0.8020078539848328,0.5002068281173706,0.806917130947113,0.5149828791618347,0.8048955798149109,0.450443834066391,0.7854053378105164,0.47313570976257324,0.8174071311950684,0.491597980260849,0.8224277496337891,0.5042182207107544,0.821420431137085,0.44975218176841736,0.7919254899024963,0.466274619102478,0.8206248879432678,0.4800906479358673,0.8298936486244202,0.49092045426368713,0.832444965839386
abelha,0.44332918524742126,0.753297746181488,0.4584302306175232,0.7156274318695068,0.479350745677948,0.7145322561264038,0.49771207571029663,0.7371314167976379,0.5099961757659912,0.7529922723770142,0.47980648279190063,0.763018786907196,0.5098848342895508,0.784406304359436,0.5282666087150574,0.7892149090766907,0.5415952205657959,0.7892537713050842,0.47686535120010376,0.7889226675033569,0.5090695023536682,0.8131935596466064,0.528870701789856,0.81120365858078,0.5411434769630432,0.802785336971283,0.4759628474712372,0.8025561571121216,0.5048120021820068,0.8262468576431274,0.5228161215782166,0.8240545392036438,0.5341521501541138,0.8165009021759033,0.47695404291152954,0.8060109615325928,0.499142587184906,0.8256056308746338,0.5137512683868408,0.8278679251670837,0.5237415432929993,0.8225389122962952
abelha,0.5794689655303955,0.7746443152427673,0.5575066804885864,0.713264524936676,0.525712788105011,0.694688618183136,0.49939024448394775,0.703149139881134,0.4892486035823822,0.7248317003250122,0.5090830326080322,0.7489266991615295,0.4755125939846039,0.7395251989364624,0.48655861616134644,0.7234366536140442,0.4996739625930786,0.7189204692840576,0.5093709230422974,0.7852333784103394,0.4799089729785919,0.7647393345832825,0.48825910687446594,0.7463430762290955,0.49935033917427063,0.743870198726654,0.5143042206764221,0.8109947443008423,0.49143874645233154,0.784861147403717,0.4985089600086212,0.7680321931838989,0.5087999701499939,0.7663979530334473,0.5215350389480591,0.8266580700874329,0.502963662147522,0.8018544912338257,0.5081837177276611,0.7864720821380615,0.517511785030365,0.7848387956619263
abelha,0.43364056944847107,0.44463250041007996,0.4651964008808136,0.47835206985473633,0.49353039264678955,0.4872777760028839,0.5105234384536743,0.5035657286643982,0.5210822820663452,0.5300604701042175,0.5183172225952148,0.4397260844707489,0.5399914383888245,0.4561401307582855,0.5351556539535522,0.4866348206996918,0.528373122215271,0.5138252377510071,0.5183988809585571,0.4335610568523407,0.5569249987602234,0.42894014716148376,0.5808130502700806,0.4337104856967926,0.5994635820388794,0.4323841631412506,0.5136469006538391,0.428048312664032,0.5519671440124512,0.4090113043785095,0.5754990577697754,0.402609646320343,0.5947970151901245,0.39660656452178955,0.5049437284469604,0.4257906675338745,0.5306527614593506,0.40573251247406006,0.5471420288085938,0.3903418779373169,0.5622685551643372,0.3752063512802124
abelha,0.43509894609451294,0.45172983407974243,0.4656401574611664,0.4830254912376404,0.493574857711792,0.48989951610565186,0.5109936594963074,0.5069252252578735,0.5214093327522278,0.53531414270401,0.5172945857048035,0.44366025924682617,0.5373530387878418,0.4682067334651947,0.5335004329681396,0.5029464364051819,0.5271345376968384,0.533354640007019,0.5178702473640442,0.4385402500629425,0.5556514859199524,0.4354454576969147,0.5807508826255798,0.4401758313179016,0.6003426909446716,0.4381062388420105,0.5131868124008179,0.43467289209365845,0.5507367849349976,0.41241154074668884,0.5752866268157959,0.40202659368515015,0.5956889390945435,0.3919851779937744,0.5046558976173401,0.434627890586853,0.5296574831008911,0.41404563188552856,0.5465197563171387,0.3990787863731384,0.5618338584899902,0.3848160207271576
abelha,0.4292382597923279,0.4556675851345062,0.46195751428604126,0.4845210313796997,0.4908868074417114,0.4904993176460266,0.5089038610458374,0.5063499212265015,0.5195485949516296,0.5337195992469788,0.5132923126220703,0.4438655972480774,0.536173939704895,0.4658777713775635,0.5320440530776978,0.5014322996139526,0.5259920358657837,0.5326993465423584,0.5127905011177063,0.4382874369621277,0.5513691902160645,0.4303866922855377,0.5766689777374268,0.43357348442077637,0.5969755053520203,0.4306631088256836,0.5074130296707153,0.4350373148918152,0.5463849306106567,0.40961939096450806,0.5713069438934326,0.3982986807823181,0.5919292569160461,0.38828933238983154,0.4989078640937805,0.43726128339767456,0.5246609449386597,0.4126396179199219,0.5416643619537354,0.39561086893081665,0.556654691696167,0.3799896836280823
abelha,0.4263922870159149,0.455290287733078,0.4602070748806,0.4845944344997406,0.489104688167572,0.4906715750694275,0.506996214389801,0.5044407248497009,0.5175327062606812,0.5292013883590698,0.512531042098999,0.4436490833759308,0.5355523824691772,0.4601595401763916,0.5310781598091125,0.4946325421333313,0.5251201391220093,0.5249772667884827,0.5116356611251831,0.4382806420326233,0.5497686862945557,0.4279227554798126,0.5744796395301819,0.4319985806941986,0.5947273969650269,0.43115079402923584,0.5060691833496094,0.4352411925792694,0.544543445110321,0.4081838130950928,0.5685194134712219,0.3962010145187378,0.5883195996284485,0.3867284059524536,0.496997207403183,0.43689191341400146,0.5215983390808105,0.41075775027275085,0.5385713577270508,0.39368870854377747,0.5538206100463867,0.3789907693862915
abelha,0.4206203818321228,0.45764750242233276,0.45585983991622925,0.4865375757217407,0.48581787943840027,0.4916916787624359,0.505213737487793,0.5053049921989441,0.5166918635368347,0.5311954617500305,0.5073921084403992,0.44325754046440125,0.5320093631744385,0.4633123278617859,0.5278320908546448,0.4986914396286011,0.5224705934524536,0.529371976852417,0.5068384408950806,0.4374615550041199,0.5467414855957031,0.42760199308395386,0.5723779201507568,0.43026480078697205,0.593757152557373,0.4270379841327667,0.501622200012207,0.434877872467041,0.5410605072975159,0.40753990411758423,0.5649641156196594,0.3952938914299011,0.5852981209754944,0.3840887248516083,0.49334654211997986,0.43752431869506836,0.5192934274673462,0.4146866500377655,0.5357877612113953,0.39796143770217896,0.5506502985954285,0.38135018944740295
abelha,0.41987913846969604,0.4588471055030823,0.4553130567073822,0.48781728744506836,0.48442941904067993,0.4930327832698822,0.5039823651313782,0.5072951316833496,0.5169001221656799,0.5324311852455139,0.5053668022155762,0.44043877720832825,0.5311971306800842,0.46192410588264465,0.5282410383224487,0.49826058745384216,0.5233537554740906,0.530794620513916,0.5045700073242188,0.43512630462646484,0.5437366962432861,0.4297163188457489,0.568734347820282,0.43467843532562256,0.5905723571777344,0.4346013367176056,0.49961793422698975,0.43472129106521606,0.5394923090934753,0.4158684313297272,0.563924252986908,0.40559104084968567,0.5852472186088562,0.39652904868125916,0.4923597276210785,0.44081658124923706,0.5187219977378845,0.4203028976917267,0.5366383790969849,0.4034336507320404,0.5532284379005432,0.3878331184387207
abelha,0.42153847217559814,0.4642101228237152,0.456454873085022,0.49259230494499207,0.4852345287799835,0.49714234471321106,0.5041476488113403,0.5110588073730469,0.5175747275352478,0.5372339487075806,0.5041326880455017,0.43918582797050476,0.5320315957069397,0.465999573469162,0.5312957763671875,0.502504289150238,0.5272693634033203,0.5356940627098083,0.5028502345085144,0.4352872669696808,0.5447672009468079,0.4320175051689148,0.5696613192558289,0.4456995129585266,0.5894267559051514,0.4567028284072876,0.4981720745563507,0.43662700057029724,0.5402316451072693,0.41841018199920654,0.5644378662109375,0.41312462091445923,0.5843199491500854,0.4099225699901581,0.4925941824913025,0.44652169942855835,0.5225902795791626,0.4273166060447693,0.5426908731460571,0.414847195148468,0.5604003667831421,0.4043918550014496
abelha,0.5849959850311279,0.7842603921890259,0.5633005499839783,0.7218543291091919,0.5315945744514465,0.703414797782898,0.5029176473617554,0.7010499238967896,0.4833839535713196,0.7108535170555115,0.5195325016975403,0.7684037089347839,0.48159345984458923,0.7606715559959412,0.489501416683197,0.7345014214515686,0.5012367367744446,0.7258908152580261,0.5191361308097839,0.8020868897438049,0.4809339642524719,0.7802506685256958,0.4878205358982086,0.7534635663032532,0.4984655976295471,0.7476146221160889,0.5221307277679443,0.8213127255439758,0.48932740092277527,0.796469509601593,0.49469855427742004,0.7719091773033142,0.5047226548194885,0.7657896280288696,0.5260903239250183,0.8298506140708923,0.5019093751907349,0.8078230619430542,0.5048243403434753,0.7870887517929077,0.5136562585830688,0.7815210223197937
abelha,0.5859077572822571,0.782795250415802,0.565388560295105,0.7205253839492798,0.53493332862854,0.7009778618812561,0.5065246224403381,0.6973636150360107,0.4860250949859619,0.7035320997238159,0.5229817032814026,0.7686305642127991,0.485027015209198,0.7617373466491699,0.492065966129303,0.7326358556747437,0.5041896104812622,0.7215246558189392,0.5218803882598877,0.8013372421264648,0.482871949672699,0.7789341807365417,0.4910399913787842,0.7490603923797607,0.5032311081886292,0.743070662021637,0.524204671382904,0.8194621801376343,0.49043306708335876,0.7942611575126648,0.4972524344921112,0.7669912576675415,0.5082869529724121,0.7614063620567322,0.527728259563446,0.8270847797393799,0.5032053589820862,0.80424565076828,0.5067260265350342,0.7814869284629822,0.516062319278717,0.7758442759513855
abelha,0.5876455307006836,0.7799436450004578,0.5706079602241516,0.7214726805686951,0.543128252029419,0.7014511227607727,0.5151190757751465,0.6960176229476929,0.49343955516815186,0.6980488896369934,0.5283153653144836,0.7705996036529541,0.4885159432888031,0.7602604627609253,0.49439218640327454,0.729962170124054,0.5067442059516907,0.7204847931861877,0.5266724824905396,0.800937294960022,0.4854406416416168,0.7769889235496521,0.493610680103302,0.7460695505142212,0.5056588649749756,0.7412256598472595,0.52805495262146,0.8163213729858398,0.49135807156562805,0.7922983765602112,0.4982248842716217,0.7635684013366699,0.5092443823814392,0.7580642700195312,0.5302870273590088,0.821136474609375,0.5033025145530701,0.80021071434021,0.5058802366256714,0.7767353653907776,0.5146917104721069,0.7710108160972595
abelha,0.5918160080909729,0.7772108316421509,0.5771631002426147,0.7178059816360474,0.5516050457954407,0.6995667815208435,0.5244028568267822,0.6952909231185913,0.5021334886550903,0.6948582530021667,0.5353232622146606,0.7683018445968628,0.4938967227935791,0.7590570449829102,0.49662792682647705,0.727656900882721,0.5079295635223389,0.7168698310852051,0.5319919586181641,0.7977617383003235,0.4881526827812195,0.7736086249351501,0.49539220333099365,0.7400583028793335,0.5077393651008606,0.7330613136291504,0.5313838720321655,0.8113762140274048,0.492306649684906,0.7854207158088684,0.49934762716293335,0.7541815638542175,0.5109155774116516,0.7479977011680603,0.5321097373962402,0.8145686984062195,0.5031421184539795,0.7922753095626831,0.505986750125885,0.7661756873130798,0.5153985023498535,0.7590798735618591
abelha,0.5923608541488647,0.7727469205856323,0.582680881023407,0.7172802686691284,0.5588437914848328,0.6982576847076416,0.5333002805709839,0.6948243975639343,0.5104256272315979,0.6928256154060364,0.5397178530693054,0.7650713920593262,0.49819210171699524,0.755237877368927,0.4974837601184845,0.7214528322219849,0.5078026056289673,0.7082560062408447,0.5353443622589111,0.7942426204681396,0.4899537265300751,0.7709399461746216,0.49494415521621704,0.7336580157279968,0.5070332288742065,0.7236403226852417,0.5336095690727234,0.8068344593048096,0.49377089738845825,0.7800791263580322,0.49982982873916626,0.7453551292419434,0.5113993883132935,0.7370986938476562,0.5334824919700623,0.8098461031913757,0.5045047998428345,0.7852893471717834,0.5073164701461792,0.7563052177429199,0.5169678330421448,0.7479209899902344
abelha,0.4328935444355011,0.53905189037323,0.4639742374420166,0.5782493352890015,0.49187150597572327,0.57045578956604,0.5104761123657227,0.5712257623672485,0.5252577066421509,0.5766264796257019,0.505986213684082,0.49425578117370605,0.534300684928894,0.5193509459495544,0.543088972568512,0.5558144450187683,0.5460534691810608,0.5858098864555359,0.5051606297492981,0.48990732431411743,0.5385169386863708,0.5229617953300476,0.5458170175552368,0.563257098197937,0.5460286140441895,0.594046950340271,0.5019030570983887,0.5011034607887268,0.5365052223205566,0.5290476083755493,0.5454039573669434,0.56755131483078,0.5458840727806091,0.5974535346031189,0.4974346160888672,0.5257225632667542,0.5254631042480469,0.5459491610527039,0.5360437035560608,0.5708421468734741,0.5402154326438904,0.5935319662094116
abelha,0.5952469706535339,0.7689441442489624,0.5910641551017761,0.7175755500793457,0.5712915062904358,0.6952117085456848,0.548819899559021,0.6914445161819458,0.5259804129600525,0.687512993812561,0.5468785166740417,0.7608540058135986,0.5036554932594299,0.7502759695053101,0.4986568093299866,0.7168495059013367,0.5087029337882996,0.7023949027061462,0.5415680408477783,0.7874056696891785,0.4955061376094818,0.7657030820846558,0.49579116702079773,0.7265878915786743,0.5073639750480652,0.7123352885246277,0.5389342904090881,0.7975673675537109,0.49922698736190796,0.7726187705993652,0.5011922121047974,0.7358939051628113,0.5118594169616699,0.7242288589477539,0.5382821559906006,0.7999911904335022,0.5080234408378601,0.7781656384468079,0.5069306492805481,0.7470742464065552,0.5150219798088074,0.7343078851699829
abelha,0.5970780253410339,0.7657375931739807,0.5940225720405579,0.7151180505752563,0.5762864947319031,0.6937060356140137,0.5540870428085327,0.690290629863739,0.5318052768707275,0.684114933013916,0.5503469705581665,0.7574183344841003,0.5080468654632568,0.7472042441368103,0.5023142099380493,0.7129917740821838,0.5100587010383606,0.6963696479797363,0.5441719889640808,0.783320426940918,0.49868032336235046,0.7621220350265503,0.4979976713657379,0.7233726978302002,0.5085785388946533,0.7083008289337158,0.5406128168106079,0.7930702567100525,0.4997812509536743,0.7729081511497498,0.5001479983329773,0.7361863255500793,0.5095646381378174,0.7216976284980774,0.539015531539917,0.7957330346107483,0.508508026599884,0.7771304845809937,0.5064142346382141,0.7468060255050659,0.5136250853538513,0.7317216396331787
abelha,0.6004391312599182,0.7644868493080139,0.5972903966903687,0.714497447013855,0.5787743926048279,0.6940146684646606,0.5570388436317444,0.6904290914535522,0.5351691246032715,0.6831362247467041,0.5517305135726929,0.7616044282913208,0.5087725520133972,0.7489534020423889,0.5035237669944763,0.7137452960014343,0.5127372145652771,0.6971309185028076,0.5456007122993469,0.7857322692871094,0.4998359978199005,0.7622100114822388,0.5002121329307556,0.7212429642677307,0.5113102793693542,0.7049121856689453,0.5422319173812866,0.7924917340278625,0.5022797584533691,0.7687849402427673,0.5037881135940552,0.730817437171936,0.5140976309776306,0.716605007648468,0.5410910248756409,0.7919504046440125,0.5110974907875061,0.7719936966896057,0.5092787742614746,0.740759551525116,0.5165000557899475,0.7255433201789856
abelha,0.6047079563140869,0.7695631980895996,0.5998916625976562,0.7163232564926147,0.5808547139167786,0.695740818977356,0.5575933456420898,0.6937175989151001,0.5362289547920227,0.6851837038993835,0.555316150188446,0.7625780701637268,0.5126498937606812,0.7535170912742615,0.505634605884552,0.7204151749610901,0.5106936097145081,0.7001907825469971,0.5490126013755798,0.786246657371521,0.5029632449150085,0.7687645554542542,0.49886953830718994,0.728168785572052,0.5074622631072998,0.7062604427337646,0.5459019541740417,0.7928163409233093,0.5060359239578247,0.776709794998169,0.504254162311554,0.7409306168556213,0.5120869278907776,0.7225554585456848,0.544504702091217,0.791130781173706,0.5152592062950134,0.7771669626235962,0.5121055841445923,0.7494736313819885,0.518119215965271,0.7318540215492249
abelha,0.4519135057926178,0.6717702150344849,0.47245585918426514,0.6525471210479736,0.49552419781684875,0.6458799242973328,0.5108007788658142,0.652455747127533,0.5213180780410767,0.6642160415649414,0.507343590259552,0.6241753101348877,0.5315744280815125,0.64768385887146,0.5386332273483276,0.6763907074928284,0.5393446087837219,0.6939451098442078,0.5092421770095825,0.6330511569976807,0.5383403301239014,0.6537710428237915,0.5450191497802734,0.6804412007331848,0.5447757840156555,0.6969709396362305,0.508653461933136,0.6493699550628662,0.5391575694084167,0.6672623157501221,0.5444989800453186,0.692470908164978,0.5436839461326599,0.707984447479248,0.5052410364151001,0.6739256978034973,0.5263924598693848,0.6978273391723633,0.5316222906112671,0.7179495096206665,0.5321559309959412,0.729787290096283
abelha,0.4517222046852112,0.7059311270713806,0.4748620390892029,0.6870116591453552,0.49887511134147644,0.6776571869850159,0.5150520205497742,0.683652937412262,0.525851309299469,0.6979597806930542,0.5085604190826416,0.6517463326454163,0.5371343493461609,0.6749172806739807,0.5509076118469238,0.7014806866645813,0.5569335222244263,0.7194225192070007,0.5092478394508362,0.6601597666740417,0.5407642722129822,0.6817314624786377,0.5519890785217285,0.7079390287399292,0.5560534596443176,0.725715696811676,0.508171558380127,0.6775147914886475,0.5395994782447815,0.6969969272613525,0.5464563965797424,0.7225711345672607,0.5471518635749817,0.7394635081291199,0.505790650844574,0.702355682849884,0.5288611650466919,0.7218287587165833,0.5354317426681519,0.7385046482086182,0.5376218557357788,0.7487583160400391
abelha,0.45288723707199097,0.7342653274536133,0.47261950373649597,0.7130441665649414,0.49564608931541443,0.699556827545166,0.511518120765686,0.7006902694702148,0.5226749181747437,0.711594820022583,0.5057051181793213,0.6702486872673035,0.5322659015655518,0.6881728172302246,0.5461293458938599,0.7104940414428711,0.5531171560287476,0.725853443145752,0.5074000954627991,0.676872968673706,0.5365246534347534,0.6908652186393738,0.5487421154975891,0.7132341265678406,0.5544822216033936,0.7300739884376526,0.5071110725402832,0.6932329535484314,0.5373981595039368,0.704925537109375,0.5468671917915344,0.726313591003418,0.5505515336990356,0.7416490316390991,0.5054782629013062,0.7185689806938171,0.5273358821868896,0.7342787384986877,0.5334999561309814,0.7490963339805603,0.5353975296020508,0.7587603330612183
abraco,0.40386858582496643,0.7592213749885559,0.4230087697505951,0.7565493583679199,0.44540175795555115,0.7752358913421631,0.46631065011024475,0.796398937702179,0.4832621216773987,0.8098106980323792,0.45623862743377686,0.8210159540176392,0.48402726650238037,0.807119607925415,0.47787389159202576,0.7858250141143799,0.467794805765152,0.7833406925201416,0.45421895384788513,0.82036292552948,0.4794742465019226,0.807271420955658,0.4746181070804596,0.7877346873283386,0.46640074253082275,0.7833845019340515,0.451877236366272,0.814194917678833,0.47440218925476074,0.8027152419090271,0.46891364455223083,0.7851362228393555,0.4603520929813385,0.7813514471054077,0.45197343826293945,0.8071743249893188,0.47040706872940063,0.7967610955238342,0.46504977345466614,0.7842453718185425,0.45646047592163086,0.7833452224731445
abraco,0.39942196011543274,0.7614610195159912,0.4243839383125305,0.7337536215782166,0.44883599877357483,0.7450082898139954,0.46747463941574097,0.7707239985466003,0.48109740018844604,0.7884510159492493,0.45280781388282776,0.8129945993423462,0.4846732020378113,0.7990022897720337,0.4803635776042938,0.7724964618682861,0.4683012366294861,0.7664657831192017,0.4499642848968506,0.8273462057113647,0.47974124550819397,0.8102695941925049,0.47586604952812195,0.7865867018699646,0.4653622508049011,0.7818792462348938,0.4470955431461334,0.8315748572349548,0.4749932587146759,0.8156929016113281,0.47172480821609497,0.7935685515403748,0.4617128372192383,0.7889247536659241,0.44563794136047363,0.8295199871063232,0.4686880111694336,0.8165656328201294,0.46552330255508423,0.7999286651611328,0.45595693588256836,0.79664546251297
abraco,0.39216598868370056,0.765377938747406,0.40876781940460205,0.7246410846710205,0.4302876889705658,0.7264301180839539,0.45000675320625305,0.7573362588882446,0.46446946263313293,0.7837002277374268,0.43156030774116516,0.7919753193855286,0.46993476152420044,0.8140949010848999,0.4816098213195801,0.7897337079048157,0.4785653054714203,0.771403968334198,0.430791974067688,0.8219541907310486,0.4745936393737793,0.8408448100090027,0.48655617237091064,0.8110860586166382,0.48302221298217773,0.788802444934845,0.4318820536136627,0.8394949436187744,0.47236576676368713,0.8544140458106995,0.4826330244541168,0.8251007795333862,0.48097845911979675,0.8038415312767029,0.4344494342803955,0.8464041948318481,0.46625980734825134,0.8574202060699463,0.47663310170173645,0.8366619348526001,0.4769883453845978,0.8167639374732971
abraco,0.5597683191299438,0.7769818902015686,0.5528061389923096,0.7152780294418335,0.5410260558128357,0.6601337194442749,0.522636353969574,0.6284664273262024,0.5057576298713684,0.6176027655601501,0.5642247796058655,0.6415741443634033,0.5305860638618469,0.6129492521286011,0.5019873380661011,0.6221287250518799,0.4879266619682312,0.6379396319389343,0.5625609159469604,0.6697822213172913,0.5210570693016052,0.6463673710823059,0.4923136532306671,0.6508564352989197,0.47999292612075806,0.6608309745788574,0.556069016456604,0.7014692425727844,0.5172789692878723,0.6808420419692993,0.49183782935142517,0.682816743850708,0.48124873638153076,0.6924604773521423,0.5459834933280945,0.7330716848373413,0.5133096575737,0.7178574800491333,0.4959903657436371,0.7142267823219299,0.487234503030777,0.7167583703994751
abraco,0.41119587421417236,0.6869306564331055,0.42847466468811035,0.7153022885322571,0.4493709206581116,0.7214663028717041,0.4660003185272217,0.7159352898597717,0.4783598482608795,0.7004960179328918,0.4574635326862335,0.6685157418251038,0.4673142433166504,0.6447479724884033,0.4696270525455475,0.6343065500259399,0.4715428948402405,0.6255759596824646,0.4480082094669342,0.6383048295974731,0.456417441368103,0.6099087595939636,0.45624077320098877,0.599494457244873,0.4548777639865875,0.5917080044746399,0.4351191222667694,0.6133622527122498,0.44252169132232666,0.5820066928863525,0.442136287689209,0.5729904770851135,0.4418444037437439,0.5676442980766296,0.4204310178756714,0.5951637029647827,0.42491501569747925,0.5603349208831787,0.4259929060935974,0.5435361862182617,0.4263080656528473,0.5339041948318481
abraco,0.5239731669425964,0.7346469163894653,0.5300319194793701,0.6803447008132935,0.5258556604385376,0.6254249811172485,0.5123592615127563,0.5902237892150879,0.4951416552066803,0.5767499208450317,0.5182129740715027,0.6255424618721008,0.49036774039268494,0.5847854018211365,0.4794377386569977,0.5875662565231323,0.47961562871932983,0.5990970134735107,0.5043599605560303,0.6538895964622498,0.4763316512107849,0.6127344965934753,0.4659174978733063,0.6063192486763,0.46609511971473694,0.6082797646522522,0.49079158902168274,0.6852720379829407,0.4628373086452484,0.6463056802749634,0.4523942470550537,0.6371041536331177,0.4527833163738251,0.6331949234008789,0.4776840806007385,0.7173585891723633,0.452853798866272,0.6849510669708252,0.44453248381614685,0.6737563610076904,0.44365981221199036,0.666778564453125
abraco,0.4747330844402313,0.5726099014282227,0.4749903678894043,0.5228131413459778,0.48521867394447327,0.4729384481906891,0.49947288632392883,0.44238075613975525,0.5141597390174866,0.4267461895942688,0.4874180257320404,0.4536604583263397,0.5122982263565063,0.41029807925224304,0.529266893863678,0.39503100514411926,0.5427636504173279,0.38569992780685425,0.4939354658126831,0.47276243567466736,0.5222153663635254,0.4275631308555603,0.5420224666595459,0.407582551240921,0.5574097633361816,0.3952808380126953,0.5023261904716492,0.4996860921382904,0.5290582776069641,0.45594197511672974,0.5471651554107666,0.43374767899513245,0.5610447525978088,0.41824647784233093,0.5120319724082947,0.5314247012138367,0.5325432419776917,0.49360957741737366,0.5457496643066406,0.4724322259426117,0.5576213598251343,0.45695698261260986
abraco,0.5027096271514893,0.5385627746582031,0.49750033020973206,0.4934120774269104,0.5026792883872986,0.44906389713287354,0.511676013469696,0.41392654180526733,0.5204959511756897,0.38733017444610596,0.5113270878791809,0.43889737129211426,0.5388458371162415,0.3988513946533203,0.5443060994148254,0.4066251516342163,0.5405234098434448,0.42111292481422424,0.5224789381027222,0.45516452193260193,0.5525599718093872,0.41638439893722534,0.5534546375274658,0.4299052655696869,0.5456627011299133,0.44379499554634094,0.5332896113395691,0.476301908493042,0.5611264705657959,0.4384179711341858,0.558076798915863,0.45351502299308777,0.5483502745628357,0.4673044681549072,0.54205721616745,0.49909764528274536,0.5629482269287109,0.4704769551753998,0.5599942207336426,0.4795209765434265,0.5509968996047974,0.48984748125076294
abraco,0.5101378560066223,0.548884391784668,0.5066644549369812,0.5035082101821899,0.5162256360054016,0.45626184344291687,0.5298537015914917,0.4220828413963318,0.5380498170852661,0.3945620656013489,0.5237786769866943,0.4590510427951813,0.5508212447166443,0.42476189136505127,0.5446990132331848,0.437002569437027,0.5348654985427856,0.4522112309932709,0.5355896949768066,0.47938117384910583,0.563063383102417,0.44837114214897156,0.5549177527427673,0.4613695740699768,0.5438657402992249,0.47377651929855347,0.5462227463722229,0.501592755317688,0.56998211145401,0.4720625579357147,0.5613808035850525,0.484169065952301,0.5509681701660156,0.49535053968429565,0.5550559163093567,0.5232632756233215,0.5733351111412048,0.4987424910068512,0.5661039352416992,0.5065264105796814,0.5565673112869263,0.5160366296768188
abraco,0.43127110600471497,0.5621386766433716,0.42789769172668457,0.5116813778877258,0.41421905159950256,0.477681040763855,0.39806586503982544,0.4633156359195709,0.3852956295013428,0.46012091636657715,0.4020233452320099,0.4566589593887329,0.3840486705303192,0.4520569443702698,0.38487136363983154,0.4699942469596863,0.39027565717697144,0.48001065850257874,0.3916633427143097,0.4748014509677887,0.3754572868347168,0.48129838705062866,0.37902769446372986,0.4961855411529541,0.3862258195877075,0.502306342124939,0.38365405797958374,0.49949413537979126,0.3721453845500946,0.506959855556488,0.3771873116493225,0.5185868144035339,0.38490843772888184,0.5237273573875427,0.37780556082725525,0.5258913040161133,0.3712538778781891,0.5315990447998047,0.3769199550151825,0.5411337018013,0.3835926055908203,0.5443800091743469
abraco,0.4335414469242096,0.565790057182312,0.4303399324417114,0.5168994069099426,0.416576623916626,0.48143911361694336,0.4003339111804962,0.4664021134376526,0.3872765302658081,0.46385306119918823,0.40628373622894287,0.45843109488487244,0.3838527202606201,0.4543888568878174,0.3841964900493622,0.47275614738464355,0.39021509885787964,0.48272478580474854,0.39645326137542725,0.4746955633163452,0.37565934658050537,0.48240458965301514,0.37955257296562195,0.49837225675582886,0.3873136639595032,0.50335693359375,0.3881564140319824,0.49748677015304565,0.3726502060890198,0.5089210867881775,0.3781793415546417,0.5216825008392334,0.3863048255443573,0.5244594812393188,0.38156822323799133,0.5224595665931702,0.3726601004600525,0.5315338373184204,0.3786587417125702,0.5429924726486206,0.385504812002182,0.5455584526062012
abraco,0.4342282712459564,0.5618206858634949,0.43297138810157776,0.5142928957939148,0.41981926560401917,0.47563040256500244,0.40278518199920654,0.4627331793308258,0.3883374035358429,0.4641030430793762,0.41183653473854065,0.4508466124534607,0.3884117603302002,0.4376158118247986,0.38788896799087524,0.45727741718292236,0.39450380206108093,0.46901482343673706,0.4015425741672516,0.4671543538570404,0.3783758878707886,0.46722596883773804,0.3819667100906372,0.48458972573280334,0.3904649317264557,0.4905392825603485,0.39247632026672363,0.48933959007263184,0.374554842710495,0.495387464761734,0.3799123764038086,0.508803129196167,0.38820937275886536,0.512458860874176,0.3851020038127899,0.5142866969108582,0.3741661310195923,0.5199944972991943,0.3798772394657135,0.5319306254386902,0.38702693581581116,0.5351492166519165
abraco,0.43192803859710693,0.557586133480072,0.4322166442871094,0.5099117755889893,0.41873809695243835,0.4704475998878479,0.4015606641769409,0.44951963424682617,0.3893199563026428,0.4368228316307068,0.4109371304512024,0.4498659670352936,0.3886927366256714,0.43730446696281433,0.38966184854507446,0.45681485533714294,0.3969114124774933,0.4696650803089142,0.399931401014328,0.46848955750465393,0.3787783980369568,0.4675336182117462,0.38287582993507385,0.4845285415649414,0.39157935976982117,0.4910591244697571,0.39038795232772827,0.4917619228363037,0.37502720952033997,0.49632135033607483,0.3806801736354828,0.5091897249221802,0.38906121253967285,0.5134139060974121,0.38290393352508545,0.5168845057487488,0.37466272711753845,0.5214698314666748,0.3806021213531494,0.5330193638801575,0.3874807059764862,0.5363168716430664
abraco,0.4330747425556183,0.5614478588104248,0.4300112724304199,0.5121839046478271,0.41619762778282166,0.4791962206363678,0.4006543457508087,0.47346383333206177,0.38736090064048767,0.48312070965766907,0.40657562017440796,0.4541753828525543,0.3853684067726135,0.4543027877807617,0.38676637411117554,0.47410133481025696,0.3936183750629425,0.4846484959125519,0.39595967531204224,0.4716636538505554,0.377681165933609,0.4831943213939667,0.38238459825515747,0.49974966049194336,0.3906964063644409,0.5049030780792236,0.3872332274913788,0.49658316373825073,0.37410804629325867,0.5087701082229614,0.3801230788230896,0.5214949250221252,0.3884020447731018,0.5246380567550659,0.3801307678222656,0.5232909321784973,0.3728112280368805,0.5326482057571411,0.3792431652545929,0.5435873866081238,0.386604368686676,0.5461508631706238
abraco,0.4327174723148346,0.5593199133872986,0.4304152727127075,0.5107463598251343,0.4173728823661804,0.47467297315597534,0.40098676085472107,0.46308425068855286,0.38682806491851807,0.46706974506378174,0.4099311828613281,0.4525440037250519,0.387052059173584,0.4449036121368408,0.38648974895477295,0.4638235867023468,0.39234599471092224,0.4746077060699463,0.39941462874412537,0.4688441753387451,0.3782771825790405,0.47360771894454956,0.3817727267742157,0.4899810552597046,0.3895467221736908,0.4956211447715759,0.3902922570705414,0.4910864233970642,0.3745771050453186,0.49989622831344604,0.38000646233558655,0.5124690532684326,0.38795384764671326,0.5159544348716736,0.3826872706413269,0.5155348777770996,0.3735213577747345,0.5228981971740723,0.37936732172966003,0.5341013073921204,0.3862699270248413,0.53717041015625
abraco,0.4326280355453491,0.5630611777305603,0.4285620450973511,0.512499213218689,0.4148465692996979,0.4813743531703949,0.4007234275341034,0.4763973355293274,0.3882312774658203,0.48596274852752686,0.40476322174072266,0.4570099115371704,0.3855222761631012,0.45558205246925354,0.3869238495826721,0.47477787733078003,0.39346611499786377,0.4856714606285095,0.39366012811660767,0.47358188033103943,0.3777530789375305,0.48305121064186096,0.3820023536682129,0.49947643280029297,0.38997599482536316,0.5055884122848511,0.38481974601745605,0.49818095564842224,0.37372368574142456,0.508817195892334,0.37969401478767395,0.5217245817184448,0.3880027234554291,0.5258747935295105,0.3778449296951294,0.5251519083976746,0.37222790718078613,0.5340020060539246,0.3786880373954773,0.5447626709938049,0.3861733376979828,0.5480359792709351
abraco,0.43506288528442383,0.5546099543571472,0.42989134788513184,0.508440375328064,0.41519224643707275,0.4799695909023285,0.4011055827140808,0.47810351848602295,0.3894958794116974,0.4908406138420105,0.40623292326927185,0.45435401797294617,0.3840410113334656,0.4591754078865051,0.3848058581352234,0.4776984453201294,0.3908891975879669,0.4863104522228241,0.3957632780075073,0.47048482298851013,0.3767097592353821,0.4841192066669464,0.38045698404312134,0.499394953250885,0.38836684823036194,0.5023470520973206,0.38737380504608154,0.49421465396881104,0.37260952591896057,0.5071954727172852,0.3779149651527405,0.5195833444595337,0.38597482442855835,0.5201529264450073,0.3809790015220642,0.5206810235977173,0.37239736318588257,0.5308930277824402,0.3786334693431854,0.541100263595581,0.38620105385780334,0.5418065786361694
abraco,0.49179595708847046,0.5465160608291626,0.5000399947166443,0.5050018429756165,0.5154613852500916,0.47331613302230835,0.5316056609153748,0.46137648820877075,0.5446943640708923,0.4600778818130493,0.528174638748169,0.46203556656837463,0.5572487115859985,0.45055410265922546,0.5525179505348206,0.4675113558769226,0.5420023202896118,0.4788523018360138,0.5374096632003784,0.48782989382743835,0.5674571394920349,0.4787796437740326,0.5607228875160217,0.4939756989479065,0.5488756895065308,0.4998321235179901,0.5434423089027405,0.5165098309516907,0.570303738117218,0.5079647898674011,0.5628771781921387,0.5205031633377075,0.5516349673271179,0.5251038074493408,0.5464690923690796,0.5450547933578491,0.5677306056022644,0.5390591621398926,0.5613921284675598,0.5448746681213379,0.5511919856071472,0.5477246642112732
abraco,0.4961654543876648,0.5233962535858154,0.4810982644557953,0.4792456030845642,0.45548856258392334,0.4415161907672882,0.4310135245323181,0.4228683114051819,0.4112849831581116,0.4150668978691101,0.45167285203933716,0.4230283796787262,0.42076897621154785,0.39649951457977295,0.39812609553337097,0.3903502821922302,0.3793523609638214,0.3923466205596924,0.4502202868461609,0.44092899560928345,0.412349671125412,0.41969072818756104,0.3855162262916565,0.41945841908454895,0.36562013626098633,0.42564859986305237,0.44804075360298157,0.4672107398509979,0.412150502204895,0.4488655626773834,0.38558149337768555,0.44722428917884827,0.36667728424072266,0.45144766569137573,0.44558584690093994,0.49972081184387207,0.41860806941986084,0.4868107736110687,0.3994234800338745,0.48036783933639526,0.38443171977996826,0.47932952642440796
abraco,0.41719913482666016,0.5716997981071472,0.4093892276287079,0.5237302780151367,0.4177773892879486,0.47652697563171387,0.4327945113182068,0.44954779744148254,0.44548675417900085,0.4362656772136688,0.44849544763565063,0.46819114685058594,0.4703902006149292,0.4374951124191284,0.47904157638549805,0.42437291145324707,0.48307910561561584,0.4173224866390228,0.4617960453033447,0.4894370138645172,0.4805149435997009,0.45892849564552307,0.48785364627838135,0.4461365342140198,0.4923689663410187,0.4395717978477478,0.4716850221157074,0.5127596259117126,0.4890451431274414,0.48449409008026123,0.49500346183776855,0.4699823558330536,0.49769192934036255,0.46184828877449036,0.4795483350753784,0.5363752245903015,0.49383100867271423,0.5107328295707703,0.4982701241970062,0.4976787865161896,0.4998892843723297,0.4899139702320099
abraco,0.5359752774238586,0.6560826301574707,0.5122368335723877,0.6084778904914856,0.5038952231407166,0.5511301159858704,0.5007927417755127,0.5132835507392883,0.49807336926460266,0.4841451942920685,0.5220044255256653,0.49806615710258484,0.5104687809944153,0.451848566532135,0.48990416526794434,0.46096640825271606,0.48081696033477783,0.48209041357040405,0.5289275646209717,0.5017743706703186,0.5134928822517395,0.45880404114723206,0.4913167655467987,0.4787154793739319,0.48366302251815796,0.5066857933998108,0.5354290008544922,0.5129120349884033,0.5174443125724792,0.4742896258831024,0.4963565170764923,0.4981629550457001,0.48885855078697205,0.5294543504714966,0.5408055782318115,0.5295795798301697,0.5258486270904541,0.4995550215244293,0.5112277865409851,0.509092390537262,0.505458414554596,0.5292233228683472
abraco,0.5349829792976379,0.7216787934303284,0.5067436099052429,0.6895876526832581,0.4897197484970093,0.6424228549003601,0.4818730056285858,0.6052178740501404,0.47862496972084045,0.5735952258110046,0.5126560926437378,0.5714035034179688,0.48835816979408264,0.5428850054740906,0.46857190132141113,0.573021411895752,0.46363797783851624,0.6034243702888489,0.5169836282730103,0.5709456205368042,0.4867088496685028,0.5538082122802734,0.46523430943489075,0.5916252732276917,0.46276190876960754,0.6237109303474426,0.5198138356208801,0.5776121020317078,0.48877575993537903,0.5703421235084534,0.4693109691143036,0.6080737113952637,0.46794700622558594,0.6385970115661621,0.5219252705574036,0.5920458436012268,0.49567458033561707,0.5916267037391663,0.4805919826030731,0.6151235103607178,0.47886645793914795,0.6364488005638123
abraco,0.5315865278244019,0.7651398777961731,0.5007740259170532,0.7479669451713562,0.47954899072647095,0.7119323015213013,0.46648743748664856,0.6853538155555725,0.4562027156352997,0.6677045822143555,0.4892829656600952,0.6407405138015747,0.45826753973960876,0.6299949884414673,0.4440605938434601,0.6636154055595398,0.44464337825775146,0.6898519396781921,0.49144166707992554,0.6424736976623535,0.4573251008987427,0.6405354142189026,0.4436584413051605,0.6810838580131531,0.4479641616344452,0.7041661143302917,0.4929027259349823,0.6535963416099548,0.46015986800193787,0.6623086333274841,0.4484649896621704,0.7006180286407471,0.453593373298645,0.7201960682868958,0.4938989579677582,0.6721282005310059,0.4678650200366974,0.6874005198478699,0.4584299623966217,0.7109204530715942,0.46142101287841797,0.7236460447311401
abraco,0.5300257205963135,0.793936550617218,0.5000884532928467,0.7763957977294922,0.4777752757072449,0.7491676807403564,0.4606793522834778,0.7315696477890015,0.4467054605484009,0.722505509853363,0.47966572642326355,0.6888891458511353,0.43996936082839966,0.6899276375770569,0.43248310685157776,0.7227602005004883,0.4372960329055786,0.7437975406646729,0.48198801279067993,0.6973319053649902,0.4406796395778656,0.7037922143936157,0.43597808480262756,0.7413719892501831,0.4434211850166321,0.7584415674209595,0.4838225841522217,0.7152913212776184,0.4460156559944153,0.723484218120575,0.4424002170562744,0.760521650314331,0.45025792717933655,0.7764453887939453,0.4849444627761841,0.7397176623344421,0.45711201429367065,0.7430332899093628,0.4514525234699249,0.7669342160224915,0.455740749835968,0.7810152173042297
abraco,0.5328823924064636,0.8052618503570557,0.4958615303039551,0.7885081171989441,0.4700281620025635,0.7618284225463867,0.4490361511707306,0.7430329322814941,0.43312546610832214,0.727367639541626,0.477594256401062,0.7050163149833679,0.4395447075366974,0.7202202677726746,0.4435163736343384,0.7532213926315308,0.45484861731529236,0.766251802444458,0.48259028792381287,0.7130065560340881,0.4411722421646118,0.7312335968017578,0.4468216001987457,0.766089141368866,0.4584074318408966,0.7777777314186096,0.4866185784339905,0.7312955856323242,0.4470522105693817,0.7469508051872253,0.4531964957714081,0.7815669775009155,0.4660526514053345,0.7943229675292969,0.4899017810821533,0.754980742931366,0.45724642276763916,0.759790301322937,0.45749959349632263,0.78340083360672,0.4662259817123413,0.7974172830581665
abraco,0.5300260782241821,0.8061111569404602,0.49546757340431213,0.7894853353500366,0.46933281421661377,0.7630621790885925,0.4498492479324341,0.7442383170127869,0.43576526641845703,0.7255173325538635,0.47742989659309387,0.7023283839225769,0.4428635239601135,0.7251688241958618,0.4486750066280365,0.7554250359535217,0.4595804810523987,0.7638674974441528,0.4820729196071625,0.7117132544517517,0.4447644352912903,0.7402547001838684,0.4537917375564575,0.7700638175010681,0.4650327265262604,0.777170717716217,0.4856424927711487,0.7303769588470459,0.4501945376396179,0.755552351474762,0.460435152053833,0.7850658893585205,0.4728734493255615,0.7937792539596558,0.48875853419303894,0.754173994064331,0.45926594734191895,0.7684038281440735,0.4631059467792511,0.7885957360267639,0.47164055705070496,0.79783034324646
abraco,0.5288849472999573,0.8070263266563416,0.4923764169216156,0.7910038232803345,0.46737179160118103,0.7655056715011597,0.44930723309516907,0.7460465431213379,0.4349297285079956,0.7285522818565369,0.4728384017944336,0.706443190574646,0.4414815604686737,0.7289304733276367,0.44925984740257263,0.7595314979553223,0.46060681343078613,0.7689917683601379,0.47891056537628174,0.7158602476119995,0.4455590546131134,0.7510452270507812,0.45765596628189087,0.7796230912208557,0.4704362452030182,0.7878307104110718,0.48377227783203125,0.7339584827423096,0.45303475856781006,0.7683917284011841,0.46733641624450684,0.7962606549263,0.48111140727996826,0.807041347026825,0.48774364590644836,0.7568073272705078,0.4633711576461792,0.7785757184028625,0.47078588604927063,0.7990729808807373,0.4800916910171509,0.8091152906417847
abraco,0.4692002534866333,0.666193425655365,0.49028781056404114,0.6649134755134583,0.5089132189750671,0.6515617370605469,0.5205084681510925,0.6449018716812134,0.530329167842865,0.643487811088562,0.5114207863807678,0.6060718297958374,0.5308166742324829,0.6378598213195801,0.5245149731636047,0.6447802782058716,0.5174525380134583,0.6392484903335571,0.5056440830230713,0.6113592982292175,0.5267690420150757,0.6442791223526001,0.5203039050102234,0.6495153307914734,0.5130429267883301,0.6435803771018982,0.5008716583251953,0.6234009265899658,0.5214968919754028,0.6518712639808655,0.5148971676826477,0.6568602323532104,0.5075532793998718,0.6516934037208557,0.4968724250793457,0.6390388607978821,0.5142449736595154,0.6589381098747253,0.508453369140625,0.6637026071548462,0.5018436908721924,0.6599414348602295
abraco,0.4679826498031616,0.6686937808990479,0.4904387891292572,0.6693442463874817,0.5090610384941101,0.6549602150917053,0.5209795236587524,0.6477375030517578,0.5312134027481079,0.6456907391548157,0.5111692547798157,0.6056939959526062,0.5303469896316528,0.6383968591690063,0.5244188904762268,0.6483750939369202,0.5176687240600586,0.6453611850738525,0.5050261616706848,0.6112087368965149,0.526720404624939,0.6449655890464783,0.520363450050354,0.6531878709793091,0.5128419399261475,0.6497070789337158,0.5001582503318787,0.6239253282546997,0.5212875008583069,0.6534233689308167,0.5148743987083435,0.6606041789054871,0.5072983503341675,0.6568907499313354,0.4961636960506439,0.6400875449180603,0.514190673828125,0.6599332690238953,0.5093016624450684,0.6664551496505737,0.5030110478401184,0.6643878221511841
abraco,0.4703361690044403,0.6646864414215088,0.4900668263435364,0.6555581092834473,0.5086802244186401,0.6422576904296875,0.5211458802223206,0.6399359107017517,0.5314933061599731,0.6434823274612427,0.5115305185317993,0.6055848598480225,0.5311698913574219,0.6377136707305908,0.5253371000289917,0.6443207859992981,0.518748939037323,0.6390450596809387,0.5056149363517761,0.6120917797088623,0.5270283222198486,0.6440855264663696,0.520859956741333,0.6488462686538696,0.5136670470237732,0.6428709626197815,0.5008595585823059,0.6246386170387268,0.521977961063385,0.6525883078575134,0.5152830481529236,0.6574257016181946,0.5081179141998291,0.65218585729599,0.49679693579673767,0.6404551267623901,0.5149319171905518,0.6597814559936523,0.5092622637748718,0.6643769145011902,0.502705991268158,0.6606500148773193
abraco,0.43468043208122253,0.9338803291320801,0.45461079478263855,0.8930400609970093,0.4804302752017975,0.8764899373054504,0.5062674283981323,0.866985023021698,0.5272496938705444,0.8580531477928162,0.5008097290992737,0.9504503607749939,0.5384653806686401,0.9537980556488037,0.546859622001648,0.9272263646125793,0.5434986352920532,0.9029225707054138,0.49752870202064514,0.9718167781829834,0.5369847416877747,0.9711605906486511,0.5418472290039062,0.9345737099647522,0.5362143516540527,0.9113515019416809,0.4932357966899872,0.9787566065788269,0.5273300409317017,0.9777615070343018,0.5316863059997559,0.9447644352912903,0.5266110897064209,0.920255720615387,0.4886432886123657,0.9789589643478394,0.5145323872566223,0.9774768948554993,0.5222818851470947,0.9544286131858826,0.5209183096885681,0.9327589869499207
abraco,0.44705432653427124,0.9516296982765198,0.46247994899749756,0.9133865237236023,0.48685652017593384,0.8984325528144836,0.5100185871124268,0.8891425132751465,0.5306801199913025,0.8827881813049316,0.5089091062545776,0.9644142985343933,0.5455111265182495,0.9684491753578186,0.5528010725975037,0.9444973468780518,0.5476941466331482,0.9228897094726562,0.5057095289230347,0.9786407351493835,0.5423510074615479,0.9795605540275574,0.5478838086128235,0.9485007524490356,0.5430692434310913,0.9274769425392151,0.5024209022521973,0.9816869497299194,0.5348700881004333,0.9804942607879639,0.5404303669929504,0.9509158134460449,0.5373464226722717,0.9305547475814819,0.4992431104183197,0.9811533689498901,0.525791585445404,0.9798239469528198,0.5328108072280884,0.9579797387123108,0.5313326716423035,0.9375340342521667
abraco,0.6051157116889954,0.8944899439811707,0.5791681408882141,0.922311007976532,0.5545232892036438,0.915734589099884,0.5376260876655579,0.9082661867141724,0.5251409411430359,0.9060477018356323,0.5475883483886719,0.8573030233383179,0.5229355096817017,0.8755544424057007,0.5059436559677124,0.8932136297225952,0.4933338761329651,0.9060664176940918,0.552859365940094,0.8531545996665955,0.5224624276161194,0.8726581931114197,0.5028494000434875,0.8906736373901367,0.4880898594856262,0.9042550921440125,0.5610684156417847,0.8613125085830688,0.5300438404083252,0.8757303953170776,0.5141648054122925,0.8949519991874695,0.5040411353111267,0.9106951355934143,0.5704241394996643,0.8806964159011841,0.5493373274803162,0.8903443813323975,0.5401908755302429,0.9122117757797241,0.5362780094146729,0.9340804815292358
abraco,0.6053194999694824,0.8977723121643066,0.5814644694328308,0.9269123673439026,0.5594015121459961,0.9237886071205139,0.5447210073471069,0.9153684377670288,0.5344762206077576,0.910462498664856,0.5440462231636047,0.868924081325531,0.5252644419670105,0.8829488158226013,0.5130236744880676,0.8994282484054565,0.5062049031257629,0.9102529287338257,0.5498359203338623,0.8621986508369446,0.5267224907875061,0.8756546378135681,0.512990415096283,0.8944652676582336,0.5061894655227661,0.9092428088188171,0.5590408444404602,0.866055965423584,0.534454345703125,0.875407338142395,0.522279679775238,0.8941729664802551,0.5166482329368591,0.9074690937995911,0.5697592496871948,0.8812443614006042,0.5509849190711975,0.8975995779037476,0.5453526377677917,0.9156272411346436,0.5443438291549683,0.9300879836082458
abraco,0.5960355997085571,0.9018234014511108,0.5855997204780579,0.9418261647224426,0.5645914077758789,0.94584721326828,0.5470108389854431,0.9372710585594177,0.5334684252738953,0.9325613379478455,0.5424333810806274,0.8746431469917297,0.5189216136932373,0.9116805195808411,0.5247239470481873,0.9382690787315369,0.5310651659965515,0.9456773400306702,0.5428574681282043,0.8647150993347168,0.5179008841514587,0.906185507774353,0.5256927013397217,0.9314844012260437,0.5344666838645935,0.9340248107910156,0.5462121963500977,0.866714596748352,0.5203388929367065,0.9031394720077515,0.5277661681175232,0.9263318181037903,0.537506103515625,0.9273843169212341,0.5498724579811096,0.8780873417854309,0.5308417081832886,0.9032709002494812,0.5314233899116516,0.9194781184196472,0.5368335247039795,0.9198169708251953
acabar,0.3607979714870453,0.9234412312507629,0.37339311838150024,0.9186356067657471,0.39647889137268066,0.9273034334182739,0.41997402906417847,0.9483098983764648,0.441336452960968,0.9678567051887512,0.4235805571079254,0.9452250003814697,0.44783997535705566,0.96896892786026,0.45071595907211304,0.9863213300704956,0.4486764371395111,0.9987896680831909,0.42351993918418884,0.9564827084541321,0.44639286398887634,0.9813897013664246,0.45016396045684814,0.995973527431488,0.45075538754463196,1.009546160697937,0.4206160306930542,0.9671933650970459,0.4412298798561096,0.988178014755249,0.44365161657333374,0.9996296763420105,0.44398245215415955,1.010528802871704,0.41654545068740845,0.9771199822425842,0.4345322251319885,0.9924368858337402,0.43845438957214355,1.0024760961532593,0.43974775075912476,1.0118857622146606
acabar,0.3345845341682434,0.9142476320266724,0.35656964778900146,0.8822299838066101,0.38751596212387085,0.8892335891723633,0.4128383994102478,0.9170001149177551,0.43103456497192383,0.9430019855499268,0.3998163342475891,0.9612412452697754,0.43765127658843994,0.9843785166740417,0.43735358119010925,0.9580738544464111,0.424791544675827,0.9424683451652527,0.396009624004364,0.9816842079162598,0.43302759528160095,1.0019762516021729,0.4355248212814331,0.9801470637321472,0.42623406648635864,0.969065248966217,0.39284229278564453,0.9901552796363831,0.4286121129989624,1.0088343620300293,0.4303607940673828,0.9874996542930603,0.4221324920654297,0.9752501845359802,0.3914545178413391,0.9927559494972229,0.4232518672943115,1.0061765909194946,0.42630162835121155,0.9919964075088501,0.41971489787101746,0.981718122959137
acabar,0.3272280693054199,0.873267650604248,0.35077857971191406,0.8337250351905823,0.37914860248565674,0.8342690467834473,0.40408211946487427,0.867117702960968,0.42275482416152954,0.8947623372077942,0.36867767572402954,0.9012238383293152,0.3993707299232483,0.9538797736167908,0.42020562291145325,0.9545427560806274,0.4349712133407593,0.9470159411430359,0.36370474100112915,0.9331400990486145,0.4021492600440979,0.9846483469009399,0.4266175925731659,0.9732041954994202,0.438289076089859,0.9527188539505005,0.3635297119617462,0.9489651322364807,0.39925912022590637,0.989920973777771,0.4199753999710083,0.9755455255508423,0.43008503317832947,0.9552546739578247,0.3660290241241455,0.9545320272445679,0.39316678047180176,0.9831271767616272,0.41012629866600037,0.9774394631385803,0.4200771450996399,0.9645302891731262
acabar,0.5049394369125366,0.9526084661483765,0.46806600689888,0.9333834052085876,0.44206759333610535,0.8949719071388245,0.42233964800834656,0.8706551194190979,0.40202969312667847,0.8584609627723694,0.44483935832977295,0.8439584374427795,0.42989569902420044,0.7989161610603333,0.4103459417819977,0.7994751334190369,0.39629191160202026,0.8095938563346863,0.4547366797924042,0.8388277292251587,0.4419066309928894,0.7844501733779907,0.418461412191391,0.7911064624786377,0.40382465720176697,0.8073253631591797,0.4658736288547516,0.8426163792610168,0.4582260847091675,0.7894234657287598,0.43469759821891785,0.7918236255645752,0.41795241832733154,0.8032752275466919,0.4792209267616272,0.8563016653060913,0.48194342851638794,0.8168750405311584,0.4669489860534668,0.8107998967170715,0.4532541334629059,0.8158940076828003
acabar,0.30410340428352356,0.8051987886428833,0.3156132400035858,0.7653620839118958,0.3316756784915924,0.7399823665618896,0.3512493073940277,0.7381204962730408,0.3703949451446533,0.746482253074646,0.29718267917633057,0.7693530321121216,0.30915749073028564,0.7751871943473816,0.3233121633529663,0.784251868724823,0.3358032703399658,0.7958341240882874,0.29328811168670654,0.810954213142395,0.32060447335243225,0.8210897445678711,0.3409552574157715,0.8307113647460938,0.35723280906677246,0.8399333953857422,0.29326578974723816,0.8471935391426086,0.32062801718711853,0.8634071946144104,0.3382813632488251,0.8734936714172363,0.3517073094844818,0.8788583278656006,0.2933053970336914,0.8767576813697815,0.3087364435195923,0.8999262452125549,0.3155682682991028,0.9066781401634216,0.31925177574157715,0.9062426090240479
acabar,0.25150731205940247,0.7835252285003662,0.2712338864803314,0.7353018522262573,0.2888292670249939,0.697350263595581,0.3039110004901886,0.6768106818199158,0.321248322725296,0.6748721599578857,0.2608361542224884,0.6908055543899536,0.26431623101234436,0.6767487525939941,0.27608543634414673,0.6867176294326782,0.28690406680107117,0.701536238193512,0.2522071897983551,0.7253474593162537,0.25711914896965027,0.718940794467926,0.273335725069046,0.7252774834632874,0.28750675916671753,0.7316877245903015,0.24557261168956757,0.7618371844291687,0.25098589062690735,0.7629231214523315,0.26398494839668274,0.7675508856773376,0.27502936124801636,0.7707614898681641,0.24041497707366943,0.7963600754737854,0.24206319451332092,0.8064207434654236,0.2499668449163437,0.8123875260353088,0.25683504343032837,0.8162492513656616
acabar,0.5793966054916382,0.8702009916305542,0.5602568984031677,0.8133000135421753,0.5530593991279602,0.757297158241272,0.546272337436676,0.717714786529541,0.5338684320449829,0.6858369708061218,0.597267746925354,0.6829508543014526,0.6026761531829834,0.6201953291893005,0.5852165222167969,0.6062744855880737,0.5665088295936584,0.6081205010414124,0.6120242476463318,0.6928326487541199,0.6266151070594788,0.6112903356552124,0.6094198822975159,0.5965242385864258,0.5933874845504761,0.5983632206916809,0.6220832467079163,0.7138683199882507,0.6215604543685913,0.6468661427497864,0.5886576771736145,0.6575489640235901,0.5642114877700806,0.6800719499588013,0.6276112794876099,0.7413586378097534,0.6350341439247131,0.6899523735046387,0.6203610301017761,0.6729022860527039,0.6040658950805664,0.6686334609985352
acabar,0.6012007594108582,0.8163672089576721,0.5856594443321228,0.7390366792678833,0.5944264531135559,0.6689181923866272,0.612581729888916,0.6267954111099243,0.6285783648490906,0.6023387312889099,0.6341466903686523,0.6484358310699463,0.6488239765167236,0.6024629473686218,0.6487975120544434,0.5842322707176208,0.647184431552887,0.5691819190979004,0.6494321227073669,0.6692390441894531,0.6558157205581665,0.6234521269798279,0.6325381994247437,0.6441124081611633,0.613875687122345,0.6702691316604614,0.6613462567329407,0.6948833465576172,0.6742587685585022,0.6485815048217773,0.650875985622406,0.6453490853309631,0.6301525831222534,0.6532737016677856,0.670001745223999,0.7267382740974426,0.6947093605995178,0.711901068687439,0.7070731520652771,0.6941879391670227,0.7179586887359619,0.6764252185821533
acabar,0.22680354118347168,0.656320333480835,0.22505365312099457,0.6007540225982666,0.21444660425186157,0.5545367002487183,0.20095735788345337,0.527852475643158,0.18251626193523407,0.5323610305786133,0.16607123613357544,0.5475263595581055,0.13782569766044617,0.5242145657539368,0.1278492659330368,0.501467764377594,0.1209244504570961,0.48328542709350586,0.15744292736053467,0.5731504559516907,0.13193485140800476,0.5426003336906433,0.15342314541339874,0.5349463224411011,0.1742350161075592,0.5398206114768982,0.15402257442474365,0.6032801270484924,0.12315172702074051,0.5794662833213806,0.1425587385892868,0.5684044361114502,0.16126009821891785,0.5677826404571533,0.15696492791175842,0.6380712389945984,0.1299779862165451,0.6448749303817749,0.1207365170121193,0.6368817090988159,0.11300380527973175,0.6301084160804749
acabar,0.6530364155769348,0.7535734176635742,0.6459550261497498,0.7055646777153015,0.6515156626701355,0.6486396789550781,0.6635672450065613,0.6084126830101013,0.6800416111946106,0.5890105366706848,0.6923975944519043,0.6209232211112976,0.7093508243560791,0.5811477899551392,0.713178813457489,0.5476253032684326,0.7157948017120361,0.5224984288215637,0.7064889073371887,0.6384583711624146,0.7243661284446716,0.588607907295227,0.7000575661659241,0.5932422876358032,0.6806297898292542,0.6150641441345215,0.7170777916908264,0.6629524827003479,0.7407777309417725,0.6183342933654785,0.7259063124656677,0.5994809865951538,0.7118490934371948,0.5951213836669922,0.7244095802307129,0.694168210029602,0.7507894039154053,0.6814038157463074,0.7639349102973938,0.6644970774650574,0.7736279368400574,0.6468742489814758
acabar,0.6560952067375183,0.7377375960350037,0.6515036225318909,0.6881788969039917,0.6596922278404236,0.627806544303894,0.6728017330169678,0.5853447914123535,0.6910498142242432,0.5741510391235352,0.6992795467376709,0.6055257320404053,0.7190455198287964,0.5651592016220093,0.724062979221344,0.5324615240097046,0.7278448343276978,0.5072091221809387,0.7129058241844177,0.623451292514801,0.7287067174911499,0.5750406980514526,0.7047807574272156,0.5832585692405701,0.6861575841903687,0.6063477396965027,0.723414421081543,0.649279773235321,0.7496475577354431,0.6049448251724243,0.7381859421730042,0.586042582988739,0.7257733941078186,0.5798835754394531,0.7303150296211243,0.6814931631088257,0.7573525309562683,0.6714093089103699,0.7717076539993286,0.6560951471328735,0.7821626663208008,0.6391273140907288
acabar,0.2144337296485901,0.6005231142044067,0.21486851572990417,0.5523548722267151,0.2033085823059082,0.5008947849273682,0.18926012516021729,0.46699807047843933,0.16963598132133484,0.4726523458957672,0.155044287443161,0.49994155764579773,0.12594999372959137,0.4686410427093506,0.11567109823226929,0.4433727562427521,0.10980125516653061,0.4247056543827057,0.1456344872713089,0.5235528349876404,0.12175091356039047,0.48969629406929016,0.14180462062358856,0.4805031418800354,0.16448122262954712,0.48469752073287964,0.1407860666513443,0.5514499545097351,0.1104971170425415,0.5280066728591919,0.11878395080566406,0.5079047083854675,0.13218317925930023,0.4987761974334717,0.14139114320278168,0.5855227708816528,0.1153932735323906,0.5952590107917786,0.10679987072944641,0.5849102139472961,0.10267423093318939,0.5736985206604004
acabar,0.23222050070762634,0.5859824419021606,0.22936519980430603,0.5408874154090881,0.2173829972743988,0.4952223598957062,0.2047664374113083,0.4644961953163147,0.18818145990371704,0.47206780314445496,0.16997182369232178,0.49652349948883057,0.14457689225673676,0.46553170680999756,0.1335572600364685,0.4384520351886749,0.12770560383796692,0.41769182682037354,0.16213300824165344,0.5199044942855835,0.14144447445869446,0.48752084374427795,0.16117194294929504,0.4766347408294678,0.1830093264579773,0.4755178689956665,0.15812179446220398,0.5466562509536743,0.12856119871139526,0.5244564414024353,0.13687419891357422,0.5022337436676025,0.15096968412399292,0.4887891113758087,0.15995950996875763,0.579633891582489,0.13302236795425415,0.5871880054473877,0.12268973886966705,0.5760849118232727,0.1181105375289917,0.564440131187439
acabar,0.25567227602005005,0.5936946272850037,0.2580892741680145,0.5495346784591675,0.24779313802719116,0.5000136494636536,0.23675811290740967,0.4644056260585785,0.22038620710372925,0.46143367886543274,0.20139768719673157,0.49927186965942383,0.17532730102539062,0.4667978584766388,0.16488119959831238,0.43536362051963806,0.15848442912101746,0.41303586959838867,0.192165344953537,0.5193161964416504,0.17193038761615753,0.48653364181518555,0.19324781000614166,0.4705968499183655,0.21577787399291992,0.4690115451812744,0.18719054758548737,0.5443551540374756,0.159235879778862,0.5154641270637512,0.1721155047416687,0.49411389231681824,0.18831662833690643,0.4832405745983124,0.18806752562522888,0.5749289989471436,0.161895751953125,0.5788854360580444,0.15384894609451294,0.5685347318649292,0.14977706968784332,0.5587813854217529
acabar,0.28279954195022583,0.606280505657196,0.2889682948589325,0.5579389333724976,0.28323251008987427,0.5072578191757202,0.2764475345611572,0.4748249053955078,0.26885947585105896,0.45829227566719055,0.2385529726743698,0.49742794036865234,0.20948301255702972,0.4541475176811218,0.2038319855928421,0.4236129820346832,0.20361128449440002,0.4036252200603485,0.22970448434352875,0.515356183052063,0.21266314387321472,0.4783612787723541,0.23256289958953857,0.46445876359939575,0.25278595089912415,0.46687939763069153,0.22596418857574463,0.5418279767036438,0.2022544890642166,0.5087417364120483,0.2184971570968628,0.49302324652671814,0.2354719042778015,0.48880648612976074,0.22722281515598297,0.5729267597198486,0.20280921459197998,0.5730181932449341,0.19781868159770966,0.5648574233055115,0.19558925926685333,0.5585510730743408
acabar,0.30545157194137573,0.6332484483718872,0.32816919684410095,0.6049783825874329,0.33051344752311707,0.5693103075027466,0.31249433755874634,0.546188473701477,0.2979467213153839,0.5282819867134094,0.32129764556884766,0.5128051042556763,0.3308274447917938,0.46552830934524536,0.3183618187904358,0.4672599136829376,0.3078407645225525,0.4817163050174713,0.3000446557998657,0.5133785009384155,0.29310134053230286,0.4673754870891571,0.2897952198982239,0.4708544611930847,0.29393088817596436,0.48616164922714233,0.2811325490474701,0.5303995609283447,0.2689099609851837,0.49457788467407227,0.27093058824539185,0.48860839009284973,0.2795860171318054,0.4909350275993347,0.2666151821613312,0.556170642375946,0.25047704577445984,0.5411843061447144,0.24873772263526917,0.54069584608078,0.25391432642936707,0.5483999848365784
acabar,0.3630322217941284,0.6379650831222534,0.37801963090896606,0.5801933407783508,0.3837275505065918,0.5348993539810181,0.38368120789527893,0.5064132213592529,0.38434863090515137,0.4922265112400055,0.34846407175064087,0.4994458854198456,0.32425588369369507,0.440958708524704,0.3347665071487427,0.4190182387828827,0.3512398898601532,0.4161531925201416,0.3417969346046448,0.5175682306289673,0.3264649212360382,0.4661359190940857,0.34503450989723206,0.4454159736633301,0.3658943772315979,0.4474692642688751,0.336208701133728,0.5465978980064392,0.32422277331352234,0.5084520578384399,0.3447782099246979,0.4936830699443817,0.3664228916168213,0.4958336353302002,0.3320228159427643,0.580322265625,0.3136812746524811,0.5588170289993286,0.31909167766571045,0.5500771999359131,0.3287157714366913,0.5546287298202515
acabar,0.47225838899612427,0.7772771716117859,0.4557862877845764,0.746379554271698,0.44300559163093567,0.7125054001808167,0.4293002486228943,0.6921055316925049,0.415223628282547,0.6806687712669373,0.473178893327713,0.6499451398849487,0.47524553537368774,0.5961437225341797,0.46671536564826965,0.5798287987709045,0.4571758210659027,0.5718379616737366,0.48741257190704346,0.6654902100563049,0.4758598506450653,0.6158112287521362,0.4510374963283539,0.6047235131263733,0.4324212968349457,0.6078438758850098,0.49749961495399475,0.6982298493385315,0.4835362434387207,0.6694920063018799,0.4533884823322296,0.6695767641067505,0.4318097233772278,0.6781080961227417,0.5018330812454224,0.7392800450325012,0.5186349749565125,0.7324714064598083,0.5314174890518188,0.7261034250259399,0.5443403124809265,0.7204434275627136
acabar,0.4209180176258087,0.649169385433197,0.4392395615577698,0.6188700795173645,0.4632032811641693,0.5986576676368713,0.4830667972564697,0.5890352129936218,0.4967159032821655,0.5830098986625671,0.4673800468444824,0.5837348103523254,0.486541748046875,0.5477004647254944,0.499205619096756,0.5212796926498413,0.5090538263320923,0.4976981282234192,0.46730998158454895,0.6016173958778381,0.500027596950531,0.5856086015701294,0.5255236625671387,0.5755335688591003,0.546235978603363,0.5693801045417786,0.4619373381137848,0.6280418038368225,0.489540159702301,0.6126336455345154,0.5115821361541748,0.6053574681282043,0.5309492349624634,0.6024146676063538,0.4529603123664856,0.6602591276168823,0.4658870995044708,0.6560452580451965,0.4731753468513489,0.6556267738342285,0.4791865348815918,0.6584668159484863
acabar,0.4472707509994507,0.6904754042625427,0.4717954695224762,0.6446200013160706,0.5002642869949341,0.6218326091766357,0.5231351852416992,0.6215107440948486,0.5371699929237366,0.6259613633155823,0.5039171576499939,0.6099973320960999,0.5298340916633606,0.5795233249664307,0.5443302392959595,0.5578325986862183,0.5551517605781555,0.5369114875793457,0.5077084898948669,0.635926365852356,0.548007071018219,0.6164261102676392,0.573047399520874,0.6048829555511475,0.5930256247520447,0.5954505801200867,0.5072891712188721,0.668454647064209,0.5388196110725403,0.6554333567619324,0.553513765335083,0.6499059200286865,0.5660831332206726,0.6442093253135681,0.5042897462844849,0.703545868396759,0.5254289507865906,0.6969900727272034,0.5298070311546326,0.697324275970459,0.53277188539505,0.6986954212188721
acabar,0.4697815179824829,0.7035464644432068,0.49173176288604736,0.6594517230987549,0.5197542905807495,0.6447291374206543,0.5405891537666321,0.6527486443519592,0.5532402992248535,0.6596261858940125,0.5250734090805054,0.6314801573753357,0.5515923500061035,0.6021207571029663,0.5671370625495911,0.5805407166481018,0.5795339345932007,0.5617437362670898,0.5276692509651184,0.662485659122467,0.5648687481880188,0.643591582775116,0.5886492729187012,0.6330922842025757,0.6080192923545837,0.6235662698745728,0.5259504914283752,0.6959196925163269,0.5589914917945862,0.6879682540893555,0.57480388879776,0.6797963976860046,0.5862566828727722,0.6692730784416199,0.5217950940132141,0.7289295792579651,0.5456222891807556,0.7213927507400513,0.5507139563560486,0.7135636806488037,0.5521206855773926,0.705277681350708
acabar,0.4789074659347534,0.7079943418502808,0.4984140992164612,0.6669047474861145,0.5240495800971985,0.6540619730949402,0.5438377261161804,0.6643962860107422,0.5555283427238464,0.6747516989707947,0.5332136750221252,0.6386133432388306,0.5599290132522583,0.610875129699707,0.5764004588127136,0.5915354490280151,0.5893580913543701,0.5754716992378235,0.5361497402191162,0.66994309425354,0.5703644156455994,0.6598840951919556,0.5924572348594666,0.65413498878479,0.6111842393875122,0.64906907081604,0.533767819404602,0.7019785642623901,0.5634549260139465,0.6959230899810791,0.5813795328140259,0.6909671425819397,0.5966925621032715,0.6849328875541687,0.5276931524276733,0.7316952347755432,0.5412803888320923,0.730711817741394,0.5491061806678772,0.7312647700309753,0.5565106868743896,0.7315914630889893
acabar,0.4774439334869385,0.7076930999755859,0.4989001154899597,0.6674599051475525,0.5257156491279602,0.6523352861404419,0.5480194687843323,0.6570917963981628,0.5619730949401855,0.6610379219055176,0.5349225997924805,0.6417855024337769,0.5630340576171875,0.6145780086517334,0.579491138458252,0.5963853597640991,0.5928143262863159,0.5803017616271973,0.5367180109024048,0.6709945201873779,0.5740476250648499,0.6616222262382507,0.5977503061294556,0.6560378074645996,0.6177860498428345,0.6498978137969971,0.5334312319755554,0.7018290758132935,0.5644124150276184,0.6983835697174072,0.5821533203125,0.6939984560012817,0.5973469018936157,0.6875057220458984,0.5268992781639099,0.7307714223861694,0.5417007207870483,0.7334048748016357,0.5505117774009705,0.7352222204208374,0.559084951877594,0.7360360026359558
acabar,0.47614359855651855,0.7068030834197998,0.49750852584838867,0.6672855615615845,0.52484530210495,0.6530836820602417,0.546446681022644,0.6607558727264404,0.5593148469924927,0.6681855320930481,0.5334559082984924,0.6423667669296265,0.5611949563026428,0.6156851649284363,0.5780609846115112,0.598756730556488,0.5919290781021118,0.5841206312179565,0.5355521440505981,0.672149658203125,0.5722349286079407,0.6613785028457642,0.5955549478530884,0.6563820838928223,0.6154434680938721,0.6514976024627686,0.5325589179992676,0.7039229869842529,0.5624444484710693,0.6981812715530396,0.5800638198852539,0.6939034461975098,0.5953164100646973,0.6876770853996277,0.5261406898498535,0.7338510155677795,0.5412898659706116,0.7341882586479187,0.5496257543563843,0.7347185611724854,0.5576910972595215,0.7343893051147461
acabar,0.4740230143070221,0.7063210606575012,0.495246946811676,0.6660189628601074,0.5214963555335999,0.652910590171814,0.5416700839996338,0.6636648774147034,0.5530737042427063,0.675948441028595,0.5307649374008179,0.6412906050682068,0.5590158700942993,0.6156979203224182,0.5763934850692749,0.5991790294647217,0.5905360579490662,0.5850196480751038,0.5333257913589478,0.6715536117553711,0.5695446133613586,0.6621967554092407,0.5927914977073669,0.6581760048866272,0.612537145614624,0.6544080972671509,0.5308391451835632,0.7030872702598572,0.559917688369751,0.6968280673027039,0.5776050686836243,0.6936278343200684,0.5928978323936462,0.6888121962547302,0.5248957872390747,0.7326135039329529,0.5402041673660278,0.733138382434845,0.548818051815033,0.7341817617416382,0.5568901300430298,0.7345390319824219
acabar,0.46608394384384155,0.7118281126022339,0.4888680577278137,0.6689799427986145,0.5175270438194275,0.654465913772583,0.5393465161323547,0.6658427119255066,0.5520573854446411,0.6811177730560303,0.5262589454650879,0.6422479152679443,0.5552951097488403,0.6161352396011353,0.5724846124649048,0.5983627438545227,0.5863184332847595,0.581905722618103,0.5291708111763,0.6725850701332092,0.5682675242424011,0.661739706993103,0.5939700603485107,0.6571386456489563,0.6151818633079529,0.6538755893707275,0.527186930179596,0.7046946287155151,0.5567715764045715,0.6973541378974915,0.5736196637153625,0.6920058727264404,0.5875098705291748,0.6851778030395508,0.5222781300544739,0.7360690832138062,0.5411497354507446,0.7324671149253845,0.5486884713172913,0.7301604747772217,0.5547942519187927,0.7274159789085388
acabar,0.4604375660419464,0.7085344791412354,0.48424988985061646,0.6655193567276001,0.5120044350624084,0.6496189832687378,0.5330771207809448,0.6606582999229431,0.5454660058021545,0.6754025220870972,0.522254228591919,0.6372302770614624,0.5501375198364258,0.610394299030304,0.567754864692688,0.592467188835144,0.5817158222198486,0.5756623148918152,0.5249832272529602,0.6664432287216187,0.5649449825286865,0.6586531400680542,0.5901426076889038,0.6552078127861023,0.6105690598487854,0.6524969339370728,0.523403525352478,0.697642982006073,0.5533443689346313,0.6898662447929382,0.5686745047569275,0.6857051849365234,0.5812633037567139,0.680414080619812,0.5196317434310913,0.7282962799072266,0.5396993160247803,0.7243791818618774,0.5466079115867615,0.722966730594635,0.5521251559257507,0.7216112017631531
acabar,0.4527174234390259,0.7050763368606567,0.48090654611587524,0.6607890725135803,0.5109919905662537,0.6443089246749878,0.5342090129852295,0.6557261347770691,0.5476571321487427,0.6723986268043518,0.5187454223632812,0.6318049430847168,0.5470342636108398,0.6057013869285583,0.5644492506980896,0.5872721076011658,0.5787892937660217,0.5703027844429016,0.5203133821487427,0.6617043614387512,0.5604203939437866,0.6544130444526672,0.5862733125686646,0.6530462503433228,0.6073874235153198,0.6537284255027771,0.5169705748558044,0.6946678757667542,0.5484721064567566,0.6832377314567566,0.5643613934516907,0.6777415871620178,0.5776110291481018,0.6731699705123901,0.5109186172485352,0.7280541658401489,0.5293410420417786,0.7189846634864807,0.5365937352180481,0.716569185256958,0.5432156920433044,0.7165684103965759
acabar,0.4496960937976837,0.6936137080192566,0.4771508574485779,0.651540994644165,0.509174108505249,0.6292479038238525,0.5373124480247498,0.6296045780181885,0.5548819303512573,0.6315711140632629,0.511741578578949,0.6187281012535095,0.5395302772521973,0.5923618078231812,0.5570353269577026,0.5747963786125183,0.5712055563926697,0.5580919981002808,0.5130517482757568,0.6464389562606812,0.5532209873199463,0.640357255935669,0.5780924558639526,0.6434680819511414,0.5976398587226868,0.6481757760047913,0.5108969211578369,0.6783726215362549,0.542719304561615,0.6679922342300415,0.5579766035079956,0.6649929285049438,0.5701112747192383,0.6624646782875061,0.5073832273483276,0.7132387757301331,0.5268674492835999,0.704801619052887,0.5319745540618896,0.7048059701919556,0.5357329249382019,0.7073709964752197
acabar,0.4430489242076874,0.6735118627548218,0.4687003791332245,0.6338642239570618,0.5047930479049683,0.6081675887107849,0.5368767976760864,0.6011825203895569,0.5583674907684326,0.5936394929885864,0.49913451075553894,0.5979672074317932,0.5262922048568726,0.5693092942237854,0.5444904565811157,0.5524201989173889,0.5594425797462463,0.536790668964386,0.49953773617744446,0.6245957612991333,0.5391573905944824,0.6174361109733582,0.5627644062042236,0.6203582286834717,0.5812216997146606,0.624155580997467,0.49835148453712463,0.6561811566352844,0.5303254723548889,0.6502019762992859,0.5453722476959229,0.6474428772926331,0.5575555562973022,0.6432686448097229,0.4963953495025635,0.6908040642738342,0.5173243880271912,0.6844666600227356,0.5217568874359131,0.6819416880607605,0.5253893733024597,0.6803216338157654
acabar,0.42813754081726074,0.6476671695709229,0.4556424021720886,0.6109009385108948,0.48835623264312744,0.5815779566764832,0.5146512389183044,0.5661931037902832,0.5331956744194031,0.5518449544906616,0.48268958926200867,0.5690743923187256,0.5086215138435364,0.5412625670433044,0.5253488421440125,0.5225592255592346,0.5394659042358398,0.5038514733314514,0.48031723499298096,0.5879982113838196,0.5171170234680176,0.5805470943450928,0.5412232279777527,0.5783001780509949,0.5608988404273987,0.5779746770858765,0.47607502341270447,0.6163221597671509,0.507372260093689,0.6104720830917358,0.5259532332420349,0.6073684692382812,0.5423843860626221,0.6055163741111755,0.47093239426612854,0.6501450538635254,0.49111512303352356,0.6467597484588623,0.5021465420722961,0.6489134430885315,0.5131341814994812,0.6544878482818604
acabar,0.46474456787109375,0.8164564967155457,0.41904202103614807,0.7919621467590332,0.3975660800933838,0.7559791207313538,0.38185209035873413,0.7292904257774353,0.3667895495891571,0.7134775519371033,0.4208047688007355,0.6982049345970154,0.38287660479545593,0.6809898018836975,0.35946324467658997,0.6848959922790527,0.33963286876678467,0.6895843148231506,0.42900869250297546,0.7133052945137024,0.38491952419281006,0.696063756942749,0.35920166969299316,0.7006857991218567,0.33905529975891113,0.7037116289138794,0.4349766671657562,0.7418033480644226,0.39620503783226013,0.7312812209129333,0.3732938766479492,0.731320321559906,0.3545999228954315,0.7305244207382202,0.4376787841320038,0.7774733901023865,0.41984471678733826,0.7743051052093506,0.4092690944671631,0.7688108682632446,0.3986627459526062,0.7626394629478455
acabar,0.48719072341918945,0.8269654512405396,0.4450226128101349,0.8053328990936279,0.4208012819290161,0.7640063166618347,0.4037553071975708,0.7345730662345886,0.38981568813323975,0.7155346274375916,0.4485257863998413,0.6900282502174377,0.411757230758667,0.6771575212478638,0.38813748955726624,0.6870243549346924,0.3695128858089447,0.6989591717720032,0.45798027515411377,0.6999764442443848,0.41268080472946167,0.6823806762695312,0.3862113952636719,0.6938913464546204,0.367824912071228,0.7042121291160583,0.4641984701156616,0.7245988249778748,0.42519986629486084,0.7123298645019531,0.3998880386352539,0.717222273349762,0.3807697594165802,0.7235220670700073,0.46644794940948486,0.7592824101448059,0.44276267290115356,0.7491236329078674,0.42585280537605286,0.7472647428512573,0.40994372963905334,0.749538779258728
acabar,0.49192357063293457,0.8451884984970093,0.46114909648895264,0.7999251484870911,0.4417995512485504,0.7545586228370667,0.42804038524627686,0.7229579091072083,0.4160173535346985,0.7029899954795837,0.4729635417461395,0.6788995265960693,0.43824368715286255,0.6695597171783447,0.4146170914173126,0.6848755478858948,0.3985552191734314,0.6997461915016174,0.48376163840293884,0.6886628866195679,0.44550374150276184,0.6775385141372681,0.4184805750846863,0.6907622814178467,0.3998430371284485,0.7065807580947876,0.4913064241409302,0.7136921286582947,0.45766744017601013,0.7021098732948303,0.4311189353466034,0.710972785949707,0.4117797315120697,0.722213864326477,0.4943197965621948,0.7470803260803223,0.4733852446079254,0.7350376844406128,0.45513638854026794,0.7367521524429321,0.4378645420074463,0.742802083492279
acabar,0.3450393080711365,0.6453664302825928,0.3667529821395874,0.5979875326156616,0.38797974586486816,0.5503363609313965,0.4090252220630646,0.5170860290527344,0.4254964590072632,0.4896627366542816,0.36953434348106384,0.5360437631607056,0.377398282289505,0.500341534614563,0.3869553506374359,0.4776896834373474,0.39564454555511475,0.4572668969631195,0.36665257811546326,0.5560933351516724,0.3985547125339508,0.5316399335861206,0.422258198261261,0.5271646976470947,0.44068849086761475,0.5286033153533936,0.366210401058197,0.5873218178749084,0.3998188376426697,0.5737687349319458,0.422249436378479,0.5759649276733398,0.43914711475372314,0.578969419002533,0.36746641993522644,0.623132586479187,0.3906354308128357,0.6146098971366882,0.4063473641872406,0.6167439818382263,0.41943585872650146,0.6202021837234497
acabar,0.3350825011730194,0.658997654914856,0.34585416316986084,0.6137087345123291,0.36570510268211365,0.5653449892997742,0.38497164845466614,0.5374717712402344,0.4001408517360687,0.5225757360458374,0.3536148965358734,0.57457435131073,0.35830140113830566,0.5510576367378235,0.368899941444397,0.5421110987663269,0.3800514042377472,0.5381779074668884,0.3534221649169922,0.6111095547676086,0.3800840973854065,0.598906934261322,0.3996397852897644,0.5969222784042358,0.41385167837142944,0.5965131521224976,0.3564990162849426,0.6472969055175781,0.3887398838996887,0.6388716697692871,0.4056834280490875,0.6330546140670776,0.41556575894355774,0.6266887187957764,0.36199358105659485,0.6783360838890076,0.39053627848625183,0.6617186069488525,0.40212059020996094,0.651485025882721,0.40790802240371704,0.6390316486358643
acabar,0.3343266546726227,0.6804282069206238,0.34648725390434265,0.6372076869010925,0.36099451780319214,0.6054641604423523,0.37473464012145996,0.5872871279716492,0.38721930980682373,0.5810127854347229,0.3398738503456116,0.6239290237426758,0.3504467308521271,0.6143729090690613,0.36667823791503906,0.6071085929870605,0.382478803396225,0.6063042283058167,0.3339778780937195,0.6659411191940308,0.35822615027427673,0.6756707429885864,0.38619646430015564,0.6728224158287048,0.40867722034454346,0.6731122732162476,0.3339707553386688,0.7031603455543518,0.363577276468277,0.7154015302658081,0.3890354633331299,0.708528995513916,0.4079439043998718,0.7029545903205872,0.34013456106185913,0.7331931591033936,0.3692038059234619,0.740543782711029,0.38731682300567627,0.737877368927002,0.3996261656284332,0.7353732585906982
acabar,0.525626003742218,0.8378077745437622,0.4959268569946289,0.8164955377578735,0.47351720929145813,0.770166277885437,0.45818009972572327,0.7382349967956543,0.4445725083351135,0.7178951501846313,0.48159945011138916,0.715406596660614,0.46383312344551086,0.6677150726318359,0.44428113102912903,0.6859318017959595,0.43426135182380676,0.7114487886428833,0.4912826418876648,0.7122696042060852,0.47157052159309387,0.6574706435203552,0.448573499917984,0.6832464933395386,0.43928632140159607,0.71332848072052,0.5030015110969543,0.7171098589897156,0.48743242025375366,0.6591169238090515,0.46312645077705383,0.6831459999084473,0.45170629024505615,0.7127799391746521,0.5164332389831543,0.7287073135375977,0.5043342709541321,0.6877333521842957,0.4842139482498169,0.6956562399864197,0.47151508927345276,0.7155710458755493
acabar,0.5234410762786865,0.8438307642936707,0.4946088492870331,0.8269720673561096,0.4728071093559265,0.7856587171554565,0.4582826495170593,0.7566419839859009,0.4442066252231598,0.7382994294166565,0.4766753911972046,0.7299739122390747,0.457836389541626,0.6852214336395264,0.44074463844299316,0.7051538825035095,0.43253612518310547,0.7311786413192749,0.48563796281814575,0.7248499989509583,0.463843435049057,0.6741527915000916,0.44371140003204346,0.7003426551818848,0.4361465573310852,0.7300149202346802,0.4969307780265808,0.727410078048706,0.4777267575263977,0.6727272272109985,0.45533350110054016,0.6976680159568787,0.4451709985733032,0.7276490926742554,0.5098153352737427,0.7368118762969971,0.49715331196784973,0.696822464466095,0.47804126143455505,0.7063359618186951,0.4653782546520233,0.7280146479606628
acabar,0.32380175590515137,0.7913972735404968,0.33645883202552795,0.7437267899513245,0.3566407561302185,0.7298445701599121,0.37747010588645935,0.7480225563049316,0.39706677198410034,0.7714038491249084,0.3572896420955658,0.811657190322876,0.39659324288368225,0.8439776301383972,0.4214979410171509,0.8249838352203369,0.4329054355621338,0.803925633430481,0.36121034622192383,0.8452041149139404,0.4072103202342987,0.8737874627113342,0.43228960037231445,0.8449379801750183,0.4393985867500305,0.8150536417961121,0.3671105206012726,0.8592634201049805,0.40887561440467834,0.8837279081344604,0.43010497093200684,0.8559796214103699,0.4378522038459778,0.82853102684021,0.37281519174575806,0.8620043992996216,0.4061591327190399,0.8749236464500427,0.4244682192802429,0.8575236201286316,0.4334282875061035,0.8378052115440369
acabar,0.3210233151912689,0.814601719379425,0.340659499168396,0.7736026644706726,0.36586445569992065,0.7732186913490295,0.3883526921272278,0.8006635904312134,0.4078258275985718,0.8221940398216248,0.3729999363422394,0.8518238067626953,0.41609564423561096,0.8784219026565552,0.4360347390174866,0.8480331301689148,0.4404289126396179,0.8207147121429443,0.3751846253871918,0.8759510517120361,0.42051202058792114,0.9033558964729309,0.441256046295166,0.8670757412910461,0.44467446208000183,0.8337889313697815,0.3791669011116028,0.8829652667045593,0.4208989143371582,0.9061309695243835,0.4380059838294983,0.8717175722122192,0.44242170453071594,0.8415617942810059,0.38293585181236267,0.8804442882537842,0.41607171297073364,0.8923424482345581,0.43221956491470337,0.8699239492416382,0.43954360485076904,0.8476418852806091
acabar,0.5207632780075073,0.8866702318191528,0.48299920558929443,0.8683085441589355,0.45934605598449707,0.8313049674034119,0.4404408633708954,0.8043301105499268,0.4241379201412201,0.7829031944274902,0.4647793769836426,0.762087345123291,0.436829149723053,0.7425658106803894,0.4230421185493469,0.7719380259513855,0.4199509620666504,0.8030085563659668,0.4703238308429718,0.7568774819374084,0.43773433566093445,0.7377635836601257,0.4230465888977051,0.7720102071762085,0.42142951488494873,0.8047126531600952,0.4783004820346832,0.7608954310417175,0.44538500905036926,0.7395188808441162,0.4289478659629822,0.7734652757644653,0.42525234818458557,0.8090443015098572,0.4858134090900421,0.7744043469429016,0.4622921943664551,0.7638359665870667,0.4466070532798767,0.7812798023223877,0.43915265798568726,0.8065705895423889
acabar,0.5243973731994629,0.8919373750686646,0.47823432087898254,0.8802050948143005,0.45060139894485474,0.8464939594268799,0.4307734966278076,0.8211040496826172,0.41433608531951904,0.7990882396697998,0.4659719467163086,0.7681100964546204,0.4273298680782318,0.7688313722610474,0.42112603783607483,0.8063616752624512,0.42745983600616455,0.8292481899261475,0.4736487865447998,0.7669291496276855,0.42965900897979736,0.7642839550971985,0.4229976534843445,0.8066803216934204,0.43139609694480896,0.8315379619598389,0.4795215129852295,0.7780421376228333,0.4377823770046234,0.773975133895874,0.4315969944000244,0.8133887052536011,0.4404747486114502,0.8387439846992493,0.48194536566734314,0.8000994920730591,0.4537322223186493,0.7912717461585999,0.4419757127761841,0.8117263913154602,0.4412868618965149,0.8325653672218323
acabar,0.5219488143920898,0.8985050916671753,0.475382924079895,0.8946087956428528,0.453119158744812,0.8629371523857117,0.43828827142715454,0.8384675979614258,0.4255797863006592,0.8241354823112488,0.46285128593444824,0.7787469029426575,0.4180188477039337,0.7912560701370239,0.42219221591949463,0.8273652195930481,0.436976820230484,0.8435345888137817,0.46765679121017456,0.7796236872673035,0.4164370596408844,0.7925829291343689,0.4221407175064087,0.8337573409080505,0.43898439407348633,0.8488601446151733,0.4713810980319977,0.7939852476119995,0.4227040708065033,0.8053497672080994,0.42861464619636536,0.8430681824684143,0.4459715485572815,0.8578981757164001,0.47272807359695435,0.8172658085823059,0.4363170266151428,0.8252657055854797,0.4334413409233093,0.8516486287117004,0.44187501072883606,0.868661642074585
acabar,0.5138516426086426,0.9024620056152344,0.47246721386909485,0.8919452428817749,0.4488837420940399,0.8600436449050903,0.43481484055519104,0.8386382460594177,0.42506757378578186,0.8281709551811218,0.4554916322231293,0.7876062393188477,0.4123613238334656,0.8036412596702576,0.41983211040496826,0.8345828056335449,0.4345625936985016,0.8429386615753174,0.4605480432510376,0.7944737076759338,0.4134175479412079,0.8103390336036682,0.42217782139778137,0.8413025736808777,0.43737444281578064,0.849102258682251,0.46442797780036926,0.810786247253418,0.4219655990600586,0.8273343443870544,0.43077632784843445,0.8551954627037048,0.44500619173049927,0.8622059226036072,0.46796274185180664,0.8327403664588928,0.4361567199230194,0.8457755446434021,0.4403781592845917,0.8649542927742004,0.4508713185787201,0.8730277419090271
acabar,0.5094911456108093,0.9103636741638184,0.470181941986084,0.8929489850997925,0.4458915591239929,0.8617908954620361,0.42879849672317505,0.8425737619400024,0.41557547450065613,0.8361133337020874,0.4490373730659485,0.7932401299476624,0.4059525728225708,0.8179009556770325,0.4112102687358856,0.8510653972625732,0.4243239462375641,0.8625234365463257,0.45474204421043396,0.7987273931503296,0.40838903188705444,0.8264159560203552,0.41750240325927734,0.8597162365913391,0.4321889877319336,0.8719666004180908,0.4597451388835907,0.8131287693977356,0.417818158864975,0.8393191695213318,0.42876681685447693,0.8698105812072754,0.44376248121261597,0.8795531988143921,0.46476098895072937,0.8324505686759949,0.43207603693008423,0.8504021167755127,0.4365241229534149,0.871422290802002,0.4467262029647827,0.8801612854003906
acabar,0.5133128762245178,0.9166858196258545,0.46803534030914307,0.8989778757095337,0.43992552161216736,0.869452953338623,0.41953203082084656,0.8519113063812256,0.40259042382240295,0.8482096195220947,0.44454318284988403,0.798088550567627,0.3994649648666382,0.8250905871391296,0.3919326663017273,0.8603166341781616,0.3941919803619385,0.877895712852478,0.45184656977653503,0.8020819425582886,0.40369999408721924,0.8370721936225891,0.4098895788192749,0.8765041828155518,0.4231766164302826,0.8976122140884399,0.4579907953739166,0.8168418407440186,0.4146658778190613,0.8520429134368896,0.4263629615306854,0.8893694281578064,0.44285982847213745,0.906869649887085,0.4634585678577423,0.8381924033164978,0.4292791485786438,0.8606582283973694,0.4337920546531677,0.8835369348526001,0.444654643535614,0.8944195508956909
acabar,0.4425737261772156,0.816299319267273,0.47661513090133667,0.8288321495056152,0.506462812423706,0.8239297866821289,0.5268661975860596,0.824613094329834,0.5442701578140259,0.8284928202629089,0.5098350048065186,0.7518356442451477,0.5379347801208496,0.794670045375824,0.5394222140312195,0.8198986649513245,0.5372161865234375,0.8321916460990906,0.5013093948364258,0.7521032094955444,0.5332961678504944,0.7975620627403259,0.5334354043006897,0.8179803490638733,0.5305999517440796,0.8254022598266602,0.49289146065711975,0.7634255886077881,0.5242962837219238,0.8053817749023438,0.5221718549728394,0.8220250010490417,0.5169317126274109,0.8255218863487244,0.48572254180908203,0.782518208026886,0.5116199254989624,0.8120216727256775,0.5101549029350281,0.8249191641807556,0.5048800706863403,0.8262161016464233
acabar,0.4430423974990845,0.8279669284820557,0.4782097041606903,0.8429684042930603,0.5048210024833679,0.8346431255340576,0.5219682455062866,0.831021785736084,0.5379002094268799,0.8317549228668213,0.5092114210128784,0.7577621936798096,0.5330389142036438,0.8070131540298462,0.5359416604042053,0.8338420391082764,0.5355414152145386,0.8451201319694519,0.5028045773506165,0.7594121098518372,0.5309460759162903,0.8093600273132324,0.5326040387153625,0.832216739654541,0.5321747660636902,0.8420765399932861,0.4962701201438904,0.7709693908691406,0.5237873792648315,0.8188701868057251,0.5225213170051575,0.839484691619873,0.5194563269615173,0.8461593389511108,0.49053364992141724,0.7899942994117737,0.5123950242996216,0.8253029584884644,0.5114551186561584,0.8409949541091919,0.5081192851066589,0.8450086116790771
acabar,0.47076085209846497,0.8520534634590149,0.4831520617008209,0.8533955812454224,0.4968363642692566,0.8399117588996887,0.5116488337516785,0.8331034779548645,0.5240547060966492,0.8294658660888672,0.5083928108215332,0.7851353883743286,0.5355361700057983,0.8270015120506287,0.529290497303009,0.8475286960601807,0.5205896496772766,0.8537415862083435,0.5115814805030823,0.7931987643241882,0.5371330976486206,0.8337317705154419,0.5347380042076111,0.8532955646514893,0.5316839814186096,0.8613135814666748,0.5126377940177917,0.8061557412147522,0.5384261012077332,0.8435941338539124,0.5383680462837219,0.8593258261680603,0.5364845991134644,0.8641853928565979,0.5130720138549805,0.8204458951950073,0.5325896143913269,0.8446627855300903,0.532606303691864,0.857052206993103,0.5307146310806274,0.8607900738716125
acabar,0.5245084762573242,0.8811548948287964,0.5082880258560181,0.8579967021942139,0.4953181743621826,0.831986129283905,0.4897531270980835,0.8283483386039734,0.49120032787323,0.825494647026062,0.5204000473022461,0.8251356482505798,0.5221827030181885,0.8455700874328613,0.505681037902832,0.8557167649269104,0.49352404475212097,0.8603758811950684,0.5333407521247864,0.8478034734725952,0.5187276601791382,0.8792321085929871,0.5001623034477234,0.8812501430511475,0.4915497601032257,0.8767293691635132,0.5417240858078003,0.8692541122436523,0.5246406197547913,0.8940799236297607,0.5078175067901611,0.8913148641586304,0.49939411878585815,0.8843154311180115,0.5471753478050232,0.8853989839553833,0.5334182381629944,0.8931424021720886,0.518544614315033,0.8863887190818787,0.5111647248268127,0.8783318996429443
acabar,0.5429153442382812,0.881567656993866,0.5174262523651123,0.8547605276107788,0.49833256006240845,0.8318873643875122,0.4881902039051056,0.8371849060058594,0.486061155796051,0.838923990726471,0.5245563387870789,0.8372901678085327,0.522704541683197,0.8518121838569641,0.5073944330215454,0.8562544584274292,0.49796435236930847,0.8586918711662292,0.5398675799369812,0.8605148792266846,0.5156794786453247,0.8893824815750122,0.49654608964920044,0.8849602937698364,0.4897417724132538,0.875432550907135,0.5492004752159119,0.8799386024475098,0.5230355858802795,0.9016542434692383,0.5070618391036987,0.8932571411132812,0.5014365315437317,0.8823363780975342,0.5550141930580139,0.8925067186355591,0.5325172543525696,0.896994411945343,0.5166103839874268,0.8858068585395813,0.5104949474334717,0.874738872051239
acabar,0.5342545509338379,0.8867911100387573,0.5160328149795532,0.8572436571121216,0.50133216381073,0.8284518122673035,0.4931500256061554,0.8272184729576111,0.4941433072090149,0.8267202973365784,0.5282540917396545,0.8325649499893188,0.5240122079849243,0.8471375107765198,0.5049591660499573,0.8541238903999329,0.4919940233230591,0.8588013648986816,0.539629340171814,0.8583379983901978,0.5198109745979309,0.8843153119087219,0.5010963082313538,0.8835641145706177,0.4928346276283264,0.878896176815033,0.5460529923439026,0.8814171552658081,0.5226964950561523,0.902265727519989,0.5050997138023376,0.8959016799926758,0.49627459049224854,0.8873777985572815,0.5494146347045898,0.8984102010726929,0.5314895510673523,0.9049915671348572,0.5168777704238892,0.8957312107086182,0.5100606083869934,0.8862043023109436
acabar,0.5221330523490906,0.8882982134819031,0.5039404034614563,0.8724138140678406,0.4906718134880066,0.8518322110176086,0.48628970980644226,0.849014937877655,0.4877197742462158,0.841053307056427,0.5176621675491333,0.8298380970954895,0.5234677791595459,0.8482311367988586,0.5073339939117432,0.8559122681617737,0.4955069124698639,0.8593505024909973,0.5333228707313538,0.8467464447021484,0.5244632959365845,0.8722167015075684,0.5061382055282593,0.8737499713897705,0.4975971579551697,0.8702191710472107,0.5433928370475769,0.8632767796516418,0.533576488494873,0.8827685713768005,0.5188151597976685,0.8808230757713318,0.5103150606155396,0.8754679560661316,0.5500032901763916,0.8753466010093689,0.5419419407844543,0.8810673356056213,0.5292328000068665,0.8766420483589172,0.5223888754844666,0.8712425827980042
acabar,0.5322349071502686,0.8864006996154785,0.5144336819648743,0.8554700613021851,0.5020975470542908,0.8287033438682556,0.49684736132621765,0.831977367401123,0.4984626770019531,0.8364557027816772,0.5345131158828735,0.8325749039649963,0.5252777934074402,0.8456213474273682,0.503506064414978,0.8545681834220886,0.49023234844207764,0.8609454035758972,0.5442246198654175,0.8586289882659912,0.5173217058181763,0.883922278881073,0.49714550375938416,0.884697437286377,0.4894348978996277,0.8816531896591187,0.5479971766471863,0.8814381957054138,0.5178306698799133,0.9002466201782227,0.4991741478443146,0.8956975340843201,0.4907514154911041,0.8892815709114075,0.5488669872283936,0.8970558047294617,0.5260463953018188,0.903166651725769,0.5094576478004456,0.896031379699707,0.5021499395370483,0.888660728931427
acabar,0.5349499583244324,0.8802315592765808,0.5132268071174622,0.8639044165611267,0.49694666266441345,0.8467558026313782,0.4891212284564972,0.8534457683563232,0.4891010820865631,0.8523392677307129,0.5217863917350769,0.8271476030349731,0.5226230025291443,0.8499282598495483,0.5055961608886719,0.8614277243614197,0.49401429295539856,0.8661125302314758,0.5380105376243591,0.8450860977172852,0.5154517292976379,0.8890326619148254,0.49413663148880005,0.8918076753616333,0.48578983545303345,0.8849830031394958,0.5473963618278503,0.8638852834701538,0.5212484002113342,0.9009642004966736,0.5023623108863831,0.8970357775688171,0.4946628510951996,0.8874989151954651,0.5532305240631104,0.8784986138343811,0.5330779552459717,0.8924956321716309,0.5172156095504761,0.885086715221405,0.5111865401268005,0.8761515617370605
acabar,0.5569252967834473,0.8861278295516968,0.5271434187889099,0.8587620258331299,0.5012041926383972,0.8388610482215881,0.4866008460521698,0.8451674580574036,0.483705997467041,0.8477756381034851,0.5286012887954712,0.8479910492897034,0.5175279974937439,0.8542412519454956,0.5016047358512878,0.8575185537338257,0.49391892552375793,0.8617284297943115,0.5429192781448364,0.8710408806800842,0.512542188167572,0.8945778608322144,0.4932704269886017,0.8884773850440979,0.48722371459007263,0.8803993463516235,0.5523070693016052,0.8894878625869751,0.5202044248580933,0.9057600498199463,0.504166841506958,0.8963475227355957,0.499261736869812,0.8873186707496643,0.5587066411972046,0.9004653692245483,0.5325474143028259,0.8992085456848145,0.5169146060943604,0.8853306174278259,0.5112358331680298,0.8742309212684631
acabar,0.548477292060852,0.8882452249526978,0.5206416845321655,0.8609619736671448,0.49820151925086975,0.8384115695953369,0.48641708493232727,0.8438982367515564,0.48416900634765625,0.8470029234886169,0.5310376286506653,0.8458828330039978,0.5206117033958435,0.8509249687194824,0.5028896927833557,0.8566446304321289,0.4941539466381073,0.8613870739936829,0.5446264743804932,0.8689456582069397,0.5151712894439697,0.8910281658172607,0.49638164043426514,0.8879693150520325,0.49158844351768494,0.8819793462753296,0.5528861284255981,0.8883811831474304,0.5225773453712463,0.9042407870292664,0.5067798495292664,0.8970068693161011,0.5023535490036011,0.8892736434936523,0.55833500623703,0.9002872109413147,0.5377577543258667,0.9001989960670471,0.5244185328483582,0.8894091844558716,0.5207179188728333,0.8798084259033203
acabar,0.5351940393447876,0.8819786906242371,0.5118706226348877,0.8674010038375854,0.4933841824531555,0.8496884107589722,0.48595088720321655,0.8495904207229614,0.48705682158470154,0.842872679233551,0.5186402797698975,0.8326305747032166,0.5204895734786987,0.8494517207145691,0.5051883459091187,0.8574714064598083,0.4949750602245331,0.8622698187828064,0.5349714159965515,0.8485491275787354,0.5198337435722351,0.8745297193527222,0.5018829703330994,0.876065731048584,0.49446409940719604,0.8730634450912476,0.5458649396896362,0.8644819259643555,0.5295001864433289,0.8843125700950623,0.5148040652275085,0.8831726908683777,0.5075294971466064,0.8791201710700989,0.5533463358879089,0.8764443397521973,0.5400265455245972,0.8825643658638,0.5272524356842041,0.8787408471107483,0.5214654207229614,0.8746312260627747
acabar,0.530271589756012,0.8828074336051941,0.5138659477233887,0.8672165274620056,0.4985283315181732,0.8489616513252258,0.4905017018318176,0.8491301536560059,0.4888853132724762,0.8439910411834717,0.5271438360214233,0.8309788703918457,0.5223321318626404,0.8493769764900208,0.5048448443412781,0.86003178358078,0.4931109547615051,0.8655311465263367,0.5385085940361023,0.8457849025726318,0.5183972716331482,0.8715773820877075,0.498990535736084,0.8761640191078186,0.4901135265827179,0.8752529621124268,0.5449308753013611,0.8608826994895935,0.5254464745521545,0.8791307210922241,0.509506106376648,0.8812528848648071,0.5003524422645569,0.879925012588501,0.5487269163131714,0.8726197481155396,0.5336770415306091,0.8772627115249634,0.520021915435791,0.8745462894439697,0.5121522545814514,0.8711236119270325
acabar,0.5477203726768494,0.8800957202911377,0.5262355804443359,0.8569525480270386,0.5035586953163147,0.8358904123306274,0.4895724356174469,0.8377780318260193,0.48553478717803955,0.8377507328987122,0.5315666198730469,0.8358893394470215,0.5179738998413086,0.852544367313385,0.5008181929588318,0.8603241443634033,0.4901764988899231,0.8635467886924744,0.5416063070297241,0.8566766977310181,0.5117533206939697,0.884680986404419,0.4912641942501068,0.8840581774711609,0.48148512840270996,0.8782744407653809,0.5474449992179871,0.8755737543106079,0.5154184103012085,0.8988810777664185,0.49632447957992554,0.8959490060806274,0.4863150715827942,0.8896585702896118,0.5505907535552979,0.8894296884536743,0.5240848660469055,0.8988801836967468,0.5066797733306885,0.8911431431770325,0.4973091185092926,0.8823138475418091
acabar,0.539584755897522,0.8811501264572144,0.5205726027488708,0.8577850461006165,0.501700222492218,0.8348758816719055,0.4915480315685272,0.8356326818466187,0.4907431900501251,0.8368122577667236,0.5283050537109375,0.8317479491233826,0.5199679732322693,0.8510830998420715,0.503371000289917,0.8595905303955078,0.49251672625541687,0.8639476895332336,0.5394695401191711,0.8520254492759705,0.5140528678894043,0.8842665553092957,0.4943840503692627,0.8861464858055115,0.484974205493927,0.8822138905525208,0.5465244054794312,0.8706917762756348,0.5195227265357971,0.8946216702461243,0.5020827054977417,0.892994225025177,0.4921415150165558,0.8882928490638733,0.5511175394058228,0.884065568447113,0.5294274687767029,0.8919772505760193,0.5132059454917908,0.8851091265678406,0.5039127469062805,0.8775253891944885
aceitar,0.5249519348144531,0.8129467964172363,0.48758673667907715,0.8086901307106018,0.4665534794330597,0.7890239953994751,0.45153480768203735,0.7735551595687866,0.4422411620616913,0.7647684812545776,0.47099724411964417,0.712870180606842,0.4333929717540741,0.7288004159927368,0.4401981234550476,0.7610163688659668,0.4521738588809967,0.7685210704803467,0.4771552085876465,0.7195385694503784,0.4373350143432617,0.7457318305969238,0.44786977767944336,0.7762230038642883,0.46061819791793823,0.7821070551872253,0.4819434583187103,0.7372040152549744,0.4456552267074585,0.7648476362228394,0.4572221338748932,0.7920957207679749,0.4700378179550171,0.7970821857452393,0.4852147400379181,0.761588990688324,0.4569324553012848,0.7821230888366699,0.46493497490882874,0.7996145486831665,0.4760594069957733,0.8028661012649536
aceitar,0.40119874477386475,0.7542682886123657,0.41621139645576477,0.7655867338180542,0.43800240755081177,0.7899299263954163,0.4584338963031769,0.8079093098640442,0.472940057516098,0.823023796081543,0.4469779431819916,0.8308149576187134,0.4750787317752838,0.8175602555274963,0.468776673078537,0.799818217754364,0.45926421880722046,0.7981240153312683,0.4462689757347107,0.8228433728218079,0.47154513001441956,0.8103996515274048,0.46529629826545715,0.7940119504928589,0.4574737250804901,0.7906445264816284,0.44593730568885803,0.8099256753921509,0.4684489667415619,0.8002201914787292,0.4626466929912567,0.7844065427780151,0.4552168846130371,0.7799429893493652,0.4470217227935791,0.7954532504081726,0.46328696608543396,0.787791907787323,0.45789340138435364,0.7780343294143677,0.4511157274246216,0.7758908271789551
aceitar,0.38729026913642883,0.692468523979187,0.40515589714050293,0.7125638127326965,0.42724886536598206,0.7336596846580505,0.4470921456813812,0.7340432405471802,0.45822763442993164,0.7218071222305298,0.4348375201225281,0.7635325193405151,0.46326449513435364,0.7526326775550842,0.46614617109298706,0.7279369235038757,0.4596528112888336,0.7152111530303955,0.4340023696422577,0.7515454292297363,0.4621709883213043,0.7403030395507812,0.4632333219051361,0.719089150428772,0.4554747939109802,0.7086609601974487,0.4322203993797302,0.7354216575622559,0.4587330222129822,0.7238648533821106,0.4585828185081482,0.7055320143699646,0.4504741430282593,0.6972988247871399,0.43033167719841003,0.7161141633987427,0.4529229998588562,0.7065990567207336,0.4528866112232208,0.6948583722114563,0.4463803470134735,0.6888020038604736
aceitar,0.3887752294540405,0.5643811225891113,0.4017389118671417,0.5217714309692383,0.42640477418899536,0.49620530009269714,0.44406047463417053,0.4984455108642578,0.45619961619377136,0.5086888670921326,0.4400925934314728,0.4824680685997009,0.45705166459083557,0.48690274357795715,0.44853299856185913,0.5043845772743225,0.43961676955223083,0.5139638185501099,0.4483564496040344,0.4977457821369171,0.4593867063522339,0.5056731700897217,0.4493243396282196,0.5194672346115112,0.4421073794364929,0.5275453329086304,0.45389050245285034,0.5186393857002258,0.4616115987300873,0.5241294503211975,0.45162755250930786,0.5356016159057617,0.445466011762619,0.5428432822227478,0.45746782422065735,0.5416937470436096,0.46154189109802246,0.5423684120178223,0.4519793391227722,0.5507878661155701,0.44576534628868103,0.5570647716522217
aceitar,0.5837863683700562,0.4921192526817322,0.606450080871582,0.4447558522224426,0.6169600486755371,0.3881264925003052,0.6220685243606567,0.3432456851005554,0.6370161175727844,0.3245365023612976,0.5874979496002197,0.37309738993644714,0.5885701775550842,0.32701584696769714,0.5893081426620483,0.3008919358253479,0.5892757177352905,0.2799531817436218,0.5680950880050659,0.38372209668159485,0.560034990310669,0.34171050786972046,0.5566329956054688,0.3173660635948181,0.5526826977729797,0.2977316081523895,0.5533258318901062,0.4029620587825775,0.5428661108016968,0.3689367473125458,0.5371797680854797,0.3478299081325531,0.5318810343742371,0.3305743634700775,0.5431427955627441,0.4267246127128601,0.5337544083595276,0.39958518743515015,0.5284585356712341,0.3809136152267456,0.5230098962783813,0.36630672216415405
aceitar,0.34462541341781616,0.4824153184890747,0.32212722301483154,0.4311197102069855,0.31044861674308777,0.3744843602180481,0.3002193570137024,0.32725703716278076,0.2849024534225464,0.30104538798332214,0.3443634510040283,0.3715934157371521,0.35073089599609375,0.3203199505805969,0.3594696819782257,0.29126009345054626,0.36953431367874146,0.2694312036037445,0.36552754044532776,0.38359367847442627,0.38920268416404724,0.33530062437057495,0.4055081903934479,0.304934561252594,0.42026904225349426,0.2833704948425293,0.38107582926750183,0.39719417691230774,0.40596017241477966,0.3527123034000397,0.42271944880485535,0.3262380063533783,0.4365787208080292,0.30663448572158813,0.39078113436698914,0.4109225273132324,0.4160043001174927,0.3820059299468994,0.431357741355896,0.3713148534297943,0.4438684582710266,0.3643733859062195
aceitar,0.5946133732795715,0.5104296803474426,0.6199362874031067,0.47216087579727173,0.6383234858512878,0.4138258397579193,0.653296947479248,0.36703407764434814,0.6716721057891846,0.3476250469684601,0.6073734164237976,0.4011476933956146,0.6108165979385376,0.3521607518196106,0.6123790740966797,0.3204517960548401,0.613520622253418,0.2908436059951782,0.5842808485031128,0.4025990962982178,0.5739460587501526,0.3603817820549011,0.5691731572151184,0.328376442193985,0.5638509392738342,0.29924893379211426,0.5663031935691833,0.4121241271495819,0.5511639714241028,0.37743958830833435,0.5423194766044617,0.35203006863594055,0.5334676504135132,0.3292599320411682,0.5541900396347046,0.42690449953079224,0.5353399515151978,0.406517893075943,0.5210264921188354,0.3959053158760071,0.5085728764533997,0.3847322463989258
aceitar,0.5936136841773987,0.554990291595459,0.6171703338623047,0.5199391841888428,0.6356068849563599,0.4621352255344391,0.650688111782074,0.4092234671115875,0.6707748174667358,0.3866787552833557,0.6065255403518677,0.455321341753006,0.6081681847572327,0.40378400683403015,0.6096364259719849,0.37449365854263306,0.6105104088783264,0.34592634439468384,0.5828653573989868,0.45859241485595703,0.5713159441947937,0.41850143671035767,0.5660373568534851,0.39034304022789,0.5600365996360779,0.36228907108306885,0.5642143487930298,0.4684940576553345,0.547072172164917,0.43353432416915894,0.5365143418312073,0.4102151095867157,0.5268487930297852,0.3869645893573761,0.5524402856826782,0.48248526453971863,0.5328591465950012,0.45749521255493164,0.5181006193161011,0.44431424140930176,0.5062751770019531,0.4298850893974304
aceitar,0.5930375456809998,0.5997288227081299,0.6153584122657776,0.5631263256072998,0.6316891312599182,0.5070907473564148,0.6441968679428101,0.45308125019073486,0.6600485444068909,0.42334896326065063,0.6083184480667114,0.5314332842826843,0.609137773513794,0.4776672124862671,0.6086683869361877,0.44397640228271484,0.6083699464797974,0.4123685657978058,0.5849338173866272,0.5418480038642883,0.5719069242477417,0.49866774678230286,0.5667961835861206,0.4664171636104584,0.562816321849823,0.437173455953598,0.5653032064437866,0.5511361956596375,0.5480369925498962,0.5055244565010071,0.5392083525657654,0.46983128786087036,0.5324910879135132,0.43713808059692383,0.551451563835144,0.5587384700775146,0.5330319404602051,0.5233883857727051,0.5202588438987732,0.4994655251502991,0.510578989982605,0.47718602418899536
aceitar,0.581173837184906,0.6778457164764404,0.5999828577041626,0.6535775065422058,0.6076420545578003,0.6184743642807007,0.6087482571601868,0.5809206366539001,0.6062402129173279,0.5460365414619446,0.6011224985122681,0.6716311573982239,0.5998872518539429,0.6122468709945679,0.6007346510887146,0.5701344013214111,0.6004810333251953,0.5409404039382935,0.5805177688598633,0.6837387681007385,0.5759225487709045,0.6141897439956665,0.5783309936523438,0.5970705151557922,0.583024799823761,0.6001737713813782,0.5629035234451294,0.6855416297912598,0.5584093928337097,0.613115131855011,0.5609240531921387,0.5996318459510803,0.5654615163803101,0.6092113852500916,0.5493558645248413,0.6818769574165344,0.5457529425621033,0.6274425387382507,0.5496883988380432,0.6155242323875427,0.5539949536323547,0.623593270778656
aceitar,0.5624858140945435,0.7533115148544312,0.5840967893600464,0.7345307469367981,0.5938543677330017,0.7182584404945374,0.5827163457870483,0.7141404747962952,0.5635101795196533,0.7249857783317566,0.5941869616508484,0.8092374801635742,0.5803046822547913,0.760843813419342,0.5806103348731995,0.7337928414344788,0.5866941213607788,0.7319167256355286,0.5714582204818726,0.8191586136817932,0.5617021322250366,0.7503097057342529,0.5665580034255981,0.7255326509475708,0.5730235576629639,0.7281087040901184,0.5525701642036438,0.8127236366271973,0.5468324422836304,0.7437077760696411,0.5554670095443726,0.7267643213272095,0.5629082918167114,0.7338382005691528,0.5385513305664062,0.7960154414176941,0.5351418852806091,0.7439003586769104,0.5450590252876282,0.7309354543685913,0.5534703731536865,0.7339780330657959
aceitar,0.5808594822883606,0.7831459641456604,0.590194046497345,0.7423595786094666,0.5887558460235596,0.7118024826049805,0.576623797416687,0.7059214115142822,0.5627617239952087,0.7214528918266296,0.5873757600784302,0.7939565181732178,0.5709882378578186,0.7482239603996277,0.5663591623306274,0.7269436717033386,0.5697469115257263,0.7241232395172119,0.5698901414871216,0.811411440372467,0.5577268600463867,0.751814067363739,0.5556823015213013,0.7280781865119934,0.5604035258293152,0.7266527414321899,0.5574017763137817,0.8139420747756958,0.546603262424469,0.7522148489952087,0.5483883023262024,0.7316382527351379,0.5549911856651306,0.7325291633605957,0.5487973690032959,0.8050817251205444,0.5411574244499207,0.7570790648460388,0.5434148907661438,0.7385158538818359,0.5489750504493713,0.7355945110321045
aceitar,0.5941029191017151,0.7832355499267578,0.5948050618171692,0.7354493141174316,0.5876519680023193,0.6966044902801514,0.5732771754264832,0.6849725842475891,0.5584379434585571,0.7024847269058228,0.5821793675422668,0.773857057094574,0.5643376708030701,0.7322553396224976,0.5606759786605835,0.7176921963691711,0.5632469058036804,0.7203777432441711,0.5716460347175598,0.7990815043449402,0.5573680400848389,0.7397626042366028,0.5541918873786926,0.7263044714927673,0.5568616986274719,0.7311007380485535,0.5654020309448242,0.8093353509902954,0.5502281785011292,0.747913122177124,0.5482155084609985,0.7361545562744141,0.5516566634178162,0.7406896948814392,0.5616502165794373,0.8077923059463501,0.5485675930976868,0.7593672871589661,0.5465312600135803,0.7462167739868164,0.548456609249115,0.7453319430351257
aceitar,0.35828912258148193,0.731560230255127,0.34933605790138245,0.691429853439331,0.3564293384552002,0.6551805734634399,0.37548866868019104,0.651316225528717,0.3933856189250946,0.6684169769287109,0.39816856384277344,0.688461184501648,0.39498546719551086,0.7019441723823547,0.3810449540615082,0.7205310463905334,0.3705395460128784,0.7357642650604248,0.4114987254142761,0.6994380950927734,0.4007778763771057,0.7108280658721924,0.38272860646247864,0.7279655337333679,0.37044185400009155,0.7455891966819763,0.41833218932151794,0.7054452896118164,0.40807193517684937,0.7138148546218872,0.3902742862701416,0.724315345287323,0.3777065575122833,0.7353547811508179,0.4197825491428375,0.7087421417236328,0.41197702288627625,0.714975893497467,0.3991236388683319,0.7227614521980286,0.3899574875831604,0.7296639680862427
aceitar,0.5508562922477722,0.7154744267463684,0.5530340075492859,0.6561238169670105,0.5454912185668945,0.5954256653785706,0.5250461101531982,0.552833616733551,0.5072380304336548,0.5221987962722778,0.5674302577972412,0.5917037129402161,0.5388422608375549,0.5458657741546631,0.5185559391975403,0.5302953124046326,0.5055006742477417,0.5200294256210327,0.5604766011238098,0.616006076335907,0.517472505569458,0.5693442225456238,0.5113061666488647,0.5847223997116089,0.5168149471282959,0.5968592762947083,0.5501823425292969,0.642166793346405,0.5086224675178528,0.6026951670646667,0.507348895072937,0.6193759441375732,0.5156962871551514,0.6294418573379517,0.5385459065437317,0.6671037673950195,0.5062764286994934,0.6335720419883728,0.5046513080596924,0.6434176564216614,0.5116049647331238,0.6528311371803284
aceitar,0.5369417071342468,0.6862462162971497,0.5115721821784973,0.6458578705787659,0.4921109080314636,0.6004530787467957,0.4769013226032257,0.5641453862190247,0.46989721059799194,0.5383302569389343,0.512484073638916,0.5508439540863037,0.47257256507873535,0.5381889939308167,0.4611510932445526,0.5680094957351685,0.4646991491317749,0.5895450115203857,0.5154521465301514,0.5665289163589478,0.46750396490097046,0.5648655295372009,0.46004658937454224,0.595606803894043,0.46730026602745056,0.6109133958816528,0.515102744102478,0.5901353359222412,0.4692242741584778,0.5919272899627686,0.46395355463027954,0.6172703504562378,0.47114142775535583,0.6269223690032959,0.5124772191047668,0.6178443431854248,0.4764331877231598,0.6199312210083008,0.4715542197227478,0.6336658000946045,0.476383775472641,0.6389763355255127
aceitar,0.5373730659484863,0.7212293744087219,0.5128258466720581,0.6860652565956116,0.48583850264549255,0.6502880454063416,0.4642166197299957,0.6271367073059082,0.44916120171546936,0.6096042394638062,0.48484376072883606,0.6043156385421753,0.44745072722435,0.6049171686172485,0.4433571398258209,0.6397761106491089,0.4506882429122925,0.65656977891922,0.48589932918548584,0.6144177317619324,0.447380393743515,0.6241339445114136,0.44791683554649353,0.6565915942192078,0.45667746663093567,0.6658096313476562,0.48675310611724854,0.6336292028427124,0.45240893959999084,0.6508256196975708,0.4557081460952759,0.6785948276519775,0.46502676606178284,0.6834416389465332,0.48763909935951233,0.6579492092132568,0.4608043134212494,0.6748307347297668,0.46375882625579834,0.6920391917228699,0.4714462459087372,0.6951926946640015
aceitar,0.3865610361099243,0.7206928133964539,0.4061774015426636,0.7147873640060425,0.4265645742416382,0.7339363694190979,0.4444662928581238,0.7545416355133057,0.4577670097351074,0.7678729295730591,0.4355026185512543,0.7896795272827148,0.4696974754333496,0.7943882346153259,0.47418347001075745,0.7662211656570435,0.46663233637809753,0.7491987943649292,0.4356042146682739,0.7932707071304321,0.46917521953582764,0.7949744462966919,0.4711662828922272,0.7656916975975037,0.46247023344039917,0.7505901455879211,0.43591615557670593,0.7882933020591736,0.4687383472919464,0.7952448725700378,0.4715757369995117,0.765894889831543,0.46337389945983887,0.7489677667617798,0.43718916177749634,0.7779786586761475,0.4630240201950073,0.7860415577888489,0.4677412509918213,0.7671456336975098,0.4625728726387024,0.7520150542259216
aceitar,0.39005574584007263,0.7541600465774536,0.4134323000907898,0.7411391735076904,0.4384368360042572,0.7621880769729614,0.45750781893730164,0.7852013111114502,0.4730377793312073,0.7976629734039307,0.44080987572669983,0.822044312953949,0.47386685013771057,0.8046303391456604,0.4680711627006531,0.7783538103103638,0.4553159773349762,0.7726868987083435,0.44128885865211487,0.8258028626441956,0.47144103050231934,0.8071439862251282,0.4659803509712219,0.7816157937049866,0.45459961891174316,0.7775764465332031,0.4416895806789398,0.8209043741226196,0.4693945050239563,0.8044929504394531,0.4649743437767029,0.7795060873031616,0.45365267992019653,0.774559497833252,0.442616730928421,0.8123191595077515,0.4657345116138458,0.7990838885307312,0.4610995054244995,0.7788968086242676,0.44997265934944153,0.7738358974456787
aceitar,0.394027441740036,0.7714690566062927,0.4156467020511627,0.7555696368217468,0.44068968296051025,0.7734746336936951,0.46078482270240784,0.7972379922866821,0.4776094853878021,0.8152350783348083,0.4469474256038666,0.8389535546302795,0.4778359532356262,0.8116523623466492,0.47064876556396484,0.7883783578872681,0.4575185477733612,0.7849329710006714,0.4465539753437042,0.8440284132957458,0.4745568037033081,0.8162057399749756,0.467486709356308,0.7931791543960571,0.45535558462142944,0.7886127829551697,0.4458501636981964,0.8403260707855225,0.470602810382843,0.8164075016975403,0.46410101652145386,0.7933174967765808,0.4528486132621765,0.7884970307350159,0.44628629088401794,0.8339129090309143,0.46618273854255676,0.8133395314216614,0.45967310667037964,0.7939857244491577,0.449418842792511,0.7909187078475952
aceitar,0.5284932851791382,0.8090678453445435,0.5036448240280151,0.7859041690826416,0.4811173677444458,0.7611942887306213,0.463773638010025,0.7471938729286194,0.45193418860435486,0.7448084950447083,0.472716748714447,0.7167637348175049,0.43841540813446045,0.7376385927200317,0.4462504982948303,0.760235607624054,0.45767852663993835,0.7617354989051819,0.4773646891117096,0.7264325022697449,0.4414626955986023,0.7531033754348755,0.4535831809043884,0.7726356983184814,0.4647297263145447,0.7739366292953491,0.4812217950820923,0.7441173791885376,0.44873157143592834,0.7683990001678467,0.462475061416626,0.786682665348053,0.47471290826797485,0.7893327474594116,0.4849393963813782,0.767386794090271,0.4577834904193878,0.7789517045021057,0.4657623767852783,0.7922075986862183,0.475215345621109,0.797427773475647
aceitar,0.5282734036445618,0.8071411848068237,0.5032385587692261,0.784652829170227,0.4815409481525421,0.7587676644325256,0.4648481607437134,0.7447493672370911,0.45356491208076477,0.7437009811401367,0.4726501703262329,0.7143840789794922,0.43746691942214966,0.7392618060112,0.4468984603881836,0.7640459537506104,0.4595761001110077,0.7654316425323486,0.4768088161945343,0.723781168460846,0.4400746524333954,0.7537428736686707,0.45227476954460144,0.7745721340179443,0.4639129936695099,0.777176022529602,0.48022180795669556,0.7412850856781006,0.4472382366657257,0.7691753506660461,0.46075424551963806,0.7878527045249939,0.47350645065307617,0.7915995717048645,0.48308414220809937,0.764401912689209,0.45612606406211853,0.780044436454773,0.46391788125038147,0.7934921979904175,0.47389090061187744,0.7990480065345764
aceitar,0.39749667048454285,0.7627291083335876,0.4172985553741455,0.7561218738555908,0.4395395815372467,0.7776244878768921,0.45903125405311584,0.8008596301078796,0.47574976086616516,0.818488359451294,0.4453025460243225,0.8412201404571533,0.47725990414619446,0.8159640431404114,0.4686616361141205,0.7916915416717529,0.45621275901794434,0.7896246314048767,0.4453441798686981,0.841743528842926,0.4737979769706726,0.8165724277496338,0.46628648042678833,0.793304979801178,0.455834299325943,0.7897365093231201,0.4454667270183563,0.8347059488296509,0.46962496638298035,0.8129411935806274,0.4632018804550171,0.7901567220687866,0.4529057741165161,0.786381721496582,0.4467821717262268,0.8262031078338623,0.46687453985214233,0.8084427118301392,0.460580050945282,0.7888085842132568,0.4502359628677368,0.7853173613548279
aceitar,0.39486101269721985,0.7790477275848389,0.39282432198524475,0.7217873930931091,0.40805941820144653,0.6919070482254028,0.43454861640930176,0.6933823227882385,0.4545786380767822,0.7086798548698425,0.4129265248775482,0.7894225120544434,0.4222570061683655,0.77222740650177,0.42389675974845886,0.7423833608627319,0.4248068630695343,0.7248193025588989,0.4306451380252838,0.8105343580245972,0.4480641782283783,0.7699890732765198,0.4474810063838959,0.7317680716514587,0.44252124428749084,0.7209892868995667,0.4445633292198181,0.8155864477157593,0.4656003713607788,0.7712959051132202,0.4611789584159851,0.7332331538200378,0.4520050883293152,0.7235375046730042,0.45561298727989197,0.8112791180610657,0.4722791016101837,0.7741330862045288,0.4705401360988617,0.7434418797492981,0.4621097445487976,0.7325851321220398
aceitar,0.3976917564868927,0.7675021290779114,0.3925740718841553,0.705763041973114,0.4065087139606476,0.6717072129249573,0.4341164827346802,0.6711227893829346,0.45460620522499084,0.6902552843093872,0.4081856310367584,0.7735923528671265,0.41705262660980225,0.7529338598251343,0.422132283449173,0.7228132486343384,0.4274231195449829,0.7050092220306396,0.4273693859577179,0.794035017490387,0.4453338384628296,0.7430452108383179,0.4443071782588959,0.7069320678710938,0.4415763020515442,0.700203537940979,0.44319838285446167,0.798233687877655,0.46316787600517273,0.7428902387619019,0.4572514593601227,0.7095509767532349,0.4506392180919647,0.7069523930549622,0.45673689246177673,0.7938486933708191,0.47211989760398865,0.746049165725708,0.468314528465271,0.7188126444816589,0.4607935845851898,0.7148757576942444
aceitar,0.6545729041099548,0.73964524269104,0.6698942184448242,0.6922423839569092,0.6671987175941467,0.6539292335510254,0.6439363360404968,0.6411373615264893,0.6228289008140564,0.6617980003356934,0.6773587465286255,0.7412102222442627,0.6556995511054993,0.6959182024002075,0.6584333777427673,0.6847312450408936,0.6661558747291565,0.6893423199653625,0.6580477356910706,0.76972496509552,0.6329340934753418,0.7050954103469849,0.6387487053871155,0.6857999563217163,0.6492496728897095,0.6898220777511597,0.6381446123123169,0.7783056497573853,0.6127530932426453,0.7059004902839661,0.6182753443717957,0.6876450777053833,0.6287540793418884,0.6929241418838501,0.6210305690765381,0.77599036693573,0.602169394493103,0.716567873954773,0.6079132556915283,0.6946887373924255,0.6175883412361145,0.6970975995063782
aceitar,0.40255624055862427,0.7403947710990906,0.3907414376735687,0.6767953038215637,0.40458419919013977,0.6268126964569092,0.432339608669281,0.6168689131736755,0.4532596170902252,0.636637806892395,0.4116348326206207,0.6997174620628357,0.42106062173843384,0.6836024522781372,0.419228732585907,0.6699966788291931,0.4202079176902771,0.6659875512123108,0.430458128452301,0.725774884223938,0.45159944891929626,0.6686159372329712,0.4424399733543396,0.6600351929664612,0.43547293543815613,0.6765161752700806,0.446679949760437,0.7372381091117859,0.4645361602306366,0.6778212189674377,0.4536835551261902,0.6676361560821533,0.4467643201351166,0.6832205057144165,0.4594076871871948,0.7381266355514526,0.4723210334777832,0.6859933137893677,0.46313926577568054,0.6775528788566589,0.4548810124397278,0.6927558183670044
aceitar,0.6583619713783264,0.6940618753433228,0.6727838516235352,0.6515614986419678,0.6691955924034119,0.6179033517837524,0.6448964476585388,0.6105493307113647,0.6211715936660767,0.6376867890357971,0.6837687492370605,0.7071423530578613,0.6646705269813538,0.6754202842712402,0.6602697968482971,0.6523489952087402,0.6593702435493469,0.6416719555854797,0.664847195148468,0.7344238758087158,0.6367167830467224,0.6746318340301514,0.6382905840873718,0.652406632900238,0.6469566226005554,0.6524984240531921,0.644945502281189,0.744605302810669,0.618474006652832,0.6822253465652466,0.6213974356651306,0.6556065678596497,0.6319971680641174,0.6516215205192566,0.6268155574798584,0.7436090111732483,0.6072977781295776,0.6955057978630066,0.6109259128570557,0.6719735860824585,0.6206063032150269,0.6695748567581177
aceitar,0.6584816575050354,0.6967157125473022,0.6734672784805298,0.6483004689216614,0.6693202257156372,0.6067104935646057,0.6438243389129639,0.5963017344474792,0.6215898990631104,0.6254013180732727,0.6849885582923889,0.6975922584533691,0.6628056168556213,0.6618483662605286,0.6626105308532715,0.6447250247001648,0.665228009223938,0.6400395035743713,0.6653388142585754,0.7240614295005798,0.6387076377868652,0.653101921081543,0.6438179016113281,0.6429181098937988,0.6528505682945251,0.6585932970046997,0.6452081799507141,0.7337645888328552,0.6208040118217468,0.661479115486145,0.626301109790802,0.6489349603652954,0.6358165144920349,0.6604347229003906,0.6268966197967529,0.7338927984237671,0.6089756488800049,0.6789700388908386,0.6147196888923645,0.6646594405174255,0.6235281229019165,0.6741445660591125
aceitar,0.6568195223808289,0.6876608729362488,0.672451376914978,0.6421753764152527,0.6687625646591187,0.6047478318214417,0.643476128578186,0.5962861180305481,0.6201216578483582,0.6217508316040039,0.6818335056304932,0.695483386516571,0.6642281413078308,0.6637107133865356,0.6608114838600159,0.6423380970954895,0.6604223847389221,0.6322087645530701,0.6621696352958679,0.7216055989265442,0.6377300024032593,0.6568482518196106,0.6408830285072327,0.6415954232215881,0.6497209072113037,0.6485077142715454,0.6418903470039368,0.730874240398407,0.618030309677124,0.6629906892776489,0.6224489212036133,0.6426663994789124,0.6330581903457642,0.6441419720649719,0.6241219639778137,0.7304754853248596,0.6056628227233887,0.6756923198699951,0.6111724972724915,0.6561321020126343,0.6215470433235168,0.6593957543373108
aceitar,0.6548823118209839,0.6820117831230164,0.6699407696723938,0.6386573314666748,0.6653976440429688,0.6021888852119446,0.6420149803161621,0.5952523946762085,0.6191864013671875,0.6236963272094727,0.6812831163406372,0.6923149228096008,0.6645815968513489,0.6677885055541992,0.6579012274742126,0.6432836055755615,0.6549670100212097,0.6298930644989014,0.6614904999732971,0.7196119427680969,0.6365804076194763,0.6638194918632507,0.6376957893371582,0.6404997706413269,0.6463358998298645,0.6379088163375854,0.6407346725463867,0.7299271821975708,0.615798830986023,0.6680492758750916,0.6186130046844482,0.6402901411056519,0.6295338869094849,0.6350157260894775,0.6226330399513245,0.7292118668556213,0.6045710444450378,0.675233781337738,0.608747124671936,0.6498006582260132,0.6189699172973633,0.6487436294555664
aceitar,0.6576887965202332,0.6886498928070068,0.6712077856063843,0.6456798315048218,0.6661874055862427,0.6107326149940491,0.6403087377548218,0.6013169884681702,0.6176872253417969,0.6238569021224976,0.6785460114479065,0.6955983638763428,0.6579097509384155,0.6591603755950928,0.6561970114707947,0.6416546702384949,0.6576144099235535,0.6336234211921692,0.6599822640419006,0.7195135354995728,0.632888913154602,0.6542633175849915,0.6362428665161133,0.6431331038475037,0.6456984877586365,0.6500666737556458,0.6399940252304077,0.7285922765731812,0.6143602132797241,0.6628720164299011,0.619443953037262,0.6454601883888245,0.6310573220252991,0.6478936076164246,0.6218643188476562,0.7288641333580017,0.6018267869949341,0.677852988243103,0.6070611476898193,0.6590719819068909,0.6177176833152771,0.6618001461029053
aceitar,0.6521641612052917,0.6998066306114197,0.670708179473877,0.6529434323310852,0.6653293967247009,0.6089624762535095,0.6368053555488586,0.5954797863960266,0.6149751543998718,0.6245472431182861,0.6755000948905945,0.6983301639556885,0.6524182558059692,0.64705890417099,0.6571332812309265,0.6377183198928833,0.6638075113296509,0.6416781544685364,0.6561086773872375,0.7229537963867188,0.6302796006202698,0.6431618928909302,0.6400855183601379,0.6424073576927185,0.6502618193626404,0.6645925045013428,0.6366335153579712,0.7313534021377563,0.6134328842163086,0.6515939235687256,0.622738242149353,0.6465058922767639,0.633206844329834,0.6632323861122131,0.6194776296615601,0.7304942607879639,0.6015290021896362,0.669577956199646,0.6111844778060913,0.6615458726882935,0.6216046214103699,0.6778203248977661
aceitar,0.6536403894424438,0.7108708024024963,0.6675664186477661,0.6574151515960693,0.6605555415153503,0.6120521426200867,0.6343549489974976,0.5988653302192688,0.6148999333381653,0.6211704015731812,0.6733626127243042,0.6908857226371765,0.6506944894790649,0.6524841785430908,0.6517699360847473,0.640761137008667,0.657341480255127,0.6438718438148499,0.6551275253295898,0.7207107543945312,0.6265366077423096,0.6505557894706726,0.6334432363510132,0.6413864493370056,0.6442623138427734,0.6597777605056763,0.6359720230102539,0.7335030436515808,0.6089619398117065,0.6586376428604126,0.6170917749404907,0.6498933434486389,0.6278181672096252,0.6677699089050293,0.6183757185935974,0.73566734790802,0.5973140597343445,0.675250768661499,0.6053032875061035,0.663497805595398,0.616123616695404,0.6767768859863281
aceitar,0.6508764028549194,0.717705488204956,0.667628288269043,0.6630663871765137,0.6601226925849915,0.6169645190238953,0.6334618330001831,0.5976028442382812,0.611733615398407,0.6126525402069092,0.6680832505226135,0.6886451840400696,0.6426473259925842,0.6436030864715576,0.6429403424263,0.6368990540504456,0.6480782628059387,0.6443337798118591,0.6502557396888733,0.7130047082901001,0.6205342411994934,0.6509879231452942,0.6290146708488464,0.6389240622520447,0.6414432525634766,0.6484281420707703,0.6319156289100647,0.7254247069358826,0.6042415499687195,0.6616606116294861,0.6137913465499878,0.6493264436721802,0.6259012222290039,0.6561928391456604,0.613915205001831,0.7303397059440613,0.5916799306869507,0.6824805736541748,0.5998265743255615,0.6663638353347778,0.610064685344696,0.6687215566635132
aceitar,0.41827788949012756,0.6741693615913391,0.4104980230331421,0.6110731959342957,0.4279572367668152,0.5586784482002258,0.4555181860923767,0.5364634990692139,0.4777349531650543,0.547652006149292,0.41652214527130127,0.6094273328781128,0.4497907757759094,0.5609073042869568,0.4487884044647217,0.5577341914176941,0.445689857006073,0.5712264776229858,0.4312184453010559,0.6461805105209351,0.47335126996040344,0.5858275890350342,0.46348345279693604,0.5845842957496643,0.4506114721298218,0.604581356048584,0.4467525780200958,0.6723729372024536,0.4847892224788666,0.6125005483627319,0.47336316108703613,0.608617901802063,0.4603148102760315,0.6261575818061829,0.46124324202537537,0.6863476037979126,0.4910489320755005,0.6351870894432068,0.48122820258140564,0.6294732689857483,0.46740713715553284,0.6440297961235046
aceitar,0.415780633687973,0.6591385006904602,0.41532981395721436,0.6030828356742859,0.4362746477127075,0.5508477687835693,0.4643304646015167,0.5281966328620911,0.4870924651622772,0.5206602215766907,0.4237758219242096,0.5786756277084351,0.4616376459598541,0.5395432710647583,0.47948163747787476,0.5277696847915649,0.4856613576412201,0.5291293859481812,0.43290039896965027,0.616619884967804,0.4800249934196472,0.5724548101425171,0.48760420083999634,0.5583378672599792,0.4801160395145416,0.5606004595756531,0.4443977475166321,0.6516255140304565,0.489327996969223,0.6105777621269226,0.49174243211746216,0.592116117477417,0.48309582471847534,0.5893833041191101,0.4554893672466278,0.6804895997047424,0.4909069240093231,0.6435363292694092,0.49392181634902954,0.6200631260871887,0.48770788311958313,0.6094333529472351
aceitar,0.419410765171051,0.6517912745475769,0.42464330792427063,0.5995550155639648,0.44494539499282837,0.5531748533248901,0.46777433156967163,0.530340313911438,0.48701414465904236,0.5201591849327087,0.43965592980384827,0.5527065992355347,0.4711947441101074,0.5230185985565186,0.49164101481437683,0.5213021039962769,0.49925094842910767,0.5289375185966492,0.44580307602882385,0.5857625603675842,0.4826493561267853,0.5604701638221741,0.5012226104736328,0.5570523142814636,0.5014147758483887,0.5621051788330078,0.45269396901130676,0.6237544417381287,0.48895952105522156,0.604335606098175,0.50284343957901,0.5971737504005432,0.4989190399646759,0.595137357711792,0.4596705138683319,0.6623266339302063,0.4917120933532715,0.6436243057250977,0.5024500489234924,0.6299879550933838,0.4988834857940674,0.6206087470054626
aceitar,0.42591190338134766,0.6499563455581665,0.4329261779785156,0.602225124835968,0.4512970745563507,0.5629121661186218,0.4714169502258301,0.5475348830223083,0.4884985685348511,0.5458884239196777,0.44934025406837463,0.547216534614563,0.4866017699241638,0.5170150995254517,0.5081760287284851,0.524956464767456,0.5125737190246582,0.5432946681976318,0.4530161917209625,0.5779649615287781,0.4932028651237488,0.5529747009277344,0.5143102407455444,0.5583810806274414,0.5142974853515625,0.5705990791320801,0.4564622640609741,0.6154782176017761,0.49454087018966675,0.5962560176849365,0.5112590193748474,0.5990540385246277,0.5095036029815674,0.6032334566116333,0.46056509017944336,0.6547592878341675,0.49320632219314575,0.6401177048683167,0.5062633156776428,0.6328481435775757,0.5044887065887451,0.6275120377540588
aceitar,0.43146249651908875,0.6447590589523315,0.44325074553489685,0.6024654507637024,0.46526944637298584,0.5696794390678406,0.486784428358078,0.5584596395492554,0.5051016807556152,0.5608641505241394,0.461807519197464,0.5491470098495483,0.5027449131011963,0.5231461524963379,0.5233636498451233,0.5399576425552368,0.5269418358802795,0.5614339113235474,0.4613525867462158,0.5759209394454956,0.503908634185791,0.5527787208557129,0.5267083644866943,0.5696285963058472,0.5281357765197754,0.5875624418258667,0.4602615237236023,0.6115948557853699,0.5002850890159607,0.5915813446044922,0.5201608538627625,0.6067504286766052,0.5227338671684265,0.6196107864379883,0.45927712321281433,0.6507983803749084,0.4909873306751251,0.6392754316329956,0.5084309577941895,0.6419305801391602,0.5135902166366577,0.6447268128395081
aceitar,0.4384872019290924,0.6412656307220459,0.45434051752090454,0.6067240238189697,0.47802290320396423,0.5785801410675049,0.5001037120819092,0.5719557404518127,0.5182278752326965,0.5766492486000061,0.47549688816070557,0.5555706024169922,0.5159959197044373,0.5386797189712524,0.535828709602356,0.5589235424995422,0.540995180606842,0.5817899703979492,0.47215980291366577,0.5758614540100098,0.5149251818656921,0.5605238080024719,0.5368178486824036,0.5828248858451843,0.5421045422554016,0.6040804982185364,0.46939459443092346,0.6083109378814697,0.5110026001930237,0.5929529666900635,0.5307224988937378,0.6129559278488159,0.5360963344573975,0.6304139494895935,0.4676264226436615,0.6471842527389526,0.5002546906471252,0.6403083801269531,0.5184593200683594,0.6476240754127502,0.5266822576522827,0.6559144854545593
aceitar,0.44689470529556274,0.6479381322860718,0.4631342887878418,0.6147683262825012,0.48633068799972534,0.5928606390953064,0.5061776638031006,0.5887420773506165,0.5230620503425598,0.5967585444450378,0.4875410497188568,0.5725750923156738,0.5247200727462769,0.5629891753196716,0.545392632484436,0.5876215100288391,0.5519226789474487,0.6120733618736267,0.4846636950969696,0.5871933698654175,0.5248674750328064,0.5774407982826233,0.5462279319763184,0.6046044826507568,0.5512526631355286,0.6282186508178711,0.4811943769454956,0.6134097576141357,0.5212692022323608,0.6031215190887451,0.541071891784668,0.6276229023933411,0.5464393496513367,0.649013876914978,0.47738558053970337,0.6483491063117981,0.509056568145752,0.6458438634872437,0.5268558859825134,0.6584490537643433,0.5342332124710083,0.6706307530403137
aceitar,0.4515801668167114,0.6617193818092346,0.4685894846916199,0.6317025423049927,0.49271100759506226,0.6122890710830688,0.5128418803215027,0.6104719638824463,0.5288087129592896,0.6198538541793823,0.4967498779296875,0.5901575088500977,0.5332521796226501,0.5913012623786926,0.5524563193321228,0.6159774661064148,0.5597259998321533,0.6392509341239929,0.49386361241340637,0.6016244292259216,0.5340548157691956,0.5983161330223083,0.553165078163147,0.6292223930358887,0.5570760369300842,0.6549915671348572,0.4896663427352905,0.625393807888031,0.5278724431991577,0.6239472031593323,0.5440483689308167,0.6533759236335754,0.5479350090026855,0.6755976676940918,0.48489099740982056,0.6577392816543579,0.5154659152030945,0.661048173904419,0.5297679901123047,0.6764203310012817,0.5352959036827087,0.6881177425384521
aceitar,0.45313557982444763,0.6734323501586914,0.471469908952713,0.6443683505058289,0.49662497639656067,0.626627504825592,0.5177595019340515,0.62742680311203,0.5342303514480591,0.6395182609558105,0.5009055733680725,0.6044986248016357,0.5370717644691467,0.6113710403442383,0.5536321401596069,0.6343072652816772,0.5576765537261963,0.6549457907676697,0.49786868691444397,0.61513352394104,0.5393653512001038,0.6163902282714844,0.5556244850158691,0.646030843257904,0.5569790601730347,0.6701745390892029,0.4937881529331207,0.6385604739189148,0.5325363278388977,0.6449164748191833,0.5461181402206421,0.6763715744018555,0.5474643111228943,0.6991008520126343,0.48947224020957947,0.6707203388214111,0.5213692784309387,0.6794625520706177,0.5345973372459412,0.6980200409889221,0.5392618179321289,0.7116712331771851
aceitar,0.4532376527786255,0.683840274810791,0.4741377532482147,0.6555448770523071,0.4994390904903412,0.6400235891342163,0.5205824375152588,0.6434743404388428,0.5364189147949219,0.6573861241340637,0.504976212978363,0.6184219121932983,0.541178822517395,0.6290918588638306,0.5547255277633667,0.6542126536369324,0.5564172267913818,0.6748001575469971,0.5024420619010925,0.6304776072502136,0.5435609221458435,0.6366705894470215,0.5574219226837158,0.6659250855445862,0.5577069520950317,0.6879302859306335,0.4982542395591736,0.6545929908752441,0.5365456342697144,0.6668702960014343,0.5481327772140503,0.6986348628997803,0.5485981702804565,0.720822811126709,0.49300670623779297,0.6876298785209656,0.5247971415519714,0.7006485462188721,0.5378144979476929,0.7190330028533936,0.5428531765937805,0.7324268221855164
aceitar,0.4568345546722412,0.6971466541290283,0.4759995937347412,0.6717028617858887,0.5002701282501221,0.6573280096054077,0.5194094777107239,0.6608179807662964,0.533635675907135,0.675145149230957,0.5068467259407043,0.6327527165412903,0.5409449934959412,0.6459765434265137,0.5528894066810608,0.6736341714859009,0.5536403656005859,0.6959238648414612,0.5045536756515503,0.6430478096008301,0.5439629554748535,0.6506719589233398,0.5566433072090149,0.6793723106384277,0.5574716925621033,0.7000628113746643,0.500426709651947,0.6659802198410034,0.537724494934082,0.6796714067459106,0.5483429431915283,0.7117851972579956,0.5494271516799927,0.7337436079978943,0.49473926424980164,0.6982119083404541,0.5248857736587524,0.712260365486145,0.5368308424949646,0.731357753276825,0.5420524477958679,0.7446313500404358
aceitar,0.4578247368335724,0.7108057141304016,0.4787099063396454,0.6866106986999512,0.502745509147644,0.6721130013465881,0.5213148593902588,0.675506591796875,0.5348803400993347,0.6858906745910645,0.5113692283630371,0.6484242677688599,0.5448110699653625,0.6695784330368042,0.5584750175476074,0.6962608695030212,0.5608478784561157,0.714015543460846,0.5093077421188354,0.6573657989501953,0.5493726134300232,0.6722701191902161,0.5623646378517151,0.7006410360336304,0.5620025992393494,0.7182520031929016,0.5047296285629272,0.6778942346572876,0.5446818470954895,0.6920387744903564,0.5528985857963562,0.7233833074569702,0.5499252080917358,0.742910623550415,0.498599648475647,0.7068412899971008,0.530241072177887,0.7224123477935791,0.5390010476112366,0.7429153323173523,0.5391173362731934,0.7554953098297119
aceitar,0.45742228627204895,0.7257277965545654,0.47802668809890747,0.7099071741104126,0.5034518837928772,0.6960006356239319,0.5213258266448975,0.6986832618713379,0.5349606871604919,0.7086629271507263,0.5129476189613342,0.6651974320411682,0.5408804416656494,0.6858038306236267,0.5534312725067139,0.709299623966217,0.557415246963501,0.7249273657798767,0.5104579329490662,0.6728723049163818,0.5438173413276672,0.6921287775039673,0.5554865598678589,0.7180839776992798,0.5570801496505737,0.734186589717865,0.5059643983840942,0.6921039819717407,0.5411999821662903,0.7106568813323975,0.5478476285934448,0.7392662763595581,0.5455014705657959,0.7568132281303406,0.5006259679794312,0.719901442527771,0.5309346318244934,0.7354832291603088,0.5383408665657043,0.7547198534011841,0.5377390384674072,0.7669091820716858
aceitar,0.45570608973503113,0.7434514164924622,0.484416663646698,0.7646185755729675,0.5101088285446167,0.7553588151931763,0.527247428894043,0.7514145970344543,0.5385710000991821,0.7496995329856873,0.516228199005127,0.6867719888687134,0.5460248589515686,0.7078893184661865,0.553466796875,0.7367267608642578,0.5523539185523987,0.7530909180641174,0.5119224786758423,0.6844071745872498,0.5461366176605225,0.7080203294754028,0.5506473183631897,0.7398350834846497,0.5467550158500671,0.7563797831535339,0.5061196684837341,0.6962176561355591,0.5430153608322144,0.7161040902137756,0.5467105507850647,0.7449381351470947,0.5424251556396484,0.7597000002861023,0.49997374415397644,0.7194087505340576,0.529579758644104,0.7423499226570129,0.5355554819107056,0.7647583484649658,0.5341373682022095,0.7767205238342285
aceitar,0.454757958650589,0.7567853927612305,0.4860464930534363,0.7769041657447815,0.5110028386116028,0.7658525109291077,0.5278565287590027,0.7597829103469849,0.5360886454582214,0.7587552070617676,0.5175104141235352,0.6978572607040405,0.5440380573272705,0.7191987633705139,0.5473619103431702,0.7458625435829163,0.543335497379303,0.7592445611953735,0.5133990049362183,0.6947634816169739,0.5425293445587158,0.7257818579673767,0.5418415665626526,0.7553249001502991,0.535602867603302,0.767763614654541,0.5076817274093628,0.70412677526474,0.5398629903793335,0.7340283393859863,0.5380347967147827,0.7608615756034851,0.5294750332832336,0.7709426879882812,0.5009768605232239,0.7233157157897949,0.5309670567512512,0.7498844265937805,0.5343558192253113,0.7720999121665955,0.5302426218986511,0.7819383144378662
aconselhar,0.5633906126022339,0.8517062067985535,0.5426958203315735,0.8143317103385925,0.5184553861618042,0.7980429530143738,0.4970760941505432,0.8039214015007019,0.4858154058456421,0.810276985168457,0.5442951917648315,0.8222548961639404,0.5228114128112793,0.8328258395195007,0.5012645721435547,0.8321462869644165,0.4883870482444763,0.8323222994804382,0.5436429977416992,0.8545334339141846,0.5089548230171204,0.8752442598342896,0.48717257380485535,0.8629440665245056,0.4783170521259308,0.8502830862998962,0.541165292263031,0.8772661685943604,0.5038252472877502,0.8912909030914307,0.4851473569869995,0.8764512538909912,0.477781742811203,0.8606307506561279,0.5385968685150146,0.8886930346488953,0.5056641101837158,0.8937647342681885,0.48876887559890747,0.879307746887207,0.48146316409111023,0.8623301982879639
aconselhar,0.5567070245742798,0.8551450967788696,0.5370913743972778,0.8171811699867249,0.5167988538742065,0.7989389300346375,0.49840375781059265,0.8044092059135437,0.4849570691585541,0.8097909092903137,0.5452906489372253,0.8240641355514526,0.5252858996391296,0.8325674533843994,0.5024348497390747,0.8327144980430603,0.48774969577789307,0.8328787088394165,0.5455406308174133,0.854002058506012,0.5113115310668945,0.8754711151123047,0.4897874593734741,0.8673098683357239,0.48042574524879456,0.8567209243774414,0.5423815846443176,0.8741533160209656,0.5044056177139282,0.8911406397819519,0.4863431453704834,0.8773926496505737,0.4786269962787628,0.8612166047096252,0.5386238098144531,0.883729100227356,0.5058523416519165,0.8916935324668884,0.4882523715496063,0.8785209655761719,0.4795401990413666,0.8611348867416382
aconselhar,0.557195782661438,0.8517888784408569,0.5378124713897705,0.814970850944519,0.5136827826499939,0.787879228591919,0.4966795742511749,0.785785436630249,0.4883600175380707,0.7932600378990173,0.5387724041938782,0.8215367794036865,0.521744430065155,0.8326775431632996,0.5016496181488037,0.8330299854278564,0.4888645112514496,0.8327226638793945,0.5421196818351746,0.8520941734313965,0.5141196846961975,0.8720763921737671,0.4935070276260376,0.8676574230194092,0.48266151547431946,0.8603452444076538,0.5424173474311829,0.8733280301094055,0.5100398063659668,0.89057457447052,0.4913760721683502,0.8846306800842285,0.4809506833553314,0.8749841451644897,0.5409757494926453,0.8848178386688232,0.5109513401985168,0.8940109014511108,0.4932102859020233,0.8850489258766174,0.48221567273139954,0.8716297745704651
aconselhar,0.482609361410141,0.8424597382545471,0.4784829914569855,0.8049595952033997,0.4786369204521179,0.7837138175964355,0.48340892791748047,0.7846086621284485,0.49286171793937683,0.791695773601532,0.5100858807563782,0.8158806562423706,0.515478253364563,0.8251544833183289,0.5179145336151123,0.8236071467399597,0.5195911526679993,0.8226282000541687,0.5177016258239746,0.8599739670753479,0.5208010077476501,0.8679474592208862,0.5236384272575378,0.8546865582466125,0.5256819725036621,0.8420554399490356,0.5196229219436646,0.8910472989082336,0.5225087404251099,0.897295355796814,0.5256242752075195,0.8805904984474182,0.5288776159286499,0.864625871181488,0.5193287134170532,0.9120110273361206,0.5213460922241211,0.9125250577926636,0.5225415229797363,0.8974212408065796,0.5248265266418457,0.8819065093994141
aconselhar,0.4452364146709442,0.8475953936576843,0.4475424885749817,0.8056009411811829,0.4586511552333832,0.782203197479248,0.47618138790130615,0.7816277146339417,0.49304431676864624,0.7913839221000671,0.4735305607318878,0.8515689969062805,0.5164767503738403,0.8503614664077759,0.5329686403274536,0.8241711854934692,0.5379382967948914,0.8084513545036316,0.48178035020828247,0.8814396858215332,0.5232970714569092,0.8755053281784058,0.5373783707618713,0.8470081090927124,0.5408945083618164,0.8319592475891113,0.48941755294799805,0.8967270851135254,0.5266145467758179,0.8930802345275879,0.5383502244949341,0.8641594052314758,0.5417051315307617,0.8454923033714294,0.4967803657054901,0.9025506973266602,0.5261237621307373,0.9010649919509888,0.5384798049926758,0.8810023665428162,0.5430459380149841,0.8646520376205444
aconselhar,0.5806868672370911,0.8567056655883789,0.5610331296920776,0.807759165763855,0.5327094197273254,0.7913212776184082,0.5059245228767395,0.8040534853935242,0.4857642948627472,0.8161494731903076,0.525776743888855,0.8484717607498169,0.49277159571647644,0.8742660284042358,0.47161319851875305,0.882159411907196,0.4533439874649048,0.8850623965263367,0.5281943678855896,0.8843281269073486,0.4904501140117645,0.9094825387001038,0.46457743644714355,0.9152980446815491,0.4442176818847656,0.9162051677703857,0.5302101969718933,0.9077621698379517,0.49558982253074646,0.9302437901496887,0.47110775113105774,0.9386957287788391,0.45187172293663025,0.9431114196777344,0.5316652059555054,0.9202472567558289,0.5035669803619385,0.9390212297439575,0.48490241169929504,0.9485156536102295,0.46910762786865234,0.9540167450904846
aconselhar,0.5744696855545044,0.8560305833816528,0.5511152744293213,0.8093575835227966,0.5238030552864075,0.7970789074897766,0.49698442220687866,0.8095495104789734,0.4808501601219177,0.8268417119979858,0.5350127220153809,0.8250335454940796,0.5098943114280701,0.8603360652923584,0.4948560297489166,0.8777258396148682,0.48243632912635803,0.8884755969047546,0.5416743159294128,0.8637221455574036,0.5109457969665527,0.897532045841217,0.4897143840789795,0.9125716686248779,0.47394442558288574,0.9229692220687866,0.544820249080658,0.8915426135063171,0.5167250633239746,0.9237642884254456,0.4964832365512848,0.9391521215438843,0.48133617639541626,0.9501802921295166,0.5452404618263245,0.9093191027641296,0.522556483745575,0.9367280006408691,0.5072704553604126,0.9532009959220886,0.494483083486557,0.9661231637001038
aconselhar,0.5615836381912231,0.8414734601974487,0.535493791103363,0.8230928778648376,0.5147107839584351,0.8180009126663208,0.498788446187973,0.8290219902992249,0.48708152770996094,0.8458702564239502,0.5430396795272827,0.8041431307792664,0.5358670353889465,0.8083222508430481,0.524243950843811,0.8245850205421448,0.5138644576072693,0.8429725170135498,0.5549154281616211,0.8286184072494507,0.5384009480476379,0.8513031601905823,0.5238090753555298,0.8698150515556335,0.5137364268302917,0.8821065425872803,0.56255042552948,0.8542002439498901,0.5444307923316956,0.880976676940918,0.5302556753158569,0.8970907330513,0.5202645063400269,0.9070672392845154,0.5662686824798584,0.8787848949432373,0.549647867679596,0.9026680588722229,0.5369314551353455,0.9176753759384155,0.5282008051872253,0.9276350736618042
aconselhar,0.5722621083259583,0.854604959487915,0.5432353019714355,0.8214296698570251,0.51724773645401,0.8137323260307312,0.49874216318130493,0.8231828212738037,0.4861862063407898,0.8378227949142456,0.5402175188064575,0.8027518391609192,0.5312650203704834,0.7934712171554565,0.521396279335022,0.8038210868835449,0.5159438252449036,0.8183375597000122,0.5496590733528137,0.8261237144470215,0.5411309599876404,0.8254402279853821,0.5300411581993103,0.8302676677703857,0.5244824886322021,0.8348174095153809,0.5553293228149414,0.8530013561248779,0.5432285666465759,0.8625859022140503,0.5332223176956177,0.866432249546051,0.5278528332710266,0.8695502877235413,0.5577981472015381,0.8824313282966614,0.543140709400177,0.8950220346450806,0.5331697463989258,0.8998069763183594,0.5274952054023743,0.9038053750991821
aconselhar,0.42317065596580505,0.7231214642524719,0.44937586784362793,0.7106215953826904,0.47972437739372253,0.7004479765892029,0.5036042928695679,0.6972371935844421,0.5232560038566589,0.6941679120063782,0.465918630361557,0.6792827844619751,0.48018836975097656,0.6771163940429688,0.48902201652526855,0.6866437196731567,0.49761635065078735,0.696557343006134,0.4548254907131195,0.6953051090240479,0.47006693482398987,0.7007037401199341,0.48127615451812744,0.7131111025810242,0.49056026339530945,0.7240701913833618,0.4432544410228729,0.7195858955383301,0.45740872621536255,0.7271787524223328,0.46877750754356384,0.7411647439002991,0.47850728034973145,0.7520357966423035,0.4328029155731201,0.7454532384872437,0.44502419233322144,0.7569214105606079,0.45397815108299255,0.7698706388473511,0.46272462606430054,0.7829930186271667
aconselhar,0.5678669810295105,0.8385106325149536,0.5393016338348389,0.8067205548286438,0.515724778175354,0.7962834239006042,0.5000121593475342,0.8064432144165039,0.4922443628311157,0.8261563777923584,0.5362788438796997,0.7782084941864014,0.5269967913627625,0.7533942461013794,0.5115351676940918,0.7701618671417236,0.5083404779434204,0.7873519659042358,0.5418493747711182,0.7984641194343567,0.5364692211151123,0.7888564467430115,0.5192265510559082,0.7995716333389282,0.5154947638511658,0.8028419017791748,0.545048713684082,0.8278788328170776,0.5382773876190186,0.8265690207481384,0.5263603329658508,0.8313537240028381,0.5252445340156555,0.82685786485672,0.5450913906097412,0.8613228797912598,0.532167375087738,0.8722904324531555,0.5240909457206726,0.8690320253372192,0.5264624953269958,0.8597257733345032
aconselhar,0.43521445989608765,0.7351841330528259,0.4601573348045349,0.7123156189918518,0.4911110997200012,0.7030079960823059,0.5148018002510071,0.7086371183395386,0.5321552753448486,0.7164073586463928,0.4761148691177368,0.6986483931541443,0.48476216197013855,0.7023863792419434,0.4908422529697418,0.7147352695465088,0.4977695345878601,0.7261578440666199,0.4640631377696991,0.7200656533241272,0.47470876574516296,0.7305142283439636,0.48456650972366333,0.7447222471237183,0.4927809238433838,0.7556467652320862,0.4529572129249573,0.7446226477622986,0.4645977318286896,0.7546370029449463,0.47445857524871826,0.7674815654754639,0.48301297426223755,0.7759820818901062,0.4439897835254669,0.7681065201759338,0.4559437036514282,0.7814615964889526,0.4647235870361328,0.7929723262786865,0.4734160006046295,0.8049362897872925
aconselhar,0.43862688541412354,0.7382158041000366,0.4638693630695343,0.7154655456542969,0.494269996881485,0.7080507278442383,0.5183179378509521,0.7167001962661743,0.5355886816978455,0.7284090518951416,0.4808661937713623,0.7029178142547607,0.4913599491119385,0.7077644467353821,0.4984179735183716,0.7223988771438599,0.5052006244659424,0.736366868019104,0.4692823886871338,0.7246710062026978,0.48200613260269165,0.7407923340797424,0.49127623438835144,0.7567008137702942,0.49810537695884705,0.7679897546768188,0.4585917294025421,0.7489587068557739,0.47160080075263977,0.7640272974967957,0.4812823534011841,0.7783955931663513,0.488921582698822,0.7870360016822815,0.45017576217651367,0.7719799280166626,0.4640069603919983,0.7888875603675842,0.4738214313983917,0.8008226752281189,0.48303166031837463,0.811177670955658
aconselhar,0.4423658847808838,0.7416999936103821,0.46879756450653076,0.7234266996383667,0.49989503622055054,0.7211215496063232,0.5230101943016052,0.7333697080612183,0.5401351451873779,0.7465185523033142,0.4876709282398224,0.7070223093032837,0.49881845712661743,0.7070698738098145,0.5043525099754333,0.7237104773521423,0.5089936852455139,0.7407206892967224,0.4758724272251129,0.7262598872184753,0.4896140694618225,0.7446841597557068,0.4975060224533081,0.7635051608085632,0.5030887722969055,0.7776442170143127,0.4647270739078522,0.7496191263198853,0.4801144301891327,0.767697274684906,0.4881654679775238,0.785312831401825,0.49395182728767395,0.7962251901626587,0.4549504220485687,0.7730474472045898,0.46988746523857117,0.7896856665611267,0.47797906398773193,0.8023872971534729,0.4852043390274048,0.8121659755706787
aconselhar,0.44514790177345276,0.7454729080200195,0.47360265254974365,0.7262773513793945,0.5039436221122742,0.7230696678161621,0.5238966941833496,0.7385868430137634,0.5372479557991028,0.7578727006912231,0.48749789595603943,0.707728385925293,0.4961271584033966,0.7086473107337952,0.503017008304596,0.723928689956665,0.50920569896698,0.7378473281860352,0.47513237595558167,0.7273293137550354,0.4865243136882782,0.7455819845199585,0.49651050567626953,0.7655742764472961,0.5042707324028015,0.7789595127105713,0.4641868472099304,0.7523895502090454,0.4773922860622406,0.7688072323799133,0.4868769645690918,0.7873426079750061,0.49389174580574036,0.7964795231819153,0.4556657671928406,0.7772702574729919,0.4696792662143707,0.7930355668067932,0.47867146134376526,0.8050740957260132,0.486572802066803,0.8128417134284973
aconselhar,0.4443177878856659,0.7425053715705872,0.4709893465042114,0.7166541814804077,0.5005360841751099,0.713672935962677,0.5201350450515747,0.7337413430213928,0.532406210899353,0.7576202154159546,0.4853057563304901,0.7061989307403564,0.49189022183418274,0.7130776643753052,0.4980147182941437,0.7286799550056458,0.5041898488998413,0.743139386177063,0.47284558415412903,0.7301735281944275,0.48445096611976624,0.7549558281898499,0.49429914355278015,0.7742952108383179,0.5020586252212524,0.7879398465156555,0.4625190198421478,0.7567065358161926,0.47599267959594727,0.7789881229400635,0.48587149381637573,0.7958245873451233,0.4933369755744934,0.8056747317314148,0.45446693897247314,0.7822294235229492,0.46898043155670166,0.802969217300415,0.47946274280548096,0.8163326978683472,0.4888899028301239,0.826387882232666
aconselhar,0.4406689405441284,0.7401107549667358,0.46825462579727173,0.7112836241722107,0.49947965145111084,0.7103209495544434,0.5192499160766602,0.7328770160675049,0.5308524370193481,0.7607685327529907,0.484988808631897,0.7031610012054443,0.4911086857318878,0.7135639190673828,0.4958474934101105,0.7317764759063721,0.5010741353034973,0.7510080337524414,0.4717651903629303,0.7292155623435974,0.48410195112228394,0.7592722177505493,0.493261456489563,0.7808333039283752,0.5014727711677551,0.7971879839897156,0.4603066146373749,0.7572884559631348,0.474662721157074,0.7845194339752197,0.4845901429653168,0.8040671348571777,0.4929454028606415,0.8159724473953247,0.45136770606040955,0.7849651575088501,0.4674254357814789,0.8077341914176941,0.4782428443431854,0.8215632438659668,0.48803287744522095,0.8313899040222168
aconselhar,0.4409695863723755,0.7320413589477539,0.4677565097808838,0.7014852166175842,0.49980777502059937,0.6986426115036011,0.5205349326133728,0.7214705944061279,0.5329631567001343,0.7488649487495422,0.4859585165977478,0.6950633525848389,0.49304407835006714,0.7026421427726746,0.49632927775382996,0.7225782871246338,0.5010159611701965,0.7441388964653015,0.472983181476593,0.7224209904670715,0.4842415153980255,0.74781733751297,0.49231967329978943,0.7702147364616394,0.49996688961982727,0.7896398901939392,0.4618721306324005,0.7504528164863586,0.47554582357406616,0.7761738300323486,0.4853357672691345,0.7959182262420654,0.4936281442642212,0.8097098469734192,0.4536430835723877,0.7771229147911072,0.46955081820487976,0.7973517775535583,0.4797348380088806,0.8098883032798767,0.48882609605789185,0.8200368881225586
aconselhar,0.5474181771278381,0.8168766498565674,0.5253575444221497,0.7835061550140381,0.505621075630188,0.7603397369384766,0.4905669391155243,0.7450817227363586,0.479854941368103,0.7376716732978821,0.5173688530921936,0.7686408758163452,0.5067884922027588,0.7617419362068176,0.5013430714607239,0.7616050243377686,0.49723756313323975,0.757839560508728,0.5205173492431641,0.789883017539978,0.5099897384643555,0.7886149883270264,0.5044060349464417,0.7862361073493958,0.5007379055023193,0.7800430059432983,0.5221563577651978,0.8137789964675903,0.5127674341201782,0.8116692304611206,0.5060126185417175,0.8085375428199768,0.5006923079490662,0.8012574911117554,0.5229153633117676,0.8397623896598816,0.5172147750854492,0.8407583236694336,0.5122396945953369,0.834784209728241,0.5076693296432495,0.827332615852356
aconselhar,0.4446585476398468,0.7094562649726868,0.46918410062789917,0.6806939244270325,0.49984070658683777,0.6783030033111572,0.5196817517280579,0.7017967700958252,0.5307852625846863,0.7303246855735779,0.48717543482780457,0.6643224954605103,0.4981314241886139,0.6716676950454712,0.503592848777771,0.6902385950088501,0.5093095898628235,0.7091837525367737,0.47613123059272766,0.6920593976974487,0.4922097623348236,0.7183244824409485,0.503337562084198,0.7366418838500977,0.5132333040237427,0.7511756420135498,0.46714770793914795,0.7218134999275208,0.4845424294471741,0.7449597716331482,0.49555402994155884,0.7598813772201538,0.504420280456543,0.7676581740379333,0.46088889241218567,0.7508221864700317,0.4789876937866211,0.7680944204330444,0.4891061782836914,0.7792922258377075,0.4981357455253601,0.7876415252685547
aconselhar,0.4487098455429077,0.7072529792785645,0.47315162420272827,0.6795185804367065,0.5046831965446472,0.6722939610481262,0.52681964635849,0.6875515580177307,0.541517972946167,0.7068924307823181,0.49067234992980957,0.6623004078865051,0.5026219487190247,0.669363260269165,0.5083192586898804,0.6878170371055603,0.5131877064704895,0.7055034041404724,0.4794362187385559,0.6884196400642395,0.49760639667510986,0.7144206762313843,0.5077883005142212,0.731511116027832,0.5160254240036011,0.7430346012115479,0.46997901797294617,0.7170560359954834,0.4886089563369751,0.7385903596878052,0.49927330017089844,0.7532509565353394,0.507480263710022,0.7607786655426025,0.4630352854728699,0.7446826696395874,0.48073112964630127,0.7596102952957153,0.4907863140106201,0.7701707482337952,0.4998464584350586,0.7783449292182922
aconselhar,0.45310676097869873,0.7116475701332092,0.4769851267337799,0.6868475079536438,0.5086028575897217,0.6812792420387268,0.5314286947250366,0.6957085728645325,0.5471996068954468,0.7143421769142151,0.49669596552848816,0.667901873588562,0.5095182657241821,0.6737294793128967,0.5162948369979858,0.6921945810317993,0.5214011073112488,0.710499107837677,0.48591741919517517,0.6919589042663574,0.5035520792007446,0.716099739074707,0.5131524205207825,0.7332353591918945,0.5203141570091248,0.7456642389297485,0.475989431142807,0.7195532917976379,0.4930627942085266,0.7391780614852905,0.5028982162475586,0.7539397478103638,0.5106139183044434,0.7628371715545654,0.4681522250175476,0.7464460134506226,0.48453807830810547,0.7618979215621948,0.49414750933647156,0.7730399370193481,0.5030704736709595,0.7824307680130005
aconselhar,0.45430493354797363,0.7176564931869507,0.4791939854621887,0.6931339502334595,0.5117620825767517,0.6893506646156311,0.5350201725959778,0.7061891555786133,0.5511588454246521,0.7247997522354126,0.5000073909759521,0.6768430471420288,0.5115678310394287,0.6807856559753418,0.5183647274971008,0.6972333192825317,0.5239591598510742,0.7145184278488159,0.489021360874176,0.6998507976531982,0.5037368535995483,0.7209238409996033,0.5129467248916626,0.7395500540733337,0.5198538303375244,0.7545315027236938,0.47885969281196594,0.7263984680175781,0.4953359067440033,0.7458384037017822,0.5041808485984802,0.761833906173706,0.5107153654098511,0.7721057534217834,0.47072267532348633,0.7522416710853577,0.48745059967041016,0.7696353793144226,0.49656763672828674,0.7820804715156555,0.5047270655632019,0.7926368117332458
aconselhar,0.4544926881790161,0.730181097984314,0.48122990131378174,0.7100917100906372,0.513957679271698,0.7110889554023743,0.536608874797821,0.7305294275283813,0.5517208576202393,0.7527429461479187,0.5011378526687622,0.6933495998382568,0.5121015906333923,0.6960116624832153,0.5189520120620728,0.7113633751869202,0.5246313810348511,0.7276929020881653,0.49069586396217346,0.71452397108078,0.5041152834892273,0.7324635982513428,0.5133200883865356,0.750921905040741,0.5196815133094788,0.765906572341919,0.4808436334133148,0.7404522895812988,0.49676513671875,0.7588668465614319,0.5054133534431458,0.7752454280853271,0.5111660957336426,0.7857433557510376,0.4725859463214874,0.766470730304718,0.48933789134025574,0.7834111452102661,0.498307466506958,0.7965248227119446,0.5059614777565002,0.8076810240745544
aconselhar,0.4562261700630188,0.7373127937316895,0.48364126682281494,0.7172151803970337,0.5155722498893738,0.7184076905250549,0.5372594594955444,0.7385328412055969,0.5521987080574036,0.7598288655281067,0.502573549747467,0.6999105215072632,0.5109533071517944,0.7065706849098206,0.5175667405128479,0.7210677862167358,0.5232450366020203,0.7336905002593994,0.49062734842300415,0.7213747501373291,0.5033915042877197,0.7445551753044128,0.5129919648170471,0.7641499042510986,0.5201808214187622,0.7776500582695007,0.4797494411468506,0.7477461099624634,0.49460479617118835,0.768983781337738,0.5042242407798767,0.7866795063018799,0.5115618109703064,0.796518862247467,0.4707593023777008,0.7737513184547424,0.4860295355319977,0.7913812398910522,0.4957866072654724,0.8033992052078247,0.5048076510429382,0.8126967549324036
aconselhar,0.4513280391693115,0.734967052936554,0.47919702529907227,0.708846390247345,0.5114150047302246,0.7065116167068481,0.5326520800590515,0.7267706394195557,0.5437456965446472,0.7544081211090088,0.49660325050354004,0.6988438367843628,0.5067125558853149,0.7083705067634583,0.5134475231170654,0.7230595946311951,0.5192247629165649,0.7365778088569641,0.4846799671649933,0.7244954705238342,0.5000619888305664,0.7509660124778748,0.5102787017822266,0.7688443660736084,0.5175111293792725,0.7800735831260681,0.47439175844192505,0.7520961761474609,0.49218735098838806,0.7747400403022766,0.5028319358825684,0.7907898426055908,0.5103657841682434,0.7983806133270264,0.4663522243499756,0.7784844040870667,0.4840609133243561,0.7974035739898682,0.4943011403083801,0.8092974424362183,0.5026475787162781,0.8164893984794617
aconselhar,0.4488884210586548,0.7359676361083984,0.47595593333244324,0.7044001221656799,0.5083348751068115,0.6996185183525085,0.5289046764373779,0.7207467555999756,0.5389295816421509,0.7510520219802856,0.49333441257476807,0.6951605081558228,0.5008022785186768,0.7054566740989685,0.5069381594657898,0.7221193313598633,0.5134567618370056,0.7391296625137329,0.4816106855869293,0.7244178056716919,0.4933689832687378,0.7504167556762695,0.5032215118408203,0.7686479091644287,0.5118712782859802,0.7820832133293152,0.47168412804603577,0.7537547945976257,0.48617681860923767,0.7766181826591492,0.4976368844509125,0.7922212481498718,0.5072627067565918,0.8003271818161011,0.4643072783946991,0.7810142040252686,0.48066502809524536,0.800916850566864,0.49145248532295227,0.8110860586166382,0.501197874546051,0.8167203664779663
aconselhar,0.4477568566799164,0.729559063911438,0.47374212741851807,0.697881817817688,0.5067574977874756,0.6921150088310242,0.5279090404510498,0.7146614789962769,0.5378496646881104,0.7457576990127563,0.4926121234893799,0.6910752654075623,0.5017405152320862,0.7003409266471863,0.5050177574157715,0.7195177674293518,0.5095019340515137,0.7390760183334351,0.4804690182209015,0.7203467488288879,0.49227654933929443,0.7440716028213501,0.500441312789917,0.7646200060844421,0.5080976486206055,0.7811631560325623,0.47014981508255005,0.7489233613014221,0.4840766191482544,0.7720364928245544,0.49466627836227417,0.790264368057251,0.5036442279815674,0.8019961714744568,0.4629512131214142,0.775436282157898,0.4792798161506653,0.7957197427749634,0.49004921317100525,0.8076269626617432,0.4998769760131836,0.8169039487838745
aconselhar,0.4500846266746521,0.7237972021102905,0.4762043058872223,0.6919502019882202,0.5081595778465271,0.6872732043266296,0.5284668207168579,0.7097268104553223,0.5386300683021545,0.7383010387420654,0.49490875005722046,0.6854255199432373,0.5058354735374451,0.697119951248169,0.5096135139465332,0.715390145778656,0.513123095035553,0.7325057983398438,0.483183890581131,0.7144700884819031,0.4976160526275635,0.7396228909492493,0.5064487457275391,0.7601765990257263,0.5144360065460205,0.7767003774642944,0.473458856344223,0.7420421242713928,0.48813462257385254,0.765046238899231,0.4979613423347473,0.7824743986129761,0.5061720609664917,0.7938799858093262,0.46625468134880066,0.7672290802001953,0.4805775284767151,0.7865250110626221,0.488852322101593,0.7986937761306763,0.49642953276634216,0.807828426361084
aconselhar,0.4520614445209503,0.7183454632759094,0.47618454694747925,0.6877463459968567,0.5085532665252686,0.6819314360618591,0.5296013951301575,0.7030214071273804,0.5407252907752991,0.7299126386642456,0.4949053227901459,0.6737620234489441,0.5063089728355408,0.6802797913551331,0.5109310150146484,0.7002168893814087,0.5156745314598083,0.7214515209197998,0.4838070869445801,0.7022028565406799,0.500700831413269,0.7278288006782532,0.5105071067810059,0.7468384504318237,0.5195493698120117,0.7619023323059082,0.4747438132762909,0.7314577698707581,0.49181070923805237,0.7545740604400635,0.5027028322219849,0.7717423439025879,0.5120474100112915,0.7821711897850037,0.468487411737442,0.7594841718673706,0.4853474199771881,0.7782748937606812,0.4951333701610565,0.7885717749595642,0.5044413208961487,0.7957242727279663
aconselhar,0.45171961188316345,0.7152392268180847,0.4764099419116974,0.6846967339515686,0.5085144639015198,0.6773075461387634,0.5305397510528564,0.6954129934310913,0.5431373715400696,0.7206970453262329,0.49382972717285156,0.6721246242523193,0.504862368106842,0.6800799369812012,0.5104910135269165,0.6986021995544434,0.5156365036964417,0.7176324129104614,0.48256710171699524,0.7003567814826965,0.5002613067626953,0.7264694571495056,0.5112157464027405,0.7443034052848816,0.5201372504234314,0.7572601437568665,0.4733826816082001,0.7297875285148621,0.49087801575660706,0.7522910833358765,0.5033496022224426,0.7690776586532593,0.5135707855224609,0.7781463265419006,0.4669561982154846,0.7578803300857544,0.48412609100341797,0.7752020359039307,0.4943966269493103,0.7844482064247131,0.5038304924964905,0.7898803949356079
aconselhar,0.44883230328559875,0.7130411863327026,0.4723907709121704,0.6865098476409912,0.504473090171814,0.6760290861129761,0.5274805426597595,0.6864262819290161,0.5442533493041992,0.6996676921844482,0.4900934100151062,0.6692842245101929,0.5002637505531311,0.6719305515289307,0.5053111910820007,0.6888725757598877,0.5106496810913086,0.7060972452163696,0.47836801409721375,0.694832444190979,0.4954617917537689,0.7185060977935791,0.5060076713562012,0.738422155380249,0.5151076316833496,0.7540194392204285,0.4688526391983032,0.7231805324554443,0.48525142669677734,0.7458347678184509,0.49707719683647156,0.7641670107841492,0.5074977874755859,0.7758917212486267,0.4621633291244507,0.7507407069206238,0.47877585887908936,0.7681525945663452,0.4898653030395508,0.7791078686714172,0.5009744167327881,0.7880621552467346
aconselhar,0.5652236938476562,0.8019307255744934,0.5429931879043579,0.7653437852859497,0.5232642292976379,0.7361869215965271,0.5100796818733215,0.7150514125823975,0.49960747361183167,0.6998251080513,0.5306835174560547,0.7389392852783203,0.5174896717071533,0.7229177951812744,0.5097852349281311,0.7149006724357605,0.504026472568512,0.7071768045425415,0.5358732342720032,0.7568559050559998,0.5215521454811096,0.7474072575569153,0.5130033493041992,0.7406008243560791,0.505773663520813,0.7333417534828186,0.5387585163116455,0.7817728519439697,0.5267844796180725,0.7799180746078491,0.5175146460533142,0.7778463363647461,0.5091448426246643,0.7738739252090454,0.5399214625358582,0.8116751909255981,0.5285940170288086,0.8148819208145142,0.5206016898155212,0.815316915512085,0.5128015875816345,0.8165751695632935
aconselhar,0.5619019269943237,0.7958278059959412,0.5455126762390137,0.7499675750732422,0.5295166969299316,0.713243305683136,0.5234169960021973,0.6908351182937622,0.5240328907966614,0.6748108863830566,0.5336008667945862,0.7283232808113098,0.517084538936615,0.7149395942687988,0.504037618637085,0.7245184183120728,0.49401193857192993,0.7382263541221619,0.5379692912101746,0.7537585496902466,0.517887532711029,0.7556443214416504,0.5018911957740784,0.7638558745384216,0.4893494248390198,0.7721346616744995,0.5427524447441101,0.7812291383743286,0.5237544775009155,0.7898396849632263,0.5092537999153137,0.800266444683075,0.4964742064476013,0.8091742992401123,0.5462222099304199,0.8084660172462463,0.5304468274116516,0.8264267444610596,0.5185414552688599,0.839596688747406,0.5079354643821716,0.8498718738555908
aconselhar,0.5781598091125488,0.7848493456840515,0.5564932823181152,0.7442253232002258,0.530525267124176,0.7277037501335144,0.5076025724411011,0.7282785773277283,0.49280160665512085,0.7388009428977966,0.534237802028656,0.7302526831626892,0.5099783539772034,0.7392160892486572,0.49305444955825806,0.7510538101196289,0.4798530638217926,0.7608506679534912,0.5402896404266357,0.7620518803596497,0.5083928108215332,0.781242847442627,0.4874139130115509,0.7939761281013489,0.47161251306533813,0.8023375868797302,0.5449506044387817,0.793199896812439,0.5153440833091736,0.8148189783096313,0.49513256549835205,0.8262137174606323,0.47971171140670776,0.8333718776702881,0.548902153968811,0.8208003044128418,0.5263692140579224,0.8462547063827515,0.5116602778434753,0.8585565090179443,0.4999026656150818,0.8669108152389526
aconselhar,0.5858635902404785,0.8036412596702576,0.5689809918403625,0.7474265098571777,0.5414829850196838,0.7232436537742615,0.5139263272285461,0.7291949391365051,0.49470415711402893,0.7335065603256226,0.5405328273773193,0.7671976089477539,0.500380277633667,0.7845304608345032,0.4796634316444397,0.7816433310508728,0.4643009305000305,0.7725244164466858,0.543070375919342,0.8045233488082886,0.4973956346511841,0.8218742609024048,0.47236666083335876,0.8154172897338867,0.4562767744064331,0.8060317039489746,0.5444143414497375,0.8309488892555237,0.5017788410186768,0.848905086517334,0.4777717888355255,0.844343900680542,0.46205824613571167,0.8362558484077454,0.5445796251296997,0.846041202545166,0.5091635584831238,0.8600711226463318,0.48956233263015747,0.8588610291481018,0.47511836886405945,0.852975070476532
aconselhar,0.44933855533599854,0.7348634004592896,0.48720818758010864,0.7137891054153442,0.5081068277359009,0.6776419878005981,0.5224664807319641,0.6531643867492676,0.5344775915145874,0.6395902037620544,0.4845277965068817,0.6076569557189941,0.5152803659439087,0.5807101726531982,0.5372801423072815,0.6000605821609497,0.5498965382575989,0.6254833340644836,0.4733389914035797,0.6140907406806946,0.5109652876853943,0.5943918228149414,0.5338423252105713,0.6286064982414246,0.544718325138092,0.6612426042556763,0.4664287567138672,0.6352810263633728,0.5013447403907776,0.6181020140647888,0.5237657427787781,0.6494895219802856,0.5350464582443237,0.6778371930122375,0.46198606491088867,0.6650150418281555,0.4902770519256592,0.6526803970336914,0.5086767077445984,0.6696258783340454,0.5197370052337646,0.6877143383026123
aconselhar,0.44156521558761597,0.7397632598876953,0.4817409813404083,0.7368839979171753,0.5081707835197449,0.7104093432426453,0.5271798372268677,0.6913536190986633,0.5396490693092346,0.6798278093338013,0.49610018730163574,0.636157751083374,0.5335637927055359,0.634642481803894,0.5502138137817383,0.6715352535247803,0.5540409088134766,0.7042909264564514,0.486447811126709,0.6386613845825195,0.530364990234375,0.6455693244934082,0.5430483222007751,0.6930397748947144,0.5429285764694214,0.7242841720581055,0.4783812463283539,0.6572160720825195,0.521009624004364,0.6623226404190063,0.5333892107009888,0.7066944241523743,0.5323691964149475,0.7359706163406372,0.47159138321876526,0.6840964555740356,0.5063192844390869,0.6900865435600281,0.5182003378868103,0.7186241745948792,0.5188368558883667,0.7397556900978088
aconselhar,0.4368022084236145,0.7516359090805054,0.47728386521339417,0.7750129699707031,0.5058769583702087,0.7704362273216248,0.527916431427002,0.7671749591827393,0.541914165019989,0.7564311623573303,0.5065551996231079,0.6830962300300598,0.5414742231369019,0.6871176958084106,0.5478266477584839,0.7287053465843201,0.5430493354797363,0.755918025970459,0.4985939562320709,0.6756472587585449,0.5379608273506165,0.6847193241119385,0.5408075451850891,0.7327269315719604,0.5327084064483643,0.7563579678535461,0.48948749899864197,0.6824308633804321,0.5290900468826294,0.6909527778625488,0.531404435634613,0.7364480495452881,0.5227348804473877,0.7571732997894287,0.4796995520591736,0.698074460029602,0.5131986737251282,0.7138224840164185,0.5194265842437744,0.7462076544761658,0.5148065686225891,0.761857271194458
aconselhar,0.44409939646720886,0.7835543155670166,0.47239962220191956,0.7847524881362915,0.5019999742507935,0.7730891108512878,0.5235987901687622,0.7690708041191101,0.5414786338806152,0.7689803838729858,0.511572003364563,0.7354799509048462,0.5392206907272339,0.7660042643547058,0.5319938659667969,0.7767454981803894,0.5240527391433716,0.7772820591926575,0.503207266330719,0.7443711757659912,0.5314831137657166,0.778973400592804,0.5245245695114136,0.7889379262924194,0.5161278247833252,0.7850913405418396,0.4947519600391388,0.758611798286438,0.5235195755958557,0.7929196953773499,0.5153634548187256,0.8006821870803833,0.505728006362915,0.7917089462280273,0.4866737425327301,0.7729013562202454,0.5123452544212341,0.800037682056427,0.5058774948120117,0.8062680959701538,0.4973282516002655,0.7964459657669067
aconselhar,0.4589390158653259,0.8018618226051331,0.4734886884689331,0.7624287009239197,0.495636910200119,0.7460329532623291,0.517444908618927,0.745949387550354,0.5350897908210754,0.751539945602417,0.5121477246284485,0.7913324236869812,0.5432102680206299,0.7985551357269287,0.5562809109687805,0.7967923879623413,0.5644247531890869,0.7970481514930725,0.5124452114105225,0.8227798938751221,0.5436943173408508,0.8263030052185059,0.5558157563209534,0.8214314579963684,0.5627314448356628,0.8186312913894653,0.5114433765411377,0.8458597660064697,0.5408047437667847,0.8511742353439331,0.5523204803466797,0.8443392515182495,0.5598496794700623,0.8379878997802734,0.5102106332778931,0.8624330163002014,0.5359131693840027,0.8684617280960083,0.547602653503418,0.863545298576355,0.5553385019302368,0.8560777902603149
aconselhar,0.45673060417175293,0.8124624490737915,0.4741866886615753,0.7799689769744873,0.4981220066547394,0.766592800617218,0.5203220844268799,0.7665144801139832,0.5372475981712341,0.7725988626480103,0.5100085139274597,0.8152147531509399,0.541810154914856,0.8238441348075867,0.5564682483673096,0.8202798962593079,0.5657523274421692,0.8207910656929016,0.510330319404602,0.8412688374519348,0.5413662195205688,0.8452029228210449,0.5551922917366028,0.8392078280448914,0.562929093837738,0.8373998999595642,0.5101093649864197,0.8588665723800659,0.5392446517944336,0.8625612854957581,0.5521808862686157,0.8537730574607849,0.560283899307251,0.8485099077224731,0.5098472237586975,0.8700997233390808,0.5351282358169556,0.8737335205078125,0.547687292098999,0.8667543530464172,0.5556125640869141,0.8586894273757935
aconselhar,0.4804554581642151,0.8461660146713257,0.48720601201057434,0.8462850451469421,0.5013526678085327,0.8385052680969238,0.5151014924049377,0.8376842141151428,0.5275277495384216,0.8394243121147156,0.5268141627311707,0.7897943258285522,0.5439967513084412,0.8385807275772095,0.5208181142807007,0.8594726920127869,0.504642903804779,0.8633096218109131,0.5297137498855591,0.8000820875167847,0.5392137765884399,0.8589208722114563,0.5166438221931458,0.875728964805603,0.5045512318611145,0.8767915964126587,0.5307504534721375,0.8167025446891785,0.537955641746521,0.8716016411781311,0.5169485807418823,0.8820674419403076,0.5037531852722168,0.8772374987602234,0.5315174460411072,0.8328131437301636,0.5348904728889465,0.8694117069244385,0.5154567360877991,0.8759737014770508,0.503873348236084,0.868804931640625
aconselhar,0.4711489677429199,0.8486186861991882,0.4828934073448181,0.8600115776062012,0.49875378608703613,0.8546524047851562,0.5132073163986206,0.850949227809906,0.5253952741622925,0.8474717736244202,0.5236653685569763,0.7918347716331482,0.5461931228637695,0.835164487361908,0.524346649646759,0.8587919473648071,0.507024884223938,0.8641357421875,0.5236527919769287,0.793795108795166,0.5414568185806274,0.8457869291305542,0.5230802893638611,0.8679409027099609,0.5115976929664612,0.8727669715881348,0.5225746631622314,0.8042175769805908,0.5399870872497559,0.8542359471321106,0.5240777730941772,0.8712818026542664,0.5121248364448547,0.8708930015563965,0.5225223898887634,0.816064178943634,0.5368819236755371,0.8501682281494141,0.5237615704536438,0.8631494045257568,0.5136772394180298,0.8604587316513062
aconselhar,0.45628058910369873,0.8378116488456726,0.4796254336833954,0.8548205494880676,0.5100829005241394,0.853212296962738,0.5326666831970215,0.849491536617279,0.549116313457489,0.8467726111412048,0.5201858282089233,0.7929436564445496,0.5517905354499817,0.8362540006637573,0.539603590965271,0.8589297533035278,0.5267521739006042,0.8638697266578674,0.5133758783340454,0.785548746585846,0.5419938564300537,0.8385778665542603,0.5313296318054199,0.8603342771530151,0.5217361450195312,0.862892746925354,0.5055404901504517,0.7897841334342957,0.5348004102706909,0.8407899737358093,0.5238589644432068,0.858079731464386,0.5135186910629272,0.856029212474823,0.49889227747917175,0.7983294725418091,0.5227792263031006,0.836916983127594,0.511939287185669,0.8513827323913574,0.5015724301338196,0.8471567630767822
aconselhar,0.45283105969429016,0.8389560580253601,0.4795742928981781,0.8531461954116821,0.5087287425994873,0.8483147025108337,0.5293076038360596,0.8451260328292847,0.5447309613227844,0.8415727615356445,0.5185711979866028,0.7769771814346313,0.54877769947052,0.8242586255073547,0.5413094758987427,0.852127194404602,0.5317034721374512,0.8617565035820007,0.511104166507721,0.7724563479423523,0.542061984539032,0.8246772289276123,0.5337909460067749,0.8510800004005432,0.5251790881156921,0.8581969738006592,0.5028635859489441,0.7804797887802124,0.5335853695869446,0.8303216099739075,0.5242074131965637,0.8508051037788391,0.5137566328048706,0.853269636631012,0.4955783784389496,0.7951295375823975,0.5191758871078491,0.8329492807388306,0.5100272297859192,0.8484160900115967,0.4995896518230438,0.8479098677635193
aconselhar,0.4507904648780823,0.8348910808563232,0.47709253430366516,0.8435171842575073,0.5040258169174194,0.837321937084198,0.5223025679588318,0.8347172737121582,0.5343899130821228,0.8347827792167664,0.5145399570465088,0.7699823379516602,0.542888343334198,0.8188019394874573,0.5321709513664246,0.8435930013656616,0.5194819569587708,0.8488011956214905,0.5075503587722778,0.7701650261878967,0.53646320104599,0.8244690895080566,0.525580644607544,0.846706211566925,0.5143340826034546,0.848246157169342,0.5000154972076416,0.7814580202102661,0.5284708738327026,0.8303155303001404,0.517335832118988,0.8480757474899292,0.5051751136779785,0.8467645049095154,0.49301180243492126,0.7980684041976929,0.5158340930938721,0.8342771530151367,0.5062892436981201,0.848292887210846,0.4958348274230957,0.8472064137458801
aconselhar,0.45677587389945984,0.8324452638626099,0.48100489377975464,0.8416123390197754,0.505437970161438,0.8356859683990479,0.5229074954986572,0.8340843319892883,0.5356235504150391,0.8339715003967285,0.5149666666984558,0.7716659307479858,0.54168301820755,0.817943274974823,0.5310792326927185,0.8437926769256592,0.5188461542129517,0.8511524796485901,0.5085073113441467,0.7706320881843567,0.5354290008544922,0.821833610534668,0.5266847014427185,0.845398485660553,0.5173196792602539,0.8501753807067871,0.5012624859809875,0.7797163128852844,0.5277347564697266,0.8279038667678833,0.5188148021697998,0.8465903401374817,0.5086377263069153,0.8475478291511536,0.49477362632751465,0.7937827706336975,0.5149216055870056,0.8301047086715698,0.5064538717269897,0.8450966477394104,0.4970790445804596,0.8449403643608093
aconselhar,0.4862809181213379,0.8522266149520874,0.4878721535205841,0.8419946432113647,0.496242493391037,0.8256865739822388,0.5046148300170898,0.8213697075843811,0.512060284614563,0.8223360776901245,0.5282518267631531,0.7988353371620178,0.5409175753593445,0.8365632891654968,0.5163253545761108,0.8520811796188354,0.49703115224838257,0.8575537800788879,0.5315403938293457,0.8111430406570435,0.5316701531410217,0.8629626035690308,0.5074247121810913,0.8752161264419556,0.49249494075775146,0.8771777153015137,0.5314743518829346,0.827562689781189,0.5290108323097229,0.8743423223495483,0.5081923604011536,0.8812241554260254,0.4939030110836029,0.878253698348999,0.5302251577377319,0.8410479426383972,0.529566764831543,0.8717503547668457,0.5109678506851196,0.8760443925857544,0.4989570677280426,0.870918333530426
aconselhar,0.4954952895641327,0.8547077775001526,0.4841868579387665,0.8323162198066711,0.48966774344444275,0.8129758238792419,0.5015622973442078,0.8141106963157654,0.5112038850784302,0.8248983025550842,0.5154752731323242,0.8032443523406982,0.5368751883506775,0.83795565366745,0.5145146250724792,0.8504592180252075,0.4971435070037842,0.8522048592567444,0.530732274055481,0.8238456845283508,0.5401394963264465,0.8645288944244385,0.5212254524230957,0.8758392333984375,0.5100223422050476,0.8791998028755188,0.5437346696853638,0.8456641435623169,0.5537400245666504,0.8773903250694275,0.5394588112831116,0.8830894827842712,0.5299258232116699,0.8817614912986755,0.556308388710022,0.8598722815513611,0.5710370540618896,0.8783817291259766,0.5658156871795654,0.8815063238143921,0.5642478466033936,0.878415048122406
aconselhar,0.5283231735229492,0.8621179461479187,0.507523238658905,0.8255074620246887,0.49891147017478943,0.8004102110862732,0.49462345242500305,0.8058747053146362,0.4954449534416199,0.814521074295044,0.5283032059669495,0.8193867802619934,0.5311600565910339,0.8440312743186951,0.5076808333396912,0.8498255610466003,0.49047815799713135,0.850123941898346,0.5406836867332458,0.8495417237281799,0.5240443348884583,0.8864143490791321,0.5009381771087646,0.887234091758728,0.48943135142326355,0.881706714630127,0.5487037897109985,0.8735455870628357,0.5287794470787048,0.9037868976593018,0.5080040097236633,0.900873064994812,0.4970417320728302,0.8925662636756897,0.5553147792816162,0.8868004679679871,0.5421965718269348,0.9052740931510925,0.5239512920379639,0.903361439704895,0.5141903162002563,0.8960801362991333
aconselhar,0.4337136745452881,0.5290288925170898,0.4588838517665863,0.4906232953071594,0.49119701981544495,0.48127925395965576,0.5164397954940796,0.5000301599502563,0.5315967798233032,0.53082674741745,0.46744245290756226,0.4736276865005493,0.48364517092704773,0.478289395570755,0.4958251714706421,0.49341094493865967,0.506649911403656,0.5085294842720032,0.4589129388332367,0.5111234188079834,0.47908732295036316,0.5251436233520508,0.49233362078666687,0.5409386157989502,0.5030843615531921,0.5525454878807068,0.4538986384868622,0.5495436191558838,0.47406166791915894,0.562751293182373,0.487251341342926,0.5745492577552795,0.49752941727638245,0.5793978571891785,0.4516926407814026,0.5854910612106323,0.4731188118457794,0.6022502779960632,0.4833718538284302,0.6123241186141968,0.4911337196826935,0.6190842390060425
aconselhar,0.4309227168560028,0.5211806297302246,0.453947514295578,0.4900320768356323,0.48626476526260376,0.47676408290863037,0.5129104256629944,0.48580217361450195,0.5313186049461365,0.5063795447349548,0.4649423062801361,0.4638286530971527,0.48485052585601807,0.463323175907135,0.5017420649528503,0.472748339176178,0.5159085392951965,0.48335644602775574,0.45469704270362854,0.49507978558540344,0.4782293438911438,0.5039625763893127,0.49623793363571167,0.5155649185180664,0.5105253458023071,0.5246882438659668,0.44632667303085327,0.5317733883857727,0.470698744058609,0.539840579032898,0.4881996214389801,0.5491937398910522,0.502604603767395,0.5525442361831665,0.44038718938827515,0.5680789947509766,0.46080300211906433,0.5794407725334167,0.4750698506832123,0.5847980380058289,0.4881970286369324,0.5868929624557495
aconselhar,0.42654889822006226,0.5206670761108398,0.44878146052360535,0.4881930351257324,0.47778722643852234,0.46484100818634033,0.5025613903999329,0.46294355392456055,0.5212671160697937,0.4708629548549652,0.46374115347862244,0.45047110319137573,0.48770228028297424,0.4476569890975952,0.5069419741630554,0.452839732170105,0.5237745046615601,0.4588920474052429,0.4546862542629242,0.4816357493400574,0.48172804713249207,0.4842536449432373,0.5045287013053894,0.4910757541656494,0.5248807668685913,0.4977177679538727,0.44699767231941223,0.5197362303733826,0.47246065735816956,0.522439181804657,0.49315452575683594,0.5282709002494812,0.5128452181816101,0.5310270190238953,0.4409849941730499,0.5584983229637146,0.4605850279331207,0.5650137662887573,0.4764624536037445,0.5675027370452881,0.4932904541492462,0.5700812935829163
aconselhar,0.4225228726863861,0.5236122012138367,0.44447752833366394,0.49467983841896057,0.47203293442726135,0.4716090261936188,0.49568673968315125,0.46673864126205444,0.5147479176521301,0.46819737553596497,0.4607900381088257,0.447275847196579,0.49542236328125,0.43725767731666565,0.5176194906234741,0.4426786005496979,0.5362807512283325,0.44870221614837646,0.453337699174881,0.47445613145828247,0.4886149764060974,0.46831628680229187,0.5140016078948975,0.47651222348213196,0.5348069667816162,0.48423492908477783,0.4462345540523529,0.5111009478569031,0.47951740026474,0.5092958211898804,0.5036139488220215,0.5177804827690125,0.5244138240814209,0.5230919122695923,0.44117027521133423,0.5509477257728577,0.4663808345794678,0.553776204586029,0.48431625962257385,0.5565263628959656,0.5009291172027588,0.5585936903953552
aconselhar,0.5892354249954224,0.6699979305267334,0.5726669430732727,0.607598066329956,0.5426381230354309,0.5731675624847412,0.5119066834449768,0.5717614889144897,0.49156391620635986,0.5893731713294983,0.538677990436554,0.5978779196739197,0.5048316121101379,0.612453043460846,0.48517894744873047,0.6270579695701599,0.4692319929599762,0.641704797744751,0.5358999371528625,0.6372163891792297,0.49977245926856995,0.6580358743667603,0.47612464427948,0.6731022000312805,0.45902663469314575,0.6862368583679199,0.5346521735191345,0.6718634366989136,0.5000216364860535,0.6879122853279114,0.477281391620636,0.6974637508392334,0.46091973781585693,0.7053173780441284,0.535528838634491,0.701029896736145,0.5078005790710449,0.7123544216156006,0.48929405212402344,0.7207754254341125,0.4743235409259796,0.7273748517036438
aconselhar,0.5904260873794556,0.6650079488754272,0.580560028553009,0.6031402349472046,0.5568206906318665,0.5663549304008484,0.5271438956260681,0.5655705332756042,0.5069612860679626,0.5753093361854553,0.5412362813949585,0.6149303317070007,0.5096035003662109,0.6287391185760498,0.48783063888549805,0.6397663354873657,0.46863797307014465,0.6510960459709167,0.5388730764389038,0.6540768146514893,0.5032606720924377,0.6665931344032288,0.47519543766975403,0.6729982495307922,0.4526614546775818,0.6807451248168945,0.5386473536491394,0.680176854133606,0.5039782524108887,0.6872937083244324,0.47845658659935,0.6912485361099243,0.45777592062950134,0.6942764520645142,0.540397047996521,0.6975610256195068,0.510848879814148,0.7029982209205627,0.49114543199539185,0.7062875032424927,0.47453126311302185,0.707996129989624
aconselhar,0.6048269867897034,0.6670049428939819,0.5944409966468811,0.6032519936561584,0.572104275226593,0.5667774677276611,0.5445188879966736,0.5575476884841919,0.5233622193336487,0.5558831691741943,0.5518923997879028,0.6187514066696167,0.5130338668823242,0.6314128637313843,0.48906421661376953,0.6398971676826477,0.46902069449424744,0.6470898389816284,0.5489757061004639,0.6560085415840149,0.5060300827026367,0.66526198387146,0.4772384762763977,0.664294421672821,0.4540359675884247,0.6628679037094116,0.5477719306945801,0.6803819537162781,0.5077728629112244,0.6841752529144287,0.48183029890060425,0.6831184029579163,0.46037840843200684,0.6811455488204956,0.5483025908470154,0.6932901740074158,0.5170935392379761,0.69493168592453,0.4976179599761963,0.6936978101730347,0.4814073145389557,0.6915100812911987
aconselhar,0.4294677674770355,0.5591346025466919,0.4594942033290863,0.547235906124115,0.4841763377189636,0.5169488787651062,0.5045604109764099,0.4990842938423157,0.5206294655799866,0.49489304423332214,0.4729326069355011,0.46531611680984497,0.5087432861328125,0.46226081252098083,0.5286201238632202,0.48968127369880676,0.5371395945549011,0.5166961550712585,0.46496495604515076,0.47454679012298584,0.5062839388847351,0.4709416329860687,0.5273064374923706,0.5058605074882507,0.5349059104919434,0.5364121198654175,0.4584595561027527,0.49838605523109436,0.49782663583755493,0.49178624153137207,0.5194581747055054,0.5215001106262207,0.5303114652633667,0.5468023419380188,0.4535551965236664,0.5304002165794373,0.48430365324020386,0.528766393661499,0.5021584630012512,0.5425238609313965,0.5131637454032898,0.5567747950553894
aconselhar,0.43249791860580444,0.5816726088523865,0.4708768129348755,0.5855640769004822,0.49607226252555847,0.5597529411315918,0.5136045813560486,0.5414539575576782,0.5251849293708801,0.5311076641082764,0.4829983711242676,0.48645031452178955,0.5168260335922241,0.4825102686882019,0.5326750874519348,0.5126587748527527,0.5379297137260437,0.5424919128417969,0.47438204288482666,0.4901100993156433,0.5145578384399414,0.4890771210193634,0.5303497910499573,0.526669979095459,0.5339006185531616,0.5594162940979004,0.46700525283813477,0.5093833804130554,0.5036173462867737,0.504842221736908,0.521527111530304,0.5375344753265381,0.5284903645515442,0.5654475688934326,0.46079450845718384,0.5386306047439575,0.4896572232246399,0.5372132062911987,0.5060390830039978,0.5529942512512207,0.5149818658828735,0.5694172382354736
aconselhar,0.6215290427207947,0.6835731267929077,0.6159826517105103,0.6184118986129761,0.5964909195899963,0.586700439453125,0.5711172819137573,0.5781378149986267,0.5501956939697266,0.5661438703536987,0.5702550411224365,0.6453741788864136,0.5305774807929993,0.6574367880821228,0.5078985095024109,0.6460250616073608,0.4925909638404846,0.6326119303703308,0.5637409687042236,0.6790978312492371,0.5196735262870789,0.675684928894043,0.4998590052127838,0.6507687568664551,0.489136666059494,0.6293890476226807,0.5607859492301941,0.6964799761772156,0.5189656019210815,0.6909307837486267,0.5008476972579956,0.6659929752349854,0.4910474717617035,0.6451017260551453,0.5603322386741638,0.7020564079284668,0.5260085463523865,0.6962953209877014,0.5092964172363281,0.6783283948898315,0.49974367022514343,0.6619859337806702
aconselhar,0.6245568990707397,0.6939433217048645,0.6188254952430725,0.6318173408508301,0.5989948511123657,0.6006396412849426,0.5744789242744446,0.589165985584259,0.5547317266464233,0.5750156044960022,0.5736603736877441,0.6603561043739319,0.532289981842041,0.6706494688987732,0.5125448703765869,0.6546099185943604,0.5009528994560242,0.6374495029449463,0.5674414038658142,0.692833662033081,0.521953821182251,0.6867035627365112,0.506298840045929,0.6580818295478821,0.5011000633239746,0.6350738406181335,0.5648949146270752,0.7091171741485596,0.5229377746582031,0.7020906209945679,0.5082119703292847,0.6757363080978394,0.5023453831672668,0.654947817325592,0.5642423033714294,0.7134292721748352,0.5305578708648682,0.7062500715255737,0.5165901184082031,0.6880584359169006,0.5097813010215759,0.6715075969696045
aconselhar,0.4340547025203705,0.6315029859542847,0.4746626317501068,0.6492187976837158,0.5015290379524231,0.6310199499130249,0.5192179083824158,0.6189843416213989,0.529782235622406,0.6117398142814636,0.49620237946510315,0.5521293878555298,0.5306545495986938,0.5585329532623291,0.5383447408676147,0.5980609059333801,0.537467360496521,0.6292746067047119,0.49027520418167114,0.5482301712036133,0.5299162864685059,0.5559178590774536,0.5375842452049255,0.601457953453064,0.5342782735824585,0.6350616812705994,0.4841035008430481,0.5596554279327393,0.5223665237426758,0.5614762306213379,0.531898558139801,0.603723406791687,0.5307305455207825,0.6363961100578308,0.47759073972702026,0.5823173522949219,0.5075612664222717,0.5845288634300232,0.5185116529464722,0.6102162003517151,0.5206874012947083,0.634591281414032
aconselhar,0.4325525164604187,0.6526716351509094,0.47019705176353455,0.6688206195831299,0.4953014850616455,0.6510623097419739,0.5115118622779846,0.6381327509880066,0.5229784846305847,0.6285826563835144,0.49244794249534607,0.5757743120193481,0.5265927314758301,0.5810579657554626,0.5366755723953247,0.617503821849823,0.5368620157241821,0.6454561948776245,0.48836883902549744,0.5718353390693665,0.5278149843215942,0.5779524445533752,0.5376918315887451,0.6202758550643921,0.535378098487854,0.6505792140960693,0.48449233174324036,0.5818856954574585,0.523534893989563,0.584684431552887,0.5332798361778259,0.6240158081054688,0.5319291353225708,0.6531739830970764,0.4807495176792145,0.6043411493301392,0.5120572447776794,0.6095083355903625,0.5220794081687927,0.633564293384552,0.522732138633728,0.6549246311187744
aconselhar,0.4352179765701294,0.668138861656189,0.47013968229293823,0.6825587749481201,0.4937177300453186,0.6677141189575195,0.5093629956245422,0.6585182547569275,0.520784854888916,0.6504697203636169,0.4944150745868683,0.5924828052520752,0.5298967361450195,0.5998231172561646,0.5396282076835632,0.6344674229621887,0.5380348563194275,0.6599071621894836,0.49106070399284363,0.590025782585144,0.5305382013320923,0.6003671884536743,0.5399629473686218,0.6407812237739563,0.5363620519638062,0.6683399081230164,0.48752355575561523,0.6014026999473572,0.5259228348731995,0.6095842719078064,0.5352144837379456,0.6472741961479187,0.5322301983833313,0.6741588711738586,0.4842880964279175,0.6257919669151306,0.5154430270195007,0.6354875564575195,0.5243751406669617,0.6595796942710876,0.5231665968894958,0.678775429725647
aconselhar,0.43569302558898926,0.6825587749481201,0.46625083684921265,0.6894542574882507,0.48985305428504944,0.6750245094299316,0.5068076252937317,0.6692408323287964,0.5202569961547852,0.6641485691070557,0.4924722909927368,0.6081161499023438,0.5259114503860474,0.6196036338806152,0.5348794460296631,0.6520978808403015,0.5332804322242737,0.6745581030845642,0.4906668961048126,0.6085345149040222,0.5288925170898438,0.6222133040428162,0.537246584892273,0.6596171855926514,0.5339887142181396,0.6849197149276733,0.48899561166763306,0.6223821640014648,0.5252622365951538,0.6351202726364136,0.5337381958961487,0.6718105673789978,0.5312941670417786,0.6982322335243225,0.48690512776374817,0.6480414867401123,0.5176328420639038,0.6570355296134949,0.5261151194572449,0.6795470118522644,0.5257006287574768,0.6976824998855591
aconselhar,0.4405122995376587,0.6934961676597595,0.46388429403305054,0.6985459327697754,0.4865027368068695,0.6837493181228638,0.5018908977508545,0.6796953678131104,0.5144258737564087,0.6761310696601868,0.49285295605659485,0.6212802529335022,0.5254769921302795,0.633441150188446,0.5358797907829285,0.6627045273780823,0.5359914898872375,0.6816384196281433,0.4917430281639099,0.622913658618927,0.5298886895179749,0.6380524039268494,0.5383063554763794,0.6736341118812561,0.5348363518714905,0.695004940032959,0.4904463291168213,0.637150764465332,0.5285410284996033,0.6504329442977905,0.5348054766654968,0.6857922077178955,0.5299261212348938,0.7066965699195862,0.4892371892929077,0.6619427800178528,0.5216076374053955,0.6734112501144409,0.5282197594642639,0.6959032416343689,0.5251418948173523,0.7096343040466309
aconselhar,0.44331374764442444,0.6988369822502136,0.4654037654399872,0.6785361170768738,0.4883943498134613,0.6596126556396484,0.5046065449714661,0.6575915217399597,0.5176433324813843,0.6646056771278381,0.495860755443573,0.627727746963501,0.5274015069007874,0.6422001719474792,0.5341036915779114,0.6685713529586792,0.5303059220314026,0.6864640712738037,0.4951646625995636,0.6351874470710754,0.5311818718910217,0.6530468463897705,0.5378101468086243,0.6837177276611328,0.5338082909584045,0.7040688991546631,0.49351775646209717,0.6534281373023987,0.5298478007316589,0.6690402626991272,0.5344879627227783,0.7005817294120789,0.5291871428489685,0.7204025387763977,0.4916147291660309,0.6802663207054138,0.5232993960380554,0.6909551620483398,0.5285815000534058,0.7106737494468689,0.5252985954284668,0.7240668535232544
aconselhar,0.44465142488479614,0.7130721211433411,0.46568676829338074,0.6887492537498474,0.4873492419719696,0.6693229675292969,0.5033280253410339,0.6653478741645813,0.5169707536697388,0.6693130731582642,0.4960351288318634,0.6394793391227722,0.5255526304244995,0.6559290289878845,0.5351965427398682,0.6813002824783325,0.5348788499832153,0.6988185048103333,0.4956454038619995,0.647777795791626,0.5305100679397583,0.6650570631027222,0.5391201972961426,0.6933699250221252,0.5372965931892395,0.7120728492736816,0.49437594413757324,0.6660904288291931,0.5299493670463562,0.6788353323936462,0.5367591381072998,0.7067291140556335,0.5332223176956177,0.7238360047340393,0.49255669116973877,0.6923172473907471,0.5236150622367859,0.7007492780685425,0.530012845993042,0.7175679802894592,0.5278576016426086,0.728070855140686
aconselhar,0.4415644109249115,0.7277430295944214,0.4672252833843231,0.7203078866004944,0.48954665660858154,0.7039986848831177,0.5050988793373108,0.7006831765174866,0.5172340869903564,0.7002976536750793,0.49715712666511536,0.6513704061508179,0.529440701007843,0.667316198348999,0.5360704064369202,0.6941157579421997,0.5332077145576477,0.709442675113678,0.496675044298172,0.6567673683166504,0.5337725281715393,0.6752983927726746,0.5388004183769226,0.706595242023468,0.533632218837738,0.7248853445053101,0.49547362327575684,0.6733267307281494,0.5326827168464661,0.6890972256660461,0.5345972776412964,0.7193021178245544,0.5272811651229858,0.7359673976898193,0.49414652585983276,0.6999384164810181,0.5265530347824097,0.7082958221435547,0.5298594236373901,0.7279033660888672,0.5241953730583191,0.7401763796806335
aconselhar,0.4396168291568756,0.7328590154647827,0.46925798058509827,0.7191181778907776,0.4928087294101715,0.7015097737312317,0.5091806650161743,0.6979138851165771,0.5228884816169739,0.7029481530189514,0.4985080659389496,0.6601336002349854,0.5305663347244263,0.6779485940933228,0.536343514919281,0.704510509967804,0.5320571064949036,0.7193339467048645,0.49747928977012634,0.6672254800796509,0.5344930291175842,0.6887481212615967,0.53775954246521,0.7190340161323547,0.5316954255104065,0.7345537543296814,0.495882123708725,0.6849780678749084,0.5339095592498779,0.7026922106742859,0.534814715385437,0.7316737174987793,0.5269893407821655,0.7455366849899292,0.4935348927974701,0.7106906771659851,0.5261611342430115,0.7218567728996277,0.5280153155326843,0.7417029738426208,0.5209000706672668,0.7525106072425842
aconselhar,0.44297724962234497,0.7463764548301697,0.46980127692222595,0.7399376034736633,0.4926842153072357,0.725352942943573,0.5089747905731201,0.7242182493209839,0.5221835374832153,0.7262558937072754,0.501095712184906,0.6709317564964294,0.5330389738082886,0.6958528161048889,0.5385215282440186,0.7254369258880615,0.5338293313980103,0.7406130433082581,0.5006938576698303,0.6762862801551819,0.5372982621192932,0.7040244340896606,0.539219319820404,0.7362766265869141,0.5313183069229126,0.7504316568374634,0.49926087260246277,0.6930503845214844,0.5357652902603149,0.7171757221221924,0.534574031829834,0.7471519708633423,0.5243533253669739,0.7589024901390076,0.49699801206588745,0.7192320227622986,0.5292392373085022,0.7328152060508728,0.5303968191146851,0.7530621290206909,0.5223644971847534,0.7625133395195007
aconselhar,0.44339054822921753,0.7493962049484253,0.47272199392318726,0.7431219220161438,0.4967084527015686,0.7299204468727112,0.5138852000236511,0.7281317114830017,0.5277237892150879,0.7321782112121582,0.503714382648468,0.6805485486984253,0.5346007347106934,0.7058438658714294,0.5365903973579407,0.7361311912536621,0.5303476452827454,0.7494359016418457,0.5028572678565979,0.6860731840133667,0.538429856300354,0.7166930437088013,0.537850558757782,0.7487607002258301,0.5300979018211365,0.7604657411575317,0.501342236995697,0.7016406059265137,0.5375790596008301,0.7284873127937317,0.5337322354316711,0.7576191425323486,0.5232342481613159,0.766647458076477,0.49909642338752747,0.724681556224823,0.5297824144363403,0.7425593733787537,0.5283651947975159,0.7621039748191833,0.5192694067955017,0.7681897878646851
aconselhar,0.4443493187427521,0.7614754438400269,0.47740718722343445,0.7605838179588318,0.5049731135368347,0.7439653277397156,0.524236261844635,0.742770254611969,0.5353301763534546,0.7556114196777344,0.5139734148979187,0.6959648132324219,0.5453084707260132,0.7207736968994141,0.541752278804779,0.7498744130134583,0.5330836176872253,0.7554526329040527,0.5132330060005188,0.7065552473068237,0.5425269603729248,0.7394797205924988,0.5342282652854919,0.7664574384689331,0.5267637968063354,0.7668871879577637,0.512259304523468,0.7255202531814575,0.5420284271240234,0.7564554810523987,0.5329779386520386,0.7797689437866211,0.5243499875068665,0.7760174870491028,0.5107174515724182,0.7443896532058716,0.5359362959861755,0.7716168761253357,0.5293492674827576,0.7888382077217102,0.5198030471801758,0.7831644415855408
adiar,0.391428142786026,0.7649714350700378,0.4142285883426666,0.7249311804771423,0.4361208379268646,0.7253890037536621,0.45489561557769775,0.7519694566726685,0.4691767990589142,0.772875964641571,0.43909329175949097,0.788316547870636,0.4764329195022583,0.7939520478248596,0.4715399742126465,0.7662033438682556,0.45820194482803345,0.7576769590377808,0.43698781728744507,0.8173028826713562,0.47600963711738586,0.8171737194061279,0.4735197126865387,0.7895151376724243,0.46176430583000183,0.7812830209732056,0.4344274401664734,0.8308368921279907,0.4703473150730133,0.8253301382064819,0.4675076901912689,0.8001770973205566,0.45630374550819397,0.7925332188606262,0.4332601726055145,0.8347765803337097,0.46172189712524414,0.8258989453315735,0.4600396752357483,0.8063108921051025,0.45000794529914856,0.7990841269493103
adiar,0.389972060918808,0.755969762802124,0.412090539932251,0.7130677700042725,0.43473953008651733,0.7076187133789062,0.45332324504852295,0.7320008873939514,0.4668280780315399,0.7541972398757935,0.43025270104408264,0.7578562498092651,0.4725116789340973,0.7753648161888123,0.467560738325119,0.7530720233917236,0.45368242263793945,0.746789813041687,0.4271705150604248,0.7931769490242004,0.47195327281951904,0.8022649884223938,0.46791794896125793,0.7786310911178589,0.4539647698402405,0.7745422720909119,0.42580583691596985,0.8184657096862793,0.46713048219680786,0.8211274743080139,0.4630981385707855,0.799187421798706,0.4505787491798401,0.795193612575531,0.42625126242637634,0.8345619440078735,0.4600437879562378,0.8308437466621399,0.45731908082962036,0.814558744430542,0.44513511657714844,0.8114860653877258
adiar,0.5108386874198914,0.815239429473877,0.48950842022895813,0.7850204110145569,0.4641687572002411,0.7490332126617432,0.4463596045970917,0.7289880514144897,0.43112894892692566,0.7155051827430725,0.459276407957077,0.7289584875106812,0.43531450629234314,0.7081632018089294,0.41685277223587036,0.7064892649650574,0.403873085975647,0.7084166407585144,0.45728594064712524,0.7381305694580078,0.43251070380210876,0.7169308066368103,0.4144867956638336,0.7132002115249634,0.3997223377227783,0.7145856022834778,0.45513346791267395,0.7502519488334656,0.42803293466567993,0.7275084257125854,0.4102957546710968,0.7254436612129211,0.395824134349823,0.7265625596046448,0.4531119763851166,0.7638553977012634,0.42766186594963074,0.7461565136909485,0.41261738538742065,0.7426015138626099,0.40019258856773376,0.7429364919662476
adiar,0.37510669231414795,0.6565002202987671,0.3985558748245239,0.6230752468109131,0.43253105878829956,0.6087082028388977,0.45996779203414917,0.6147150993347168,0.4722302258014679,0.6330592036247253,0.42495474219322205,0.5808082818984985,0.4584912955760956,0.5787394642829895,0.4702087938785553,0.6106334924697876,0.4708022475242615,0.6317012310028076,0.4193352162837982,0.602889358997345,0.45371028780937195,0.6277395486831665,0.4533449411392212,0.6542543768882751,0.44482967257499695,0.6555353403091431,0.41171881556510925,0.6339782476425171,0.44022291898727417,0.6691532731056213,0.43463313579559326,0.6866008639335632,0.42497292160987854,0.6804428696632385,0.402398020029068,0.6687544584274292,0.4252057671546936,0.6991236805915833,0.41927820444107056,0.7068750858306885,0.4094063341617584,0.698906421661377
adiar,0.5151277184486389,0.8314879536628723,0.48420584201812744,0.8482196927070618,0.45367011427879333,0.8812745809555054,0.4339573383331299,0.9223383069038391,0.4220283329486847,0.9561681151390076,0.4316311478614807,0.8604000210762024,0.4242394268512726,0.9390276670455933,0.43874484300613403,0.9487296938896179,0.4464443027973175,0.9347435235977173,0.44514429569244385,0.8635167479515076,0.44294261932373047,0.9543899297714233,0.4574861228466034,0.9510281682014465,0.4617792069911957,0.9308183193206787,0.46159276366233826,0.8729596734046936,0.46120962500572205,0.9547746777534485,0.4735288918018341,0.9449033737182617,0.47587287425994873,0.922285795211792,0.4790607988834381,0.8841347694396973,0.4764765202999115,0.9457210898399353,0.48525458574295044,0.9389885067939758,0.4877637028694153,0.920300304889679
adiar,0.391221821308136,0.6450536847114563,0.42688873410224915,0.6449113488197327,0.45999518036842346,0.6443915963172913,0.48295629024505615,0.6559332609176636,0.49474000930786133,0.667030394077301,0.46488285064697266,0.5822688937187195,0.49535128474235535,0.6072278618812561,0.5134774446487427,0.6297492980957031,0.5267297029495239,0.6494560837745667,0.45262372493743896,0.5900569558143616,0.48088377714157104,0.6710959672927856,0.46932849287986755,0.6824641227722168,0.46050363779067993,0.6697648167610168,0.43955203890800476,0.6097404956817627,0.46264705061912537,0.6893253922462463,0.45219889283180237,0.6937349438667297,0.4449070990085602,0.675645649433136,0.4258420467376709,0.6331253051757812,0.44639718532562256,0.6976457834243774,0.4388764500617981,0.7002460360527039,0.43221020698547363,0.6809890270233154
adiar,0.3971170485019684,0.6693766713142395,0.42926737666130066,0.6684657335281372,0.4590112566947937,0.6912409067153931,0.47813087701797485,0.7233902215957642,0.4881057143211365,0.7415181398391724,0.47236505150794983,0.6524176001548767,0.49867624044418335,0.6990181803703308,0.5134962797164917,0.7248669266700745,0.5263806581497192,0.7421886920928955,0.46027272939682007,0.6611837148666382,0.4776248335838318,0.7395779490470886,0.4657876193523407,0.7423291802406311,0.4585835635662079,0.7239968776702881,0.44595780968666077,0.6772095561027527,0.460499107837677,0.7505156993865967,0.449832022190094,0.746016800403595,0.4442606568336487,0.7265780568122864,0.4314608871936798,0.6941579580307007,0.44226396083831787,0.7531008720397949,0.434113472700119,0.7478922009468079,0.42954230308532715,0.7287868857383728
adiar,0.3955634534358978,0.6609451174736023,0.42771777510643005,0.6531435251235962,0.45873546600341797,0.6664990186691284,0.479987233877182,0.6917790174484253,0.4894367456436157,0.7124500870704651,0.46908652782440186,0.628110408782959,0.4968810975551605,0.6677043437957764,0.5128697156906128,0.6914443969726562,0.5266773104667664,0.7072281241416931,0.45778048038482666,0.6382636427879333,0.4790080189704895,0.7099641561508179,0.4666742980480194,0.7155219912528992,0.4586951434612274,0.6979023218154907,0.44442519545555115,0.6578642129898071,0.46355196833610535,0.725184977054596,0.45227107405662537,0.7242428064346313,0.4457201659679413,0.7057125568389893,0.43121153116226196,0.6777371168136597,0.44595563411712646,0.7324665784835815,0.43737998604774475,0.7295140027999878,0.4319278299808502,0.7120025753974915
adiar,0.397905170917511,0.6673340201377869,0.4281085431575775,0.6610571146011353,0.4583117961883545,0.6801702380180359,0.47820693254470825,0.7094268202781677,0.4883105456829071,0.726126492023468,0.4697017967700958,0.6409935355186462,0.4963589608669281,0.6845053434371948,0.5123453736305237,0.7072896361351013,0.5260710120201111,0.7222608923912048,0.4581271708011627,0.6492702960968018,0.47824153304100037,0.7254649996757507,0.46646401286125183,0.7293305397033691,0.4584522843360901,0.7123472690582275,0.44450849294662476,0.6664777398109436,0.46158069372177124,0.7386177182197571,0.45095500349998474,0.7350814938545227,0.4447717070579529,0.7166532874107361,0.4308915138244629,0.6853060722351074,0.44390517473220825,0.7436304688453674,0.43612027168273926,0.7385484576225281,0.43117326498031616,0.7198066711425781
adiar,0.3955230712890625,0.6664814949035645,0.4322581887245178,0.6753352284431458,0.4671861231327057,0.6793045997619629,0.4928150475025177,0.6967086791992188,0.5133928060531616,0.715049147605896,0.4735320210456848,0.6193766593933105,0.49934959411621094,0.671566903591156,0.49764925241470337,0.7017633318901062,0.4925652742385864,0.7152238488197327,0.45988374948501587,0.626453697681427,0.4805871248245239,0.6971997618675232,0.47010061144828796,0.7195863127708435,0.4610549509525299,0.7185366749763489,0.44549912214279175,0.6419134736061096,0.46401113271713257,0.712363600730896,0.45482543110847473,0.7260899543762207,0.4470209777355194,0.717511773109436,0.4310590922832489,0.6608130931854248,0.446118026971817,0.718099057674408,0.44028744101524353,0.7249875664710999,0.4342602789402008,0.7123849391937256
adiar,0.39522212743759155,0.6317781209945679,0.4291475713253021,0.6192436814308167,0.46165597438812256,0.6034711599349976,0.48558881878852844,0.5985495448112488,0.5063119530677795,0.5960031151771545,0.4686109125614166,0.5657026171684265,0.4841669797897339,0.5718763470649719,0.4745637774467468,0.5773429870605469,0.4669914245605469,0.5752991437911987,0.4548324644565582,0.5695347785949707,0.4642632305622101,0.5757613182067871,0.4555235505104065,0.5792565941810608,0.4500616192817688,0.5774763226509094,0.4366362988948822,0.577910304069519,0.44569647312164307,0.577165424823761,0.4373900890350342,0.5838043093681335,0.4322364330291748,0.587118923664093,0.4175875186920166,0.58600914478302,0.4236278235912323,0.5764074325561523,0.41951003670692444,0.5860881805419922,0.41676896810531616,0.5955069065093994
adiar,0.38367706537246704,0.6285135746002197,0.4167499244213104,0.6237304210662842,0.4504700005054474,0.6035364866256714,0.47582972049713135,0.5870290398597717,0.4977542459964752,0.5818397998809814,0.4551287293434143,0.5949137806892395,0.46572989225387573,0.5418021082878113,0.4598909020423889,0.5527567267417908,0.45424917340278625,0.5719773173332214,0.43849727511405945,0.5914424657821655,0.4475517272949219,0.5316867828369141,0.442410945892334,0.548561692237854,0.43590253591537476,0.5729334354400635,0.4197489023208618,0.5859694480895996,0.4293111264705658,0.532218873500824,0.42410171031951904,0.5492319464683533,0.4180718958377838,0.5716508626937866,0.4004185199737549,0.5782844424247742,0.4076864421367645,0.5393571257591248,0.40419912338256836,0.5558931827545166,0.4003544747829437,0.5774057507514954
adiar,0.37975364923477173,0.6689984202384949,0.4147816300392151,0.7001110911369324,0.4432506263256073,0.7180686593055725,0.461615651845932,0.7385504245758057,0.47950026392936707,0.7682125568389893,0.44845226407051086,0.6335861682891846,0.45745083689689636,0.6839281916618347,0.45906758308410645,0.7123023271560669,0.45908549427986145,0.7277448177337646,0.4294411540031433,0.6129422187805176,0.43165457248687744,0.7119590044021606,0.4253751039505005,0.7246178984642029,0.41993585228919983,0.7156548500061035,0.4091004431247711,0.6099727749824524,0.4120917320251465,0.7078784108161926,0.4078374207019806,0.7146964073181152,0.40469372272491455,0.7039034366607666,0.3897150158882141,0.6162156462669373,0.39461958408355713,0.6928471326828003,0.3941062092781067,0.7033037543296814,0.3939976990222931,0.6969473958015442
adiar,0.5306492447853088,0.6208354830741882,0.4913523197174072,0.6415235996246338,0.4574586749076843,0.6292051076889038,0.43503478169441223,0.6079283356666565,0.41363367438316345,0.5934245586395264,0.4633665978908539,0.5458909869194031,0.4626598060131073,0.5995919108390808,0.4678109586238861,0.6191549301147461,0.472434401512146,0.6167805194854736,0.482469379901886,0.5316784381866455,0.4776671826839447,0.5910768508911133,0.48209241032600403,0.6117781400680542,0.4884478747844696,0.6120428442955017,0.5019700527191162,0.5328388810157776,0.49475255608558655,0.5840862989425659,0.49765339493751526,0.6052523255348206,0.5025899410247803,0.6078457236289978,0.5210615396499634,0.54154372215271,0.5140436887741089,0.5799004435539246,0.5139672756195068,0.595320463180542,0.5164594650268555,0.596034824848175
adiar,0.3858916759490967,0.6296015977859497,0.4187975823879242,0.6543617248535156,0.4494207203388214,0.6576808094978333,0.47311604022979736,0.6490321159362793,0.4897655248641968,0.6306222677230835,0.45874518156051636,0.6060522794723511,0.47417351603507996,0.608568549156189,0.47102636098861694,0.6177121996879578,0.46602872014045715,0.6253441572189331,0.44719937443733215,0.5892508625984192,0.45865145325660706,0.5991526246070862,0.4555170238018036,0.6122759580612183,0.4509991705417633,0.6237069368362427,0.4324795603752136,0.5793476700782776,0.4432341158390045,0.5917802453041077,0.4410093426704407,0.6070061922073364,0.4371911883354187,0.6209065914154053,0.41870588064193726,0.5751749873161316,0.42723938822746277,0.5853474140167236,0.4264845848083496,0.5992817282676697,0.4250620901584625,0.6115860342979431
adiar,0.3777199685573578,0.5825351476669312,0.4127042889595032,0.5899172425270081,0.44451335072517395,0.5804799199104309,0.4688069224357605,0.5730732083320618,0.49049168825149536,0.5820572972297668,0.44998258352279663,0.5214604139328003,0.45513275265693665,0.5234323143959045,0.4513273239135742,0.5475612878799438,0.44709891080856323,0.5631276369094849,0.4335809648036957,0.516058623790741,0.4368363320827484,0.5175816416740417,0.43616703152656555,0.5429836511611938,0.4334372878074646,0.5580899715423584,0.41441330313682556,0.5188607573509216,0.4211713373661041,0.5224807262420654,0.4216349124908447,0.5455405712127686,0.42019185423851013,0.5591261386871338,0.396450012922287,0.5252780318260193,0.4021429121494293,0.5301266312599182,0.40370064973831177,0.5495356321334839,0.40358009934425354,0.5621193647384644
adiar,0.5260190367698669,0.6838129162788391,0.4902482032775879,0.7170813083648682,0.45616617798805237,0.7267597913742065,0.43147438764572144,0.7311410307884216,0.413926362991333,0.7445875406265259,0.4534713923931122,0.6422643661499023,0.4250274896621704,0.6663525104522705,0.42100998759269714,0.6982828378677368,0.4221777021884918,0.7049987316131592,0.4624345004558563,0.6256471276283264,0.4349806606769562,0.6634151935577393,0.4311794936656952,0.6915003657341003,0.4334598481655121,0.6964467763900757,0.4723016321659088,0.6189935803413391,0.4456879198551178,0.6570400595664978,0.44335275888442993,0.6822549104690552,0.4465557038784027,0.6855624318122864,0.48271802067756653,0.6164125800132751,0.45872604846954346,0.6463703513145447,0.4532970190048218,0.6639389395713806,0.4530980885028839,0.6679880023002625
adiar,0.365406334400177,0.6790271401405334,0.39223986864089966,0.6895889639854431,0.42523714900016785,0.7225323915481567,0.4482309818267822,0.7538405060768127,0.4698854088783264,0.7676693201065063,0.432893306016922,0.6849526166915894,0.44148463010787964,0.7674099802970886,0.4297230541706085,0.7617436051368713,0.42392927408218384,0.7391772866249084,0.41347116231918335,0.6908730268478394,0.42414146661758423,0.7807698249816895,0.4136914908885956,0.7683671712875366,0.40901362895965576,0.7404584288597107,0.3943400979042053,0.7037070393562317,0.4058745801448822,0.7887715697288513,0.39686262607574463,0.7725203633308411,0.3922859728336334,0.7448312044143677,0.37717482447624207,0.7200649976730347,0.3866187334060669,0.7866055369377136,0.3816674053668976,0.772143542766571,0.37977680563926697,0.7458588480949402
adiar,0.543317437171936,0.6407562494277954,0.5016659498214722,0.630508303642273,0.4715256690979004,0.6008333563804626,0.4518192410469055,0.5775598287582397,0.43400025367736816,0.5594298839569092,0.48120352625846863,0.5246276259422302,0.45604121685028076,0.5642498135566711,0.4661386013031006,0.5981369018554688,0.47827786207199097,0.6024957895278931,0.4959198534488678,0.5180285573005676,0.46735653281211853,0.5694711804389954,0.477681428194046,0.6019746661186218,0.4888734519481659,0.6011977195739746,0.5113584399223328,0.5269170999526978,0.48326820135116577,0.5725468397140503,0.49081411957740784,0.6015604734420776,0.4996734857559204,0.6004816889762878,0.5257883071899414,0.544181764125824,0.5036587119102478,0.5792964696884155,0.5067411065101624,0.5973924994468689,0.5136725306510925,0.5967025756835938
adiar,0.36775830388069153,0.7055409550666809,0.3863458037376404,0.6660757660865784,0.41187524795532227,0.6578486561775208,0.43355345726013184,0.6748174428939819,0.450809508562088,0.6802433729171753,0.41267040371894836,0.7105485796928406,0.4514079988002777,0.7335690855979919,0.46506741642951965,0.7192595601081848,0.4641096591949463,0.7052740454673767,0.4093606770038605,0.7445399165153503,0.45194992423057556,0.7674112915992737,0.4651743769645691,0.7457517385482788,0.46373942494392395,0.7249711751937866,0.40752360224723816,0.7646663784980774,0.4470938742160797,0.7814610600471497,0.4586692750453949,0.7599782943725586,0.45872190594673157,0.7419615983963013,0.4059622883796692,0.7742423415184021,0.4374566376209259,0.7803581953048706,0.4486951529979706,0.7637621760368347,0.45067474246025085,0.7474979758262634
adiar,0.5307130813598633,0.7379295825958252,0.4958397150039673,0.7321094274520874,0.47429516911506653,0.704072892665863,0.46005257964134216,0.6769176125526428,0.4473657011985779,0.659650444984436,0.47561347484588623,0.6206662654876709,0.4402376413345337,0.6297531127929688,0.4350225031375885,0.6650713086128235,0.44236665964126587,0.6858630776405334,0.4792919456958771,0.6240099668502808,0.4425502121448517,0.6416451930999756,0.43810227513313293,0.6776979565620422,0.4467789828777313,0.6935768127441406,0.48268812894821167,0.6391083598136902,0.44969701766967773,0.6654475927352905,0.44652608036994934,0.6982028484344482,0.4541815519332886,0.7109369039535522,0.48549884557724,0.6618524193763733,0.46170204877853394,0.6886113286018372,0.45715898275375366,0.7107262015342712,0.46021437644958496,0.7218472361564636
adiar,0.5321503281593323,0.7910845279693604,0.49621424078941345,0.796311616897583,0.47584065794944763,0.7726935148239136,0.46285513043403625,0.7514496445655823,0.4515918791294098,0.7411710619926453,0.475477397441864,0.6916825771331787,0.43787404894828796,0.705025851726532,0.43866175413131714,0.7390451431274414,0.45026013255119324,0.7547497749328613,0.47819283604621887,0.6948199272155762,0.4389164447784424,0.7109105587005615,0.4412526488304138,0.7433648109436035,0.4532455503940582,0.7547962069511414,0.48090070486068726,0.7094194293022156,0.4452008008956909,0.7304454445838928,0.4490133821964264,0.7603209614753723,0.4609881341457367,0.7692453265190125,0.4830687940120697,0.7306222915649414,0.45628824830055237,0.7472960352897644,0.4562705457210541,0.7698500156402588,0.46382367610931396,0.7811700105667114
adiar,0.5227759480476379,0.8314148783683777,0.4989098608493805,0.8125282526016235,0.47891730070114136,0.7845087647438049,0.4646458625793457,0.7677987813949585,0.4530268907546997,0.7665281891822815,0.47327572107315063,0.7368925213813782,0.43774929642677307,0.7488186359405518,0.4432688057422638,0.7775258421897888,0.4559907019138336,0.7862828373908997,0.4757954478263855,0.7434850931167603,0.4393514096736908,0.7567887306213379,0.44605883955955505,0.7843714356422424,0.4581978917121887,0.7935919761657715,0.47795340418815613,0.7580863833427429,0.4442398250102997,0.7739074230194092,0.45224976539611816,0.801217257976532,0.4651157259941101,0.8096460103988647,0.4799331724643707,0.776929497718811,0.45272713899612427,0.7880893349647522,0.45703235268592834,0.8105906844139099,0.4668213427066803,0.8222187757492065
adiar,0.5217970609664917,0.8540688157081604,0.4933469891548157,0.8382259011268616,0.4731418490409851,0.8111968636512756,0.4587092399597168,0.7926438450813293,0.4471932351589203,0.7878466248512268,0.4739932417869568,0.7547621726989746,0.43693265318870544,0.7714313864707947,0.44355514645576477,0.8032299876213074,0.4564380645751953,0.8134296536445618,0.47745445370674133,0.7624847888946533,0.43961265683174133,0.7844051718711853,0.44916531443595886,0.8151121139526367,0.462237685918808,0.8260496258735657,0.47986090183258057,0.7788475155830383,0.44484734535217285,0.8000655174255371,0.4561353325843811,0.8304954767227173,0.4707604646682739,0.8424016237258911,0.48165929317474365,0.8009564280509949,0.4528772830963135,0.8103349804878235,0.4581153094768524,0.8320093154907227,0.46889668703079224,0.844322681427002
adiar,0.5188542604446411,0.8560395240783691,0.4916018545627594,0.8364841938018799,0.4733571708202362,0.8102883696556091,0.4601386785507202,0.7906191945075989,0.4504531919956207,0.7829768657684326,0.47449183464050293,0.7564582228660583,0.437899649143219,0.7729911208152771,0.44357773661613464,0.8036466836929321,0.4556756913661957,0.8142098188400269,0.47852393984794617,0.7648648619651794,0.44017279148101807,0.7908730506896973,0.45064806938171387,0.8206923007965088,0.46370452642440796,0.8304809331893921,0.4813821017742157,0.7818894386291504,0.44597098231315613,0.8080943822860718,0.45896005630493164,0.8370179533958435,0.47380319237709045,0.8480536937713623,0.4835093915462494,0.8046185374259949,0.45456016063690186,0.8170142769813538,0.45937198400497437,0.8380282521247864,0.46870771050453186,0.849923849105835
adiar,0.5218936204910278,0.8598743677139282,0.49441272020339966,0.8392047882080078,0.4756270945072174,0.8107683062553406,0.46159011125564575,0.790375828742981,0.4508359134197235,0.7837737202644348,0.47584545612335205,0.7593756318092346,0.4399818480014801,0.7763708829879761,0.4467892050743103,0.8086986541748047,0.459953635931015,0.8190072178840637,0.4796094596385956,0.7667325735092163,0.4422473907470703,0.7936325669288635,0.4523092806339264,0.8241928815841675,0.4657920002937317,0.8355089426040649,0.4821230471134186,0.7827955484390259,0.44721731543540955,0.8105291128158569,0.4594704508781433,0.8398926258087158,0.4748208522796631,0.8518679738044739,0.4839136302471161,0.8041674494743347,0.4551970660686493,0.8165445327758789,0.4603692591190338,0.8367102742195129,0.4712923765182495,0.8485975861549377
adiar,0.4577523469924927,0.7893815636634827,0.46360862255096436,0.7633246183395386,0.4803936183452606,0.74968421459198,0.5027052760124207,0.7349655032157898,0.5215098857879639,0.7202655076980591,0.5087687373161316,0.8164340257644653,0.5404067039489746,0.7856850624084473,0.5328056812286377,0.7630559802055359,0.5205876231193542,0.761689305305481,0.5122590661048889,0.8222975730895996,0.5383546948432922,0.7813306450843811,0.5258280634880066,0.7594798803329468,0.5152567028999329,0.7644996643066406,0.513652503490448,0.8187285661697388,0.5352644324302673,0.7792808413505554,0.5251525640487671,0.7620428800582886,0.514969527721405,0.7675572037696838,0.5144442915916443,0.8131755590438843,0.5313736200332642,0.7838908433914185,0.5243789553642273,0.7697535157203674,0.5141348242759705,0.7721823453903198
adiar,0.584257960319519,0.7629648447036743,0.5608287453651428,0.7811228632926941,0.539918065071106,0.773621678352356,0.5237658619880676,0.7708539366722107,0.5132551789283752,0.7750531435012817,0.5289320945739746,0.710097074508667,0.5079860687255859,0.7445710301399231,0.514315664768219,0.7676626443862915,0.5221405625343323,0.7741609811782837,0.5314862132072449,0.7097008228302002,0.5108383297920227,0.7481536269187927,0.516874372959137,0.7678574919700623,0.5224254131317139,0.7731826305389404,0.5346667170524597,0.7160673141479492,0.5127325654029846,0.7486365437507629,0.5180796384811401,0.7677093148231506,0.5245067477226257,0.7721404433250427,0.537502110004425,0.726937472820282,0.5174793601036072,0.7524875998497009,0.5179054737091064,0.7687695622444153,0.522484302520752,0.7760362029075623
adiar,0.4599662125110626,0.7759206891059875,0.47018805146217346,0.7472126483917236,0.49009013175964355,0.7371542453765869,0.5130305886268616,0.7286744117736816,0.5322864055633545,0.718716025352478,0.5136902332305908,0.8156763911247253,0.5427525043487549,0.773185133934021,0.5301645398139954,0.7500877976417542,0.5184810757637024,0.7527889013290405,0.515683650970459,0.8248220086097717,0.5418462753295898,0.775674045085907,0.5298999547958374,0.7536557912826538,0.5195525884628296,0.7555538415908813,0.516248881816864,0.8218371868133545,0.538014829158783,0.7778816223144531,0.5287266969680786,0.7577284574508667,0.51886385679245,0.7589498162269592,0.5173784494400024,0.8158749341964722,0.5332779884338379,0.7849668860435486,0.5277167558670044,0.7686882019042969,0.5190390944480896,0.767327070236206
adiar,0.5820042490959167,0.7686606645584106,0.5635635852813721,0.7896426320075989,0.5398327708244324,0.7789884805679321,0.523157000541687,0.7639201283454895,0.5105072855949402,0.7581296563148499,0.5256876349449158,0.7167303562164307,0.5024209022521973,0.7579672336578369,0.5114277005195618,0.7786482572555542,0.5201289653778076,0.7775304317474365,0.5269182920455933,0.709943413734436,0.5044034123420715,0.7545900344848633,0.5124568343162537,0.7753189206123352,0.518814206123352,0.7755166888237,0.5286521315574646,0.7128495573997498,0.5079988241195679,0.7539372444152832,0.515826404094696,0.7734110355377197,0.5224290490150452,0.7725394368171692,0.5303620100021362,0.7200511693954468,0.5140125751495361,0.7547229528427124,0.5197156667709351,0.771817684173584,0.525626003742218,0.7727455496788025
agarrar,0.45192593336105347,0.8068116307258606,0.46297377347946167,0.8124545216560364,0.47920557856559753,0.8316771388053894,0.49620693922042847,0.8483443856239319,0.5129334926605225,0.8567389249801636,0.48978278040885925,0.8500438332557678,0.5081076622009277,0.8571234345436096,0.5127332210540771,0.8504576683044434,0.511719822883606,0.845487117767334,0.48957914113998413,0.8471004366874695,0.5072513222694397,0.8546566963195801,0.5120156407356262,0.8473682403564453,0.512352466583252,0.8440865874290466,0.48979490995407104,0.8435567021369934,0.5053804516792297,0.8502525091171265,0.5080229043960571,0.8448575735092163,0.5083428621292114,0.8422282338142395,0.4914316236972809,0.8396494388580322,0.5039516091346741,0.8443690538406372,0.5064170956611633,0.8433179259300232,0.5064648389816284,0.8434962630271912
agarrar,0.4511803686618805,0.8066647052764893,0.46288245916366577,0.812717080116272,0.4793129563331604,0.8320947289466858,0.49621567130088806,0.8489936590194702,0.5130136609077454,0.857566237449646,0.49014946818351746,0.8513866066932678,0.5075957179069519,0.8581522107124329,0.512357771396637,0.85207200050354,0.5113330483436584,0.8475317358970642,0.4897148609161377,0.8471918702125549,0.5071778297424316,0.8539506793022156,0.5120108723640442,0.847537100315094,0.5125870108604431,0.8454926609992981,0.48997920751571655,0.84246826171875,0.5060315728187561,0.848714292049408,0.509024977684021,0.8444108366966248,0.5094031691551208,0.8424994349479675,0.49149414896965027,0.8373692035675049,0.50498366355896,0.8422374725341797,0.5083541870117188,0.8425731062889099,0.5088081359863281,0.8436311483383179
agarrar,0.4515194296836853,0.8039035797119141,0.460603266954422,0.8044527173042297,0.4780031144618988,0.8210254311561584,0.4966167211532593,0.8332531452178955,0.5135312080383301,0.8403408527374268,0.48939406871795654,0.8604432940483093,0.5118474960327148,0.8472129106521606,0.5172075033187866,0.8332274556159973,0.5171135067939758,0.8278573751449585,0.49096807837486267,0.8494629859924316,0.510269820690155,0.8346476554870605,0.5162934064865112,0.8214457035064697,0.5186547636985779,0.8150703310966492,0.49255087971687317,0.8370316028594971,0.5100598931312561,0.82457435131073,0.5149796009063721,0.8145028352737427,0.5188999772071838,0.8106362819671631,0.4956786632537842,0.8254995942115784,0.5108551979064941,0.8175630569458008,0.5150440335273743,0.8138585090637207,0.5183882117271423,0.8144382238388062
agarrar,0.5574231743812561,0.8468141555786133,0.5379853248596191,0.8142654895782471,0.5298190116882324,0.7763720154762268,0.5236178636550903,0.7492063641548157,0.5145276188850403,0.7321009039878845,0.5515584349632263,0.7530208230018616,0.53996741771698,0.7212253212928772,0.5225058794021606,0.7194692492485046,0.5080618858337402,0.7251042127609253,0.556895911693573,0.7698895931243896,0.5406392216682434,0.7443187832832336,0.5189892649650574,0.7458787560462952,0.5039412975311279,0.752505898475647,0.5581272840499878,0.7937529683113098,0.5421223640441895,0.7726305723190308,0.5220674276351929,0.7687686681747437,0.5077448487281799,0.7693407535552979,0.5560470223426819,0.8203893899917603,0.5414708852767944,0.8044513463973999,0.5273404717445374,0.7984682321548462,0.5160139799118042,0.7955645322799683
agarrar,0.5499070882797241,0.7492430210113525,0.5536378026008606,0.7547209858894348,0.5692141056060791,0.7666921019554138,0.5847771763801575,0.7743659615516663,0.5972164869308472,0.7776331305503845,0.5709284543991089,0.7751380801200867,0.5984617471694946,0.7876992225646973,0.6020871996879578,0.7853195667266846,0.5974984169006348,0.7805690169334412,0.5697434544563293,0.7844724059104919,0.6029189825057983,0.7974748611450195,0.6026307940483093,0.795016884803772,0.5931922793388367,0.7883977890014648,0.5699794292449951,0.7917186617851257,0.6002388000488281,0.807273805141449,0.5997188091278076,0.8066696524620056,0.5904269814491272,0.8032867908477783,0.5699216723442078,0.7974810004234314,0.5946468114852905,0.8160764575004578,0.5961061716079712,0.8182014226913452,0.5894047617912292,0.8174509406089783
agarrar,0.6331077218055725,0.804451584815979,0.6315026879310608,0.788901686668396,0.6268628239631653,0.7939186692237854,0.6213009357452393,0.8082534670829773,0.6203358173370361,0.8236997127532959,0.6422602534294128,0.8468332290649414,0.6406057476997375,0.8521375060081482,0.6275771856307983,0.8325247168540955,0.6146045327186584,0.8170665502548218,0.6367359161376953,0.8696137070655823,0.6326520442962646,0.8749791979789734,0.6174371838569641,0.8479771614074707,0.6059690117835999,0.829298734664917,0.6288507580757141,0.8838997483253479,0.6245877146720886,0.8926296234130859,0.6116403341293335,0.864815890789032,0.6031192541122437,0.8433666229248047,0.6189581155776978,0.8908766508102417,0.6131752133369446,0.8965600728988647,0.6032822132110596,0.8778383731842041,0.5950934886932373,0.8620792031288147
agarrar,0.33907756209373474,0.7584449648857117,0.3279765844345093,0.7106836438179016,0.3099772334098816,0.6846480369567871,0.2961595952510834,0.6840866208076477,0.2900766432285309,0.7078841328620911,0.28487613797187805,0.7145801186561584,0.27026334404945374,0.7169659733772278,0.28161537647247314,0.7114101052284241,0.2910016179084778,0.7081236839294434,0.2905547320842743,0.7384803295135498,0.28869274258613586,0.7467871308326721,0.303660124540329,0.7342756390571594,0.3102666139602661,0.7258360981941223,0.30121979117393494,0.7614148855209351,0.30303260684013367,0.7658498883247375,0.31535905599594116,0.748995304107666,0.3195362687110901,0.7377602458000183,0.31440404057502747,0.7801711559295654,0.3186292052268982,0.782271146774292,0.32534557580947876,0.7686656713485718,0.3269079923629761,0.7592023611068726
agarrar,0.36249369382858276,0.6889901161193848,0.34233129024505615,0.6508148908615112,0.3207654058933258,0.6300569772720337,0.304979532957077,0.6294112801551819,0.29978179931640625,0.6555705070495605,0.31725576519966125,0.6446735262870789,0.30089500546455383,0.6627911925315857,0.29819947481155396,0.6664657592773438,0.29818254709243774,0.6662843227386475,0.3279556334018707,0.6635614037513733,0.30957984924316406,0.7001675367355347,0.31074923276901245,0.6935114860534668,0.315837025642395,0.6811224222183228,0.3399387300014496,0.6850772500038147,0.3220803737640381,0.7200050354003906,0.3236519992351532,0.7106369137763977,0.3287852704524994,0.6960027813911438,0.35142332315444946,0.7048341631889343,0.33682385087013245,0.7365516424179077,0.33632057905197144,0.7319446206092834,0.33970460295677185,0.7205038070678711
agarrar,0.5977449417114258,0.8084607124328613,0.599479615688324,0.7926918268203735,0.6011795401573181,0.7981812357902527,0.607979953289032,0.8250965476036072,0.6107388138771057,0.8486172556877136,0.5602542757987976,0.8277870416641235,0.5704647302627563,0.8632577657699585,0.5905070900917053,0.8670925498008728,0.6015357375144958,0.856494128704071,0.5628116726875305,0.8552675843238831,0.5761498212814331,0.8933614492416382,0.5975124835968018,0.8874049186706543,0.6065720319747925,0.870527446269989,0.5703530311584473,0.8747461438179016,0.5838295817375183,0.9073778390884399,0.6016988158226013,0.8959844708442688,0.6086364388465881,0.8774386644363403,0.5797500014305115,0.8839336633682251,0.5933083295822144,0.9077613949775696,0.6066212058067322,0.8960165977478027,0.611961841583252,0.8782044649124146
agarrar,0.5299926400184631,0.7296872735023499,0.5465733408927917,0.7184693813323975,0.5548954606056213,0.7239783406257629,0.551461398601532,0.7399678826332092,0.5426961183547974,0.752388060092926,0.5440353751182556,0.7206782698631287,0.5591103434562683,0.7643049359321594,0.5678586959838867,0.7868538498878479,0.5737801790237427,0.7988833785057068,0.5288604497909546,0.7393748164176941,0.5464243292808533,0.7930446267127991,0.5542317628860474,0.8059639930725098,0.559398889541626,0.8043475151062012,0.5160265564918518,0.7568015456199646,0.5315722227096558,0.8044378161430359,0.5390674471855164,0.806845486164093,0.5434609651565552,0.7972871661186218,0.5065038800239563,0.771020233631134,0.5185189247131348,0.8074097633361816,0.5267675518989563,0.8076714277267456,0.5303023457527161,0.7976080775260925
agarrar,0.5014037489891052,0.5140640735626221,0.5016587972640991,0.4711973965167999,0.5116385221481323,0.43544551730155945,0.5276727080345154,0.41317272186279297,0.5424618721008301,0.4041680097579956,0.5098056793212891,0.42622578144073486,0.5362218618392944,0.38517943024635315,0.5490042567253113,0.37426936626434326,0.5554527640342712,0.3755863904953003,0.5204799175262451,0.44316980242729187,0.5553665161132812,0.40234482288360596,0.5602465271949768,0.39991599321365356,0.5567147731781006,0.40643948316574097,0.5317291021347046,0.4631015658378601,0.5652036070823669,0.4257364273071289,0.564033567905426,0.4266779124736786,0.557181179523468,0.43476402759552,0.541432797908783,0.48345327377319336,0.5691596865653992,0.4527737498283386,0.569106936454773,0.4503769278526306,0.5625362992286682,0.45604372024536133
agarrar,0.4801902174949646,0.5448529720306396,0.48521432280540466,0.5017601251602173,0.4750053882598877,0.46102526783943176,0.45342931151390076,0.4428942799568176,0.43410050868988037,0.44483911991119385,0.48088976740837097,0.48426154255867004,0.4478616416454315,0.43206945061683655,0.4477977156639099,0.4351562559604645,0.4528861343860626,0.4486502408981323,0.4699810743331909,0.510948121547699,0.43622857332229614,0.4554985463619232,0.44250020384788513,0.4589984714984894,0.45238301157951355,0.47295239567756653,0.4584648907184601,0.5297344923019409,0.43227747082710266,0.47748368978500366,0.43918803334236145,0.4819382131099701,0.4471723735332489,0.4935991168022156,0.446804016828537,0.5410836935043335,0.4295218884944916,0.498638391494751,0.43657371401786804,0.5026285648345947,0.443226158618927,0.515720784664154
agarrar,0.4807383120059967,0.48965349793434143,0.4798022210597992,0.44871044158935547,0.463945597410202,0.4132269322872162,0.4412895143032074,0.3978406488895416,0.4257325232028961,0.39382073283195496,0.46668344736099243,0.4007052183151245,0.43841496109962463,0.37509024143218994,0.439941942691803,0.3927772045135498,0.4476214051246643,0.40487465262413025,0.4569421708583832,0.42296773195266724,0.4303421378135681,0.4035255014896393,0.4345426559448242,0.41924288868904114,0.4428740441799164,0.4263659715652466,0.44781649112701416,0.44621244072914124,0.4294416904449463,0.4349161684513092,0.43544381856918335,0.4469916522502899,0.4429294168949127,0.4513988196849823,0.44002872705459595,0.46920230984687805,0.4290234446525574,0.4569224417209625,0.43477243185043335,0.46661674976348877,0.44037094712257385,0.4709904193878174
agarrar,0.48136642575263977,0.5350255966186523,0.4797126352787018,0.48771291971206665,0.46703511476516724,0.45887213945388794,0.4502931833267212,0.4554438889026642,0.43789994716644287,0.4668560326099396,0.459651917219162,0.45017009973526,0.4409710168838501,0.4373977482318878,0.4465347230434418,0.4496379494667053,0.4540645480155945,0.45905956625938416,0.4506986141204834,0.47150006890296936,0.43548086285591125,0.4596990942955017,0.4420050382614136,0.4710436463356018,0.4491293430328369,0.47925084829330444,0.4438657760620117,0.49579593539237976,0.43451398611068726,0.48682379722595215,0.44051775336265564,0.49502676725387573,0.4461357891559601,0.5009775757789612,0.4388231039047241,0.5204551219940186,0.43608710169792175,0.5126937627792358,0.44168761372566223,0.5183026790618896,0.4452935457229614,0.522957444190979
agarrar,0.48980945348739624,0.5716375112533569,0.4834176301956177,0.5223985910415649,0.4665471315383911,0.4953738749027252,0.4480944275856018,0.4948267936706543,0.4347708821296692,0.5062847137451172,0.46221861243247986,0.47560256719589233,0.4401226043701172,0.4723256528377533,0.4421538710594177,0.48823317885398865,0.4491022825241089,0.4942917823791504,0.454195499420166,0.4995611310005188,0.4360259175300598,0.5016916394233704,0.4402552843093872,0.513308584690094,0.44779130816459656,0.5174335837364197,0.4480138123035431,0.5261043310165405,0.43649110198020935,0.5297127962112427,0.44239872694015503,0.5373063683509827,0.44928380846977234,0.5392693281173706,0.4436136484146118,0.550958514213562,0.43791624903678894,0.5499787330627441,0.44386157393455505,0.5568699240684509,0.44972628355026245,0.5601212382316589
agarrar,0.4831843674182892,0.571778416633606,0.4784735441207886,0.5242800116539001,0.46278420090675354,0.4968670606613159,0.4446960389614105,0.4945385754108429,0.43201878666877747,0.5046266913414001,0.4559229016304016,0.47731736302375793,0.4349573254585266,0.477952241897583,0.4400438666343689,0.49308866262435913,0.44797956943511963,0.49908512830734253,0.44816845655441284,0.4995419383049011,0.43094033002853394,0.5054797530174255,0.43746158480644226,0.5167617797851562,0.4452393054962158,0.5201880931854248,0.44237151741981506,0.525678813457489,0.4317820072174072,0.5311645269393921,0.4382699131965637,0.5385919213294983,0.44483670592308044,0.5406959056854248,0.43827301263809204,0.5512833595275879,0.43335336446762085,0.5515952110290527,0.4392542839050293,0.558045506477356,0.4443191885948181,0.5611685514450073
agarrar,0.479117751121521,0.568965494632721,0.4753721058368683,0.522301971912384,0.46248307824134827,0.4956681430339813,0.4481501579284668,0.493669331073761,0.4365946352481842,0.5049957036972046,0.4529113173484802,0.4751364290714264,0.43339061737060547,0.47552555799484253,0.43541717529296875,0.4917333126068115,0.44191715121269226,0.49897393584251404,0.44508978724479675,0.4956277906894684,0.42871400713920593,0.5039778351783752,0.43361330032348633,0.5167392492294312,0.44138842821121216,0.5206061005592346,0.43949395418167114,0.5212706923484802,0.42921021580696106,0.5299863815307617,0.43526166677474976,0.5388096570968628,0.4425061345100403,0.5408667922019958,0.4355328679084778,0.5468481183052063,0.4314367175102234,0.5523122549057007,0.43744033575057983,0.559097409248352,0.44325095415115356,0.5615713596343994
agarrar,0.4756664037704468,0.5720139741897583,0.4714263677597046,0.5242031812667847,0.4587744474411011,0.4971281588077545,0.44536080956459045,0.4948287606239319,0.43451163172721863,0.50632643699646,0.4489075243473053,0.478681743144989,0.4298262894153595,0.4824049770832062,0.4334513545036316,0.4971574544906616,0.44059261679649353,0.5030768513679504,0.4414447247982025,0.5020179748535156,0.4260646402835846,0.5097973346710205,0.43107977509498596,0.5218670964241028,0.43863773345947266,0.5262171030044556,0.43639010190963745,0.5296616554260254,0.4267660081386566,0.536953866481781,0.43253111839294434,0.544762134552002,0.43967774510383606,0.5470547676086426,0.43292781710624695,0.5567531585693359,0.42855510115623474,0.5598797798156738,0.43435797095298767,0.5649464130401611,0.4402613937854767,0.5671836137771606
agarrar,0.47545310854911804,0.5743088126182556,0.4721287190914154,0.5239332318305969,0.4599601626396179,0.49492907524108887,0.44608667492866516,0.4897105097770691,0.4348234236240387,0.49947139620780945,0.44860348105430603,0.4791789948940277,0.43054381012916565,0.479905366897583,0.4337819814682007,0.4934940040111542,0.4405933916568756,0.4999501407146454,0.44066834449768066,0.5021929740905762,0.4267006516456604,0.5074736475944519,0.4312317669391632,0.5175977349281311,0.4382532835006714,0.5211377739906311,0.4350963532924652,0.5290678143501282,0.4272933304309845,0.5343142151832581,0.43268728256225586,0.5409815311431885,0.43922996520996094,0.5426284074783325,0.4313393831253052,0.5546793341636658,0.4287887215614319,0.5565104484558105,0.4341830909252167,0.5617426633834839,0.43937477469444275,0.5643755793571472
agarrar,0.47650325298309326,0.5780412554740906,0.4734477400779724,0.5312111973762512,0.4609248638153076,0.5035362839698792,0.4471423327922821,0.49731481075286865,0.4355418384075165,0.5034674406051636,0.45243537425994873,0.4817873239517212,0.4316476285457611,0.4743349850177765,0.43328872323036194,0.4912096858024597,0.43989497423171997,0.4987042248249054,0.443589985370636,0.50276118516922,0.42564260959625244,0.5014853477478027,0.4298774003982544,0.5158186554908752,0.43784141540527344,0.5206671953201294,0.4366673529148102,0.5276255011558533,0.42622238397598267,0.53225177526474,0.4316983222961426,0.5416641235351562,0.43894001841545105,0.5435433983802795,0.43153178691864014,0.552225649356842,0.42696860432624817,0.5549370050430298,0.4329064190387726,0.5621418952941895,0.4392578899860382,0.5641447305679321
agarrar,0.49477407336235046,0.5822908878326416,0.4866597056388855,0.5388778448104858,0.4688306450843811,0.5061566829681396,0.4479978680610657,0.4919761121273041,0.43246304988861084,0.4881967604160309,0.46869534254074097,0.4857251048088074,0.4399104118347168,0.4697587788105011,0.4409479796886444,0.4877391755580902,0.4487186670303345,0.49664151668548584,0.46117275953292847,0.5079501867294312,0.4330591559410095,0.4938834011554718,0.43630450963974,0.5097550749778748,0.44489720463752747,0.5165970325469971,0.45421314239501953,0.5327504873275757,0.43214893341064453,0.5249814391136169,0.4371618628501892,0.5367637872695923,0.44508054852485657,0.5408849120140076,0.4485652446746826,0.5570915937423706,0.4326893389225006,0.546872079372406,0.437942773103714,0.5562288761138916,0.44516077637672424,0.5606157183647156
agarrar,0.5049112439155579,0.586897075176239,0.49957576394081116,0.5430058240890503,0.502295970916748,0.5049010515213013,0.505781888961792,0.48217740654945374,0.5073004961013794,0.4727267622947693,0.5255107283592224,0.4828251004219055,0.5520544648170471,0.46761220693588257,0.5450626015663147,0.4814707934856415,0.5340490341186523,0.488100528717041,0.5317659378051758,0.501497745513916,0.5548406839370728,0.49166712164878845,0.5470659136772156,0.5012387037277222,0.5376957654953003,0.5075029730796814,0.5362715721130371,0.523459255695343,0.5551570057868958,0.5171714425086975,0.547743022441864,0.5256615877151489,0.5391709208488464,0.5314688086509705,0.5394793748855591,0.546599268913269,0.5547316670417786,0.5383197665214539,0.5474644899368286,0.5443951487541199,0.5394516587257385,0.5496811866760254
agarrar,0.5619482398033142,0.6528691053390503,0.5481866002082825,0.603981614112854,0.5364059805870056,0.5588057041168213,0.5241225361824036,0.5269400477409363,0.5192837119102478,0.4985928535461426,0.5581892728805542,0.5290778279304504,0.5283527970314026,0.5164332985877991,0.5127385258674622,0.5193526744842529,0.5039404630661011,0.520588755607605,0.5608099699020386,0.5504918098449707,0.5201584100723267,0.5429490804672241,0.5142992734909058,0.5563456416130066,0.5159586668014526,0.5633376240730286,0.5597392916679382,0.576914370059967,0.5211187601089478,0.5721048712730408,0.522361159324646,0.5866276025772095,0.5290997624397278,0.5926948189735413,0.5556966066360474,0.6029457449913025,0.5267031788825989,0.5971434712409973,0.527543306350708,0.6062134504318237,0.53396075963974,0.6103742718696594
agarrar,0.4432099759578705,0.7193154692649841,0.4503268301486969,0.6671507358551025,0.4724259376525879,0.640677809715271,0.49710702896118164,0.6314317584037781,0.513278067111969,0.6212843656539917,0.4907605051994324,0.6993857026100159,0.5198588371276855,0.6611201167106628,0.5139991044998169,0.6384937167167664,0.5059002041816711,0.6320317983627319,0.49567028880119324,0.7227666974067688,0.5218365788459778,0.6805089712142944,0.5137677192687988,0.660495400428772,0.5049326419830322,0.6596888899803162,0.4963555634021759,0.733389139175415,0.5184931755065918,0.690421998500824,0.5109062194824219,0.674607515335083,0.5016767978668213,0.6758922934532166,0.49602848291397095,0.7343987226486206,0.5136021375656128,0.6998891830444336,0.5092530250549316,0.6856859922409058,0.5023945569992065,0.685826301574707
agarrar,0.5972689390182495,0.7320551872253418,0.5646345019340515,0.7135294079780579,0.5472347140312195,0.6759001612663269,0.5361252427101135,0.6490491032600403,0.5261643528938293,0.6269823908805847,0.5619669556617737,0.6262562870979309,0.5326714515686035,0.625092089176178,0.5208888053894043,0.6533424258232117,0.5197391510009766,0.6744682192802429,0.5701793432235718,0.6362821459770203,0.5383574962615967,0.6341122984886169,0.5258578658103943,0.6652694344520569,0.5253667831420898,0.6862666010856628,0.576430082321167,0.6554582715034485,0.5470740795135498,0.6500952243804932,0.5347177386283875,0.6776341795921326,0.5337804555892944,0.696430504322052,0.5805554986000061,0.680426836013794,0.5580553412437439,0.6744202375411987,0.547680675983429,0.6885539889335632,0.5453956127166748,0.7020485401153564
agarrar,0.5901601910591125,0.7779885530471802,0.5585530400276184,0.7820408344268799,0.5401318669319153,0.7563735246658325,0.5291085243225098,0.736944854259491,0.5194157958030701,0.7260071635246277,0.541084885597229,0.6992020010948181,0.5114465951919556,0.7064234018325806,0.5005404353141785,0.7354574799537659,0.4981609582901001,0.7595451474189758,0.5457167029380798,0.7027086615562439,0.5123163461685181,0.7102664709091187,0.5011943578720093,0.7408981919288635,0.5001455545425415,0.7645854353904724,0.5497427582740784,0.7164688110351562,0.5182968378067017,0.7242793440818787,0.5070855021476746,0.7513970136642456,0.5050802826881409,0.7720405459403992,0.5521427392959595,0.7378258109092712,0.5301114320755005,0.7436001300811768,0.5218685865402222,0.760206401348114,0.5196724534034729,0.7772233486175537
agarrar,0.5740529298782349,0.8109450340270996,0.5572722554206848,0.7935552000999451,0.5365887880325317,0.7768364548683167,0.5198365449905396,0.7736387252807617,0.5082342624664307,0.7801914215087891,0.5302785634994507,0.7517266273498535,0.4947192370891571,0.760230541229248,0.4978608787059784,0.7819028496742249,0.5074140429496765,0.7871438264846802,0.5332394242286682,0.7633715271949768,0.4974433481693268,0.7730496525764465,0.5025376677513123,0.7926051616668701,0.512054979801178,0.7955357432365417,0.5362302660942078,0.7812294363975525,0.5028238296508789,0.787661075592041,0.5080662965774536,0.804216206073761,0.5178700685501099,0.8061845898628235,0.5393905639648438,0.8018774390220642,0.5128719210624695,0.8039579391479492,0.5160267353057861,0.8153454065322876,0.5254256725311279,0.8201307058334351
agarrar,0.45646610856056213,0.7908613085746765,0.4708743393421173,0.7890927195549011,0.48859116435050964,0.8040521740913391,0.5062240362167358,0.8212742805480957,0.5224359035491943,0.8332917094230652,0.4945124685764313,0.8448821902275085,0.5147340297698975,0.8510435223579407,0.5247688889503479,0.841921329498291,0.5265387296676636,0.8336998224258423,0.49364736676216125,0.8388760685920715,0.5122775435447693,0.8468568921089172,0.5220316648483276,0.8362239003181458,0.5259634852409363,0.8288993239402771,0.4935809075832367,0.8313822150230408,0.5097337365150452,0.8351534605026245,0.5168278813362122,0.8271948099136353,0.5206546187400818,0.8228113055229187,0.495540589094162,0.8235433101654053,0.5090323686599731,0.8238822817802429,0.5140768885612488,0.8209831714630127,0.5165507197380066,0.8206523656845093
agarrar,0.4597443640232086,0.7895671129226685,0.4718514084815979,0.7915838956832886,0.4880167841911316,0.8100366592407227,0.5056906938552856,0.8259634375572205,0.5213404297828674,0.8375136852264404,0.495874285697937,0.8531592488288879,0.5185680985450745,0.850595235824585,0.5195421576499939,0.8364631533622742,0.5138642191886902,0.8303458094596863,0.4966789186000824,0.8448296785354614,0.5168574452400208,0.8449429273605347,0.5165525078773499,0.8310562968254089,0.5107787847518921,0.8240296840667725,0.49763453006744385,0.8351958394050598,0.5149284601211548,0.833046555519104,0.5128873586654663,0.8223435878753662,0.5079124569892883,0.8192874789237976,0.5004035234451294,0.8266066312789917,0.5146337747573853,0.8227819204330444,0.5129728317260742,0.8173473477363586,0.5082733035087585,0.8176383972167969
agarrar,0.4596603214740753,0.7916838526725769,0.47082099318504333,0.7986124157905579,0.4858878254890442,0.8200471997261047,0.5025421380996704,0.8368101716041565,0.5186803936958313,0.8466228246688843,0.4947921633720398,0.8608858585357666,0.5176230072975159,0.8589318990707397,0.5188149809837341,0.8449692726135254,0.5128588080406189,0.8384897112846375,0.49615970253944397,0.8496224880218506,0.5167748928070068,0.8516467809677124,0.517039954662323,0.8382489085197449,0.5123598575592041,0.8307977914810181,0.4973263442516327,0.8378388285636902,0.5152593851089478,0.8391909003257751,0.5142543911933899,0.8275526762008667,0.5104244351387024,0.8228426575660706,0.49977248907089233,0.8275839686393738,0.5140476226806641,0.8263623714447021,0.5129470825195312,0.8195028305053711,0.5087662935256958,0.8174585103988647
agarrar,0.45725691318511963,0.7920837998390198,0.46830376982688904,0.7980598211288452,0.48362457752227783,0.8173714876174927,0.5003970861434937,0.8347406387329102,0.516566812992096,0.8464587330818176,0.4893844723701477,0.8531088829040527,0.5099121928215027,0.8576921224594116,0.5209410190582275,0.8522807955741882,0.5243356227874756,0.8464494347572327,0.4908161163330078,0.8443857431411743,0.5093690752983093,0.8506606221199036,0.520245373249054,0.8441817164421082,0.5252261757850647,0.8402844071388245,0.49272727966308594,0.8352979421615601,0.509213924407959,0.8405628800392151,0.5178523063659668,0.8368418216705322,0.5231626033782959,0.8364312052726746,0.495416522026062,0.8264234066009521,0.5095556378364563,0.8304809927940369,0.5161932110786438,0.8308849334716797,0.5200340747833252,0.8330792188644409
agarrar,0.5605071187019348,0.8869910836219788,0.5457673072814941,0.837672770023346,0.5211169123649597,0.8155279159545898,0.49810951948165894,0.8061602711677551,0.48102492094039917,0.8097612261772156,0.49785488843917847,0.8997008800506592,0.4652552306652069,0.889208972454071,0.46182528138160706,0.8507262468338013,0.46729665994644165,0.8223326802253723,0.49696722626686096,0.9205304980278015,0.4635299742221832,0.904526948928833,0.46121087670326233,0.8635738492012024,0.4679625332355499,0.8362780809402466,0.49701642990112305,0.9255717396736145,0.4673132300376892,0.9109660983085632,0.46472057700157166,0.8732016086578369,0.4704887866973877,0.8473953008651733,0.49802517890930176,0.9199550151824951,0.4732949733734131,0.9062591791152954,0.46814197301864624,0.8758345246315002,0.47132164239883423,0.8529403209686279
agarrar,0.4152304530143738,0.9017244577407837,0.4342040419578552,0.870148241519928,0.4635251760482788,0.8558802008628845,0.4908505380153656,0.8630527257919312,0.5102477073669434,0.8658492565155029,0.45371174812316895,0.8313333988189697,0.4971413314342499,0.8499795198440552,0.4879809021949768,0.8702111840248108,0.4747094213962555,0.8721805214881897,0.4506694972515106,0.8578805923461914,0.4925972819328308,0.8749533891677856,0.48390811681747437,0.8933526277542114,0.4713185429573059,0.8916176557540894,0.4481135606765747,0.8880961537361145,0.48531535267829895,0.8983289003372192,0.47627654671669006,0.9141834378242493,0.4640001356601715,0.9140464663505554,0.44720229506492615,0.9183740019798279,0.47396668791770935,0.9186636805534363,0.46988406777381897,0.9273184537887573,0.4609917402267456,0.9278420209884644
agarrar,0.5399782657623291,0.9136003851890564,0.5220541954040527,0.9501857161521912,0.4910408556461334,0.9606844186782837,0.4648275077342987,0.9501593112945557,0.44799482822418213,0.9414680004119873,0.4852680265903473,0.9261642098426819,0.45145151019096375,0.9230479598045349,0.45897427201271057,0.9252738952636719,0.471301406621933,0.9246248006820679,0.48505687713623047,0.8977885246276855,0.45421409606933594,0.8947533369064331,0.4626478850841522,0.9038101434707642,0.4734707176685333,0.9100810885429382,0.48510080575942993,0.8770327568054199,0.45762717723846436,0.8797184824943542,0.46659547090530396,0.892594039440155,0.47689300775527954,0.9000433087348938,0.4858415722846985,0.8611065149307251,0.46281981468200684,0.8669967651367188,0.4685509204864502,0.8790812492370605,0.477341890335083,0.8857227563858032
agarrar,0.4334909915924072,0.8973435759544373,0.4652136564254761,0.8714036345481873,0.4877203106880188,0.8549097776412964,0.5041871070861816,0.852042019367218,0.5101227760314941,0.856226921081543,0.46816882491111755,0.7497991919517517,0.4992419481277466,0.7880328893661499,0.5026446580886841,0.8376856446266174,0.49319109320640564,0.8536620140075684,0.44401705265045166,0.7664971351623535,0.47976022958755493,0.8135067224502563,0.4850675165653229,0.866767168045044,0.4794314503669739,0.8795424699783325,0.42572981119155884,0.8018379211425781,0.458007276058197,0.8480250239372253,0.46805837750434875,0.888153612613678,0.46324536204338074,0.8945459723472595,0.4129164516925812,0.8426171541213989,0.43985459208488464,0.8890712261199951,0.45114147663116455,0.9112545251846313,0.4484158158302307,0.9106951951980591
agarrar,0.42434144020080566,0.8795973658561707,0.45627835392951965,0.8424314260482788,0.4802049994468689,0.8226771950721741,0.5027645826339722,0.8314880728721619,0.5241175889968872,0.8473135828971863,0.4544224143028259,0.7590211629867554,0.4891805350780487,0.7907440066337585,0.5018324851989746,0.8336578607559204,0.5012280344963074,0.8589715957641602,0.433339387178421,0.7869561314582825,0.4765469431877136,0.82966148853302,0.48803696036338806,0.8713663220405579,0.48539385199546814,0.8880388736724854,0.41912078857421875,0.8279466032981873,0.45945367217063904,0.8688268065452576,0.4725612699985504,0.8986449241638184,0.4701070487499237,0.907345712184906,0.4113893210887909,0.8709762692451477,0.44280874729156494,0.910847544670105,0.4575192630290985,0.9259966611862183,0.4595029950141907,0.9264143109321594
agarrar,0.41543835401535034,0.8600603938102722,0.4446791410446167,0.8285185694694519,0.4769146740436554,0.8120987415313721,0.504863440990448,0.814272940158844,0.5273513793945312,0.8111611008644104,0.4438081383705139,0.785794198513031,0.48070526123046875,0.8114010095596313,0.49694371223449707,0.8385052680969238,0.5011401176452637,0.8552606701850891,0.4271275997161865,0.8247389793395996,0.4748990535736084,0.8588826656341553,0.4936666488647461,0.8789559006690979,0.4956922233104706,0.8896881341934204,0.41749781370162964,0.8669418096542358,0.4619656205177307,0.9008543491363525,0.4800685942173004,0.9160449504852295,0.4814125895500183,0.9204725623130798,0.41351860761642456,0.9068223237991333,0.4485509991645813,0.9371770620346069,0.4667295217514038,0.943202555179596,0.47262686491012573,0.9415727257728577
agarrar,0.4045836925506592,0.8623937368392944,0.42959293723106384,0.8145717978477478,0.4685273766517639,0.7919746041297913,0.4978506565093994,0.790442168712616,0.5236219167709351,0.7845975756645203,0.44210049510002136,0.8111434578895569,0.4810427129268646,0.8378044366836548,0.5012728571891785,0.8481383323669434,0.503675103187561,0.8512918949127197,0.4303022623062134,0.8597310781478882,0.48318997025489807,0.8976649641990662,0.508836030960083,0.900012731552124,0.5099592208862305,0.8924064636230469,0.4237020015716553,0.9022281765937805,0.4739237427711487,0.9460135102272034,0.49645763635635376,0.9401178359985352,0.49786674976348877,0.922662615776062,0.42027798295021057,0.9330474734306335,0.4638786315917969,0.9718428254127502,0.48380526900291443,0.9646419286727905,0.48576757311820984,0.9442276954650879
agarrar,0.3958713710308075,0.8693969249725342,0.4184248447418213,0.8112685680389404,0.4554594159126282,0.7844699621200562,0.4869387745857239,0.7796279788017273,0.5134620666503906,0.7677807211875916,0.44696399569511414,0.8341584205627441,0.4890937805175781,0.8736809492111206,0.5151346921920776,0.8766620755195618,0.5238145589828491,0.8676856160163879,0.43958157300949097,0.8830997943878174,0.49534833431243896,0.9247406125068665,0.5226576328277588,0.9176727533340454,0.5281983613967896,0.8995426893234253,0.43426966667175293,0.9204635620117188,0.4848000705242157,0.9621256589889526,0.5097375512123108,0.9535642862319946,0.5167984962463379,0.9359596967697144,0.42931538820266724,0.9432395100593567,0.47045502066612244,0.9761171936988831,0.4921781122684479,0.9709769487380981,0.5011664628982544,0.9537627100944519
agarrar,0.3908816874027252,0.8847272992134094,0.41196611523628235,0.8163199424743652,0.44879522919654846,0.7855225205421448,0.4828515648841858,0.7805997729301453,0.5093224048614502,0.7667324542999268,0.4522440731525421,0.8528151512145996,0.49981489777565,0.8903812170028687,0.5262695550918579,0.8861196041107178,0.5388039350509644,0.8745455741882324,0.4497736394405365,0.903089702129364,0.5073912143707275,0.9397639036178589,0.5357556343078613,0.9199695587158203,0.5450252890586853,0.8942860960960388,0.4475376009941101,0.9339670538902283,0.5005558729171753,0.9695740938186646,0.5241191387176514,0.9491174221038818,0.531747043132782,0.9239362478256226,0.44523900747299194,0.9487938284873962,0.48702117800712585,0.9724308252334595,0.5077874064445496,0.9602866172790527,0.5173439979553223,0.9403311610221863
agarrar,0.3958503007888794,0.8974449038505554,0.41187167167663574,0.8241450786590576,0.44637978076934814,0.7903134822845459,0.4818651080131531,0.7856835126876831,0.5094638466835022,0.7735180258750916,0.45845896005630493,0.8727849721908569,0.5104175806045532,0.9007769823074341,0.5364421010017395,0.8869038820266724,0.5482861399650574,0.8687283992767334,0.4584729075431824,0.921639621257782,0.51860111951828,0.9442887902259827,0.5457936525344849,0.9173285365104675,0.55586838722229,0.889434278011322,0.4585393965244293,0.9475139379501343,0.5133903622627258,0.972267210483551,0.5348749160766602,0.9473332166671753,0.5421977639198303,0.9204894304275513,0.4586823582649231,0.9566782712936401,0.5012260675430298,0.9692237377166748,0.521255373954773,0.9537309408187866,0.5307340621948242,0.9341223239898682
agarrar,0.39887046813964844,0.9009233713150024,0.41513389348983765,0.8353475332260132,0.44758597016334534,0.8037475943565369,0.483159601688385,0.7941185832023621,0.5105918645858765,0.7804883718490601,0.4676620066165924,0.8861150145530701,0.5212092995643616,0.906523585319519,0.54662024974823,0.8881005644798279,0.5547698736190796,0.8668031692504883,0.4681519567966461,0.9316074252128601,0.5284515619277954,0.947143018245697,0.5530558228492737,0.9156187176704407,0.5577480792999268,0.8863717317581177,0.46763840317726135,0.9550877809524536,0.5219678282737732,0.9751745462417603,0.5427513718605042,0.9471786618232727,0.5475068092346191,0.9185277223587036,0.46615561842918396,0.9637995958328247,0.5086344480514526,0.9751167297363281,0.5272318124771118,0.95693439245224,0.5330634117126465,0.9349580407142639
agarrar,0.40410298109054565,0.9143519997596741,0.418545663356781,0.8461005091667175,0.4502471089363098,0.8133674263954163,0.4844488501548767,0.8020240068435669,0.512734591960907,0.7842968106269836,0.47523370385169983,0.89972984790802,0.5251049995422363,0.9172955751419067,0.5484384298324585,0.8967682123184204,0.5549127459526062,0.8731541633605957,0.4750317931175232,0.9404116868972778,0.5313626527786255,0.9506252408027649,0.5526498556137085,0.9200657606124878,0.5551906824111938,0.8927523493766785,0.4738060235977173,0.959763765335083,0.5251003503799438,0.9717287421226501,0.5422650575637817,0.9435730576515198,0.5441349744796753,0.915969729423523,0.47196346521377563,0.9657639265060425,0.5130311846733093,0.971970796585083,0.5297428965568542,0.9535537362098694,0.5338823199272156,0.9321012496948242
agarrar,0.4037681221961975,0.9315251111984253,0.4188198447227478,0.8609343767166138,0.45041924715042114,0.8279528021812439,0.48448121547698975,0.8156002759933472,0.51289963722229,0.7987779974937439,0.48199644684791565,0.9146331548690796,0.5342046022415161,0.9307177662849426,0.5501199960708618,0.9019037485122681,0.5489019155502319,0.8741807341575623,0.4808187484741211,0.950400710105896,0.5369166135787964,0.9577362537384033,0.5496712923049927,0.9151903390884399,0.5453741550445557,0.8873428106307983,0.4786417782306671,0.9655431509017944,0.5278952717781067,0.9680789113044739,0.5378444790840149,0.9284171462059021,0.5340052843093872,0.901746928691864,0.4755706787109375,0.9706176519393921,0.5145604014396667,0.968488872051239,0.5270565748214722,0.9408473968505859,0.5263187289237976,0.9169214963912964
agarrar,0.4112854599952698,0.9428300261497498,0.42433488368988037,0.8751358985900879,0.45310914516448975,0.844058632850647,0.4858108460903168,0.8316243290901184,0.514381468296051,0.8185752034187317,0.48775148391723633,0.9304723143577576,0.538530707359314,0.943808376789093,0.5520380139350891,0.9101569652557373,0.5476318001747131,0.8827629685401917,0.48625025153160095,0.9608100652694702,0.5401376485824585,0.9644671082496643,0.549680769443512,0.9179077744483948,0.5418047308921814,0.8909079432487488,0.4846768081188202,0.9711636304855347,0.5321879386901855,0.9685665369033813,0.5396264791488647,0.9252164363861084,0.5331014394760132,0.8995257616043091,0.48300087451934814,0.9726472496986389,0.5207165479660034,0.9630376100540161,0.530362069606781,0.9315266013145447,0.5269108414649963,0.9077361226081848
agarrar,0.41571855545043945,0.9405014514923096,0.4277770519256592,0.8828911781311035,0.4530203640460968,0.8571966886520386,0.48448851704597473,0.8436233401298523,0.5116537809371948,0.8310837149620056,0.49175602197647095,0.9393874406814575,0.5416483283042908,0.9509058594703674,0.5494521260261536,0.912783145904541,0.542421281337738,0.8835201263427734,0.49114295840263367,0.9620360732078552,0.541047215461731,0.9571318626403809,0.5463513135910034,0.9078908562660217,0.5377380847930908,0.8822184205055237,0.4900113344192505,0.968018114566803,0.5347113013267517,0.9580772519111633,0.5381722450256348,0.9135993123054504,0.5288301110267639,0.8889853358268738,0.4888632893562317,0.966598391532898,0.5238298773765564,0.9549227356910706,0.5299697518348694,0.9208813905715942,0.5234042406082153,0.8969092965126038
agarrar,0.4167776107788086,0.9371705055236816,0.43053504824638367,0.8829407095909119,0.4578503370285034,0.8597177267074585,0.4893937408924103,0.8467620611190796,0.5150869488716125,0.8345626592636108,0.49628132581710815,0.9399628639221191,0.5449519753456116,0.949784517288208,0.5509334802627563,0.9106435775756836,0.5413520932197571,0.8843996524810791,0.4948500692844391,0.958078920841217,0.543267011642456,0.9537018537521362,0.547049880027771,0.9051281809806824,0.5376941561698914,0.8823570013046265,0.492669939994812,0.9611808657646179,0.5355997681617737,0.9524607062339783,0.53875333070755,0.9091156125068665,0.529222309589386,0.8876557350158691,0.49095338582992554,0.958153247833252,0.5252783298492432,0.947761595249176,0.5312978029251099,0.9153544306755066,0.5240418314933777,0.8946416974067688
agarrar,0.41865435242652893,0.9356603622436523,0.4324852228164673,0.8819365501403809,0.46043938398361206,0.8590869307518005,0.4925534725189209,0.8434499502182007,0.5187519788742065,0.8311694860458374,0.5006163716316223,0.9365285038948059,0.5478806495666504,0.9444897174835205,0.5510596632957458,0.9060550332069397,0.5403700470924377,0.8827985525131226,0.49903249740600586,0.9535550475120544,0.5449236631393433,0.9450389742851257,0.5452132821083069,0.8971128463745117,0.5344539284706116,0.8782711029052734,0.4965140223503113,0.9558534622192383,0.5376849174499512,0.9433837532997131,0.5374488234519958,0.900199294090271,0.5260071158409119,0.882452130317688,0.4943300783634186,0.9529554843902588,0.5287577509880066,0.9396863579750061,0.5322381258010864,0.9076906442642212,0.5228387713432312,0.8898400068283081
agarrar,0.4230857491493225,0.9247834086418152,0.4375706911087036,0.8762394785881042,0.4650425910949707,0.8550070524215698,0.49593982100486755,0.8395288586616516,0.5206228494644165,0.8256183862686157,0.5020880699157715,0.9299623966217041,0.5486485362052917,0.9371950030326843,0.551155686378479,0.9017348885536194,0.5401517748832703,0.8767492175102234,0.4999033510684967,0.9451272487640381,0.5431213974952698,0.9347000122070312,0.543891429901123,0.8914835453033447,0.5342256426811218,0.8708973526954651,0.4959907829761505,0.946357011795044,0.5340123176574707,0.9325989484786987,0.5344260334968567,0.8953971862792969,0.5241551995277405,0.8754675984382629,0.4926403760910034,0.9426292181015015,0.5227678418159485,0.9293237924575806,0.526214599609375,0.9011741876602173,0.518567681312561,0.8812930583953857
agarrar,0.4279424846172333,0.9197196364402771,0.44190752506256104,0.8703086376190186,0.4698392450809479,0.8490018248558044,0.5002284646034241,0.8345248699188232,0.5241524577140808,0.8213368654251099,0.5054078698158264,0.9228519797325134,0.5506918430328369,0.9291816353797913,0.5563151240348816,0.8959327936172485,0.5470080375671387,0.8731285929679871,0.5025672316551208,0.9347698092460632,0.5428063273429871,0.9248130917549133,0.5463880896568298,0.8839275240898132,0.5397480726242065,0.8651021718978882,0.4975948631763458,0.933972954750061,0.5309816002845764,0.9176878333091736,0.534113883972168,0.8835881352424622,0.5273030400276184,0.8650844693183899,0.4938083291053772,0.9287179112434387,0.5197473764419556,0.911384642124176,0.5237211585044861,0.8846166729927063,0.5178207159042358,0.8661400675773621
agarrar,0.4332609474658966,0.9119150042533875,0.4467982351779938,0.8644976019859314,0.4737496078014374,0.8432772755622864,0.5030955672264099,0.8285143971443176,0.527329683303833,0.8128573298454285,0.5107237100601196,0.9202809929847717,0.5536006689071655,0.9157248139381409,0.556739091873169,0.8799715042114258,0.5465894341468811,0.8576692342758179,0.5077586770057678,0.9333697557449341,0.5449215769767761,0.9135777950286865,0.5449589490890503,0.8729628920555115,0.5362845063209534,0.8558976650238037,0.5032379627227783,0.9324163794517517,0.5346764326095581,0.9092684388160706,0.5346447229385376,0.8756043910980225,0.5256702303886414,0.8595066666603088,0.49998655915260315,0.9267277121543884,0.5263293385505676,0.9074692130088806,0.5280410051345825,0.8811262249946594,0.5202588438987732,0.8639121055603027
agarrar,0.4371117949485779,0.9080818891525269,0.44984543323516846,0.8648809790611267,0.4759494364261627,0.8459684252738953,0.5057498216629028,0.8299268484115601,0.5297011733055115,0.8158418536186218,0.5154647827148438,0.9214600920677185,0.556621789932251,0.901676595211029,0.5542274713516235,0.8680434823036194,0.5412364602088928,0.8513141870498657,0.5138351321220398,0.9357236623764038,0.5502175092697144,0.9028088450431824,0.5434591174125671,0.8659430742263794,0.5301216840744019,0.8535960912704468,0.5110280513763428,0.9347379207611084,0.5427284240722656,0.8985564708709717,0.5359299778938293,0.8673734068870544,0.5226681232452393,0.8576235175132751,0.5092140436172485,0.9285788536071777,0.5359112024307251,0.900225043296814,0.5320823192596436,0.8763071298599243,0.5210602879524231,0.8655373454093933
agarrar,0.4372216761112213,0.9126622676849365,0.4523424506187439,0.8693026900291443,0.4783898591995239,0.8502101898193359,0.5095289945602417,0.8363571763038635,0.5340017080307007,0.8253957033157349,0.5192444920539856,0.9303343892097473,0.5601300597190857,0.8973954916000366,0.554634153842926,0.8620267510414124,0.5398117303848267,0.8470410108566284,0.5198448300361633,0.948522686958313,0.5541314482688904,0.9054481983184814,0.5438746809959412,0.8675698041915894,0.5292101502418518,0.8565224409103394,0.5181277394294739,0.9483899474143982,0.5496912598609924,0.9058486223220825,0.5414894819259644,0.8726642727851868,0.527581512928009,0.8624407649040222,0.5168773531913757,0.9418206810951233,0.5442584156990051,0.9083106517791748,0.539344072341919,0.8832147121429443,0.5276381969451904,0.8730384111404419
agarrar,0.44508910179138184,0.9068452715873718,0.45708411931991577,0.8694236278533936,0.48296281695365906,0.8562420606613159,0.514413058757782,0.8450909852981567,0.5397065877914429,0.830708384513855,0.5239852666854858,0.9364815354347229,0.5629242658615112,0.8958641290664673,0.5523509979248047,0.8629336953163147,0.5373782515525818,0.855469822883606,0.5257149338722229,0.9528292417526245,0.5579196810722351,0.898049533367157,0.543258786201477,0.8665047883987427,0.5290371179580688,0.8635407090187073,0.5250889658927917,0.9507107734680176,0.5540109276771545,0.8980576992034912,0.541573703289032,0.8712961077690125,0.5280423164367676,0.8694839477539062,0.5247272253036499,0.9423661231994629,0.5499612092971802,0.902521550655365,0.5413567423820496,0.881931722164154,0.5287681818008423,0.8776718378067017
agarrar,0.44697999954223633,0.9195793867111206,0.459961861371994,0.8795733451843262,0.4857346713542938,0.8647914528846741,0.5175221562385559,0.8523706197738647,0.5428215265274048,0.8337240219116211,0.525712788105011,0.9482972025871277,0.5650508999824524,0.8996698260307312,0.5521037578582764,0.8654996156692505,0.5361655354499817,0.859055757522583,0.5288174152374268,0.9651244878768921,0.5629845261573792,0.905415415763855,0.5476694107055664,0.8737309575080872,0.5328956246376038,0.8709049820899963,0.5292338728904724,0.964637041091919,0.5600700974464417,0.9094173908233643,0.546887218952179,0.8813173770904541,0.5328575372695923,0.8796267509460449,0.529720664024353,0.9581052660942078,0.5555481314659119,0.9178363084793091,0.5461308360099792,0.896563708782196,0.5331090688705444,0.8936872482299805
agarrar,0.4494384229183197,0.9243867993354797,0.4615272879600525,0.8863834738731384,0.4865255057811737,0.8708779215812683,0.5182085037231445,0.8597319722175598,0.5444032549858093,0.8427027463912964,0.5258716940879822,0.9577528834342957,0.5653330683708191,0.9029865264892578,0.5517786741256714,0.870604932308197,0.5357766151428223,0.8657210469245911,0.5300911664962769,0.9741219878196716,0.56270831823349,0.9082474708557129,0.5475005507469177,0.8801952600479126,0.5328853726387024,0.8785030841827393,0.5309577584266663,0.9722949862480164,0.5598825812339783,0.9142792820930481,0.5479226112365723,0.8886638879776001,0.5346078276634216,0.8865509629249573,0.5315021276473999,0.9645851254463196,0.5544899702072144,0.9230537414550781,0.5460247993469238,0.9028793573379517,0.5339169502258301,0.8998329639434814
agarrar,0.4484526515007019,0.9290810823440552,0.4626806974411011,0.8869928121566772,0.4878964424133301,0.8691414594650269,0.519015908241272,0.8587238788604736,0.5452286601066589,0.8480694890022278,0.5264782905578613,0.9603914022445679,0.5630548000335693,0.9042044878005981,0.548692524433136,0.874683678150177,0.5338581204414368,0.8746138215065002,0.5303070545196533,0.9773561954498291,0.5631636381149292,0.9137442111968994,0.547278642654419,0.8847865462303162,0.5320907235145569,0.8841133713722229,0.5308735370635986,0.9765282273292542,0.5597976446151733,0.9201382398605347,0.5471761226654053,0.8927015066146851,0.5334148406982422,0.8916405439376831,0.530440628528595,0.9696518778800964,0.5536877512931824,0.9268576502799988,0.5445280075073242,0.9067460894584656,0.5322454571723938,0.9069175720214844
agarrar,0.45039230585098267,0.9316080212593079,0.4630253314971924,0.8885209560394287,0.4871331453323364,0.8700972199440002,0.5182334780693054,0.859595537185669,0.5446777939796448,0.8500992059707642,0.524988055229187,0.9596223831176758,0.5626839399337769,0.9041392803192139,0.5480059385299683,0.8756577968597412,0.533684492111206,0.8772003054618835,0.529951810836792,0.9780012965202332,0.5633375644683838,0.9134238958358765,0.5468427538871765,0.8854072093963623,0.5315588712692261,0.8861880302429199,0.5312644243240356,0.9780363440513611,0.5603936314582825,0.9203924536705017,0.5471524000167847,0.8932406902313232,0.5331904888153076,0.8932142853736877,0.5313544273376465,0.9719181656837463,0.5541066527366638,0.9277735352516174,0.5446244478225708,0.9080875515937805,0.532105565071106,0.9087992906570435
agarrar,0.4488086998462677,0.9316546320915222,0.4612171947956085,0.8889812231063843,0.48595130443573,0.8718922734260559,0.517405092716217,0.8619742393493652,0.5440840125083923,0.8520383238792419,0.52383953332901,0.958747923374176,0.5622370839118958,0.9059880971908569,0.5485778450965881,0.8770425319671631,0.5338048338890076,0.8771395087242126,0.5280119180679321,0.9772011041641235,0.5624154806137085,0.916159987449646,0.5465893745422363,0.8885200023651123,0.5318148136138916,0.889177680015564,0.5294029116630554,0.9779224991798401,0.5590862035751343,0.9226470589637756,0.5465489029884338,0.8960262537002563,0.5335636734962463,0.896294116973877,0.529869556427002,0.9728764891624451,0.5533850789070129,0.9298062920570374,0.5445092916488647,0.9101685285568237,0.5328309535980225,0.9104893207550049
agarrar,0.44759124517440796,0.9351494312286377,0.45985594391822815,0.889878511428833,0.48508724570274353,0.8747053742408752,0.5177990794181824,0.8664925694465637,0.5447773337364197,0.8549294471740723,0.522282063961029,0.9613333940505981,0.5628480315208435,0.9083985090255737,0.549199104309082,0.8774794340133667,0.5331670045852661,0.8739244341850281,0.5272094011306763,0.9796599745750427,0.5610352754592896,0.9167965054512024,0.5444523096084595,0.8889796137809753,0.5291972160339355,0.8893461227416992,0.5288880467414856,0.9795553088188171,0.5567538738250732,0.9210801124572754,0.543287456035614,0.8946940898895264,0.5304297804832458,0.8954192399978638,0.529890775680542,0.9729183912277222,0.5517714023590088,0.9272341132164001,0.5419953465461731,0.9083260297775269,0.5306254625320435,0.9096037149429321
agarrar,0.6118446588516235,0.917060136795044,0.5736825466156006,0.9366589784622192,0.5446172952651978,0.9187655448913574,0.5255241394042969,0.9011927843093872,0.5096414685249329,0.8905584812164307,0.531406581401825,0.8285756707191467,0.5007449984550476,0.886707603931427,0.5093333125114441,0.9196808934211731,0.5192797183990479,0.9237788319587708,0.5354806780815125,0.8232836127281189,0.5019251704216003,0.8869810700416565,0.5104168057441711,0.917443037033081,0.5186978578567505,0.9207685589790344,0.5397654175758362,0.8276244401931763,0.5065767168998718,0.8881862163543701,0.516113817691803,0.9159595370292664,0.525644063949585,0.9155668616294861,0.5433219075202942,0.8374366164207458,0.5151340365409851,0.8813533186912537,0.5191227793693542,0.9042377471923828,0.5262625217437744,0.9088361263275146
agarrar,0.6135663986206055,0.9183046817779541,0.5767070651054382,0.943194568157196,0.545702338218689,0.9301329255104065,0.5231679081916809,0.919870913028717,0.5050353407859802,0.9189611077308655,0.5321153402328491,0.831790030002594,0.4966779053211212,0.885205864906311,0.49032658338546753,0.9221818447113037,0.48552143573760986,0.9328105449676514,0.5356254577636719,0.8260806798934937,0.4978126585483551,0.8836463093757629,0.4896434545516968,0.9173372983932495,0.48155635595321655,0.9263774156570435,0.5403820872306824,0.8321335315704346,0.502800703048706,0.8872355222702026,0.49862906336784363,0.9178610444068909,0.4962150454521179,0.9218576550483704,0.5440376996994019,0.8459081053733826,0.5140246748924255,0.8846084475517273,0.508075475692749,0.9085274934768677,0.5064507722854614,0.9155126214027405
agarrar,0.615002453327179,0.9192632436752319,0.5767869353294373,0.9433659315109253,0.5467288494110107,0.932344377040863,0.5242863893508911,0.9230473041534424,0.5068150162696838,0.9238545894622803,0.5307896137237549,0.8359143137931824,0.497518926858902,0.8866434693336487,0.4919414222240448,0.9244270324707031,0.48866671323776245,0.9380362629890442,0.5351480841636658,0.8290588855743408,0.5015367269515991,0.8875764608383179,0.49769243597984314,0.9193646311759949,0.4944475293159485,0.9309539198875427,0.5406604409217834,0.8350033164024353,0.5080294013023376,0.89013671875,0.5057621598243713,0.9192293882369995,0.5045702457427979,0.9271264672279358,0.5456068515777588,0.8500781655311584,0.5174809098243713,0.8859987854957581,0.509363055229187,0.9082847237586975,0.5046149492263794,0.9193558692932129
agarrar,0.6137690544128418,0.9214478135108948,0.5779644846916199,0.9466767311096191,0.5486637353897095,0.9327306747436523,0.527914822101593,0.9196856021881104,0.5108472108840942,0.9164579510688782,0.5328823328018188,0.8318521976470947,0.49610665440559387,0.8860201835632324,0.49375253915786743,0.9250024557113647,0.4947214424610138,0.936773955821991,0.5362906455993652,0.8278615474700928,0.4990490972995758,0.8867381811141968,0.4935052692890167,0.9200211763381958,0.48918455839157104,0.932425856590271,0.5411482453346252,0.8353734612464905,0.504655122756958,0.8902117013931274,0.5010062456130981,0.9196043014526367,0.4990585446357727,0.9262264370918274,0.5458366870880127,0.8512420654296875,0.5154142379760742,0.8919545412063599,0.5116923451423645,0.9149962067604065,0.5123874545097351,0.9223389625549316
agarrar,0.6145074963569641,0.9207448959350586,0.5772708058357239,0.9461331963539124,0.5496981143951416,0.9380207061767578,0.5290985703468323,0.9345812797546387,0.5149097442626953,0.9387968182563782,0.5326493978500366,0.8319142460823059,0.49737748503685,0.8885759711265564,0.5047851204872131,0.924445390701294,0.5148866176605225,0.9308310747146606,0.5365647077560425,0.8286363482475281,0.5007202625274658,0.8916527032852173,0.5060468912124634,0.9206522703170776,0.5113354921340942,0.9245004653930664,0.5415381193161011,0.8366521000862122,0.5070258975028992,0.8929767608642578,0.5115661025047302,0.9198232293128967,0.5169199109077454,0.9219443798065186,0.5458930730819702,0.8524195551872253,0.5165419578552246,0.8929750919342041,0.5149316191673279,0.9144891500473022,0.5176263451576233,0.9210506677627563
agarrar,0.6161035895347595,0.9219731688499451,0.5806677937507629,0.9481306076049805,0.5532532334327698,0.938008725643158,0.5342339873313904,0.932064414024353,0.5189380049705505,0.9406819343566895,0.5318388938903809,0.834544837474823,0.49226105213165283,0.8819563984870911,0.4770814776420593,0.9195336103439331,0.46718889474868774,0.9373674988746643,0.5358390212059021,0.8296195268630981,0.49666228890419006,0.8824433088302612,0.48251304030418396,0.9170457720756531,0.4709501564502716,0.9331202507019043,0.541780948638916,0.8377728462219238,0.5035308003425598,0.8871006965637207,0.49160832166671753,0.917052149772644,0.4831974506378174,0.9266508221626282,0.5468062162399292,0.855806827545166,0.5161092281341553,0.8902429342269897,0.5063782930374146,0.9125822186470032,0.5018265247344971,0.9229314923286438
agora,0.4518996775150299,0.8082587718963623,0.4698140323162079,0.8106901049613953,0.4872070550918579,0.8281557559967041,0.5045337677001953,0.8452525734901428,0.5227456092834473,0.8579431176185608,0.49369367957115173,0.8473640084266663,0.5110286474227905,0.8530138731002808,0.519371747970581,0.8519257307052612,0.5204176902770996,0.8500927686691284,0.4900263547897339,0.8467027544975281,0.5083003044128418,0.8539823293685913,0.5149677395820618,0.8493775725364685,0.5170927047729492,0.8479846119880676,0.4879399240016937,0.8443508148193359,0.5037453770637512,0.8513757586479187,0.5080549716949463,0.8490166068077087,0.509495198726654,0.8492177128791809,0.4879593253135681,0.8418950438499451,0.5003237128257751,0.8468767404556274,0.5050638914108276,0.8484111428260803,0.5070858001708984,0.8507611155509949
agora,0.45294907689094543,0.8095673322677612,0.46909353137016296,0.8092659711837769,0.48653239011764526,0.8259986042976379,0.5042654275894165,0.8440823554992676,0.5211201310157776,0.8588226437568665,0.4915793240070343,0.8469148874282837,0.5097095370292664,0.855920672416687,0.5170419216156006,0.8521217107772827,0.5172695517539978,0.84809410572052,0.4887826144695282,0.8490757942199707,0.5074706077575684,0.857681393623352,0.5140321254730225,0.8504348993301392,0.5137475728988647,0.8459956049919128,0.4873313307762146,0.8489068746566772,0.5035416483879089,0.8556798696517944,0.5072221159934998,0.8503087162971497,0.5067660212516785,0.8477327227592468,0.488108366727829,0.8480866551399231,0.5009726881980896,0.8529353737831116,0.5048632025718689,0.8517552018165588,0.5051559209823608,0.8513488173484802
agora,0.5536820292472839,0.827135443687439,0.5350404381752014,0.8090632557868958,0.512245774269104,0.7912382483482361,0.4927876591682434,0.7845601439476013,0.47807416319847107,0.780184268951416,0.5129778981208801,0.7594785690307617,0.48539406061172485,0.786141037940979,0.4897920787334442,0.8038012981414795,0.4970102310180664,0.8022898435592651,0.5189597606658936,0.7728859186172485,0.48953282833099365,0.8036324977874756,0.495719313621521,0.8177099823951721,0.5036776065826416,0.8166953921318054,0.5236092805862427,0.7911264896392822,0.49677348136901855,0.821445107460022,0.5039333701133728,0.8340357542037964,0.5121619701385498,0.8342400789260864,0.5277103185653687,0.8108896613121033,0.5058407783508301,0.8335363864898682,0.510011613368988,0.8435026407241821,0.5163125991821289,0.8447957038879395
agora,0.5533870458602905,0.8284611701965332,0.5348917245864868,0.8088127970695496,0.5122150182723999,0.7910259366035461,0.4928106665611267,0.7847209572792053,0.47789376974105835,0.780888020992279,0.512582004070282,0.7587190866470337,0.4856557846069336,0.7855252027511597,0.48988720774650574,0.8039988279342651,0.4968547821044922,0.8030093908309937,0.5189513564109802,0.7726748585700989,0.49075525999069214,0.8036196231842041,0.49679630994796753,0.8171885013580322,0.5046349167823792,0.8170709609985352,0.5240395665168762,0.7915970087051392,0.49819087982177734,0.8216139078140259,0.5056528449058533,0.8341551423072815,0.5141810774803162,0.8351360559463501,0.5283653736114502,0.8119553327560425,0.5060179829597473,0.8312473893165588,0.5078972578048706,0.8410562872886658,0.5124871730804443,0.8439651727676392
agora,0.5545845031738281,0.8298172950744629,0.5357828736305237,0.8099387288093567,0.5125066041946411,0.7909501791000366,0.4926958382129669,0.7830979228019714,0.4777876138687134,0.7766080498695374,0.5135564804077148,0.7597566843032837,0.48561736941337585,0.7847293615341187,0.48987817764282227,0.8023720979690552,0.49742844700813293,0.8015525341033936,0.5197449922561646,0.7740103602409363,0.4906107485294342,0.8031579852104187,0.4965972900390625,0.8165523409843445,0.5044299960136414,0.8159925937652588,0.5243955850601196,0.7928908467292786,0.49764057993888855,0.8202298283576965,0.5046883821487427,0.8319781422615051,0.5127162337303162,0.8327756524085999,0.5283327698707581,0.8133206963539124,0.5065711140632629,0.8329395055770874,0.5109751224517822,0.8430273532867432,0.5172507166862488,0.8454731702804565
agora,0.4550012946128845,0.7850155234336853,0.4697748124599457,0.7941300272941589,0.48623421788215637,0.8142066597938538,0.5018771290779114,0.8310003280639648,0.5157493352890015,0.8473322987556458,0.49197685718536377,0.832669734954834,0.5069076418876648,0.8380575180053711,0.509288489818573,0.8348453044891357,0.5075715780258179,0.8337509036064148,0.4908818006515503,0.8200111985206604,0.5046565532684326,0.8232943415641785,0.5080102682113647,0.8188655376434326,0.5082298517227173,0.8169893622398376,0.4898033142089844,0.8072856068611145,0.5021785497665405,0.8091655373573303,0.503228485584259,0.806305468082428,0.5031281113624573,0.8058674335479736,0.49013829231262207,0.7964557409286499,0.4992448091506958,0.7944180965423584,0.4987129271030426,0.7933793663978577,0.4966658651828766,0.7948229312896729
agora,0.5801810026168823,0.690147876739502,0.5720783472061157,0.6568499803543091,0.5567526817321777,0.6312509775161743,0.5408526062965393,0.6224509477615356,0.5272707343101501,0.6261652112007141,0.5522288084030151,0.6250585317611694,0.5282057523727417,0.621006429195404,0.5156479477882385,0.6313760280609131,0.5085266828536987,0.643288791179657,0.5504085421562195,0.6397270560264587,0.5245118737220764,0.6373224258422852,0.5105017423629761,0.6464665532112122,0.5028783679008484,0.6596779227256775,0.5491218566894531,0.6584939360618591,0.5224041938781738,0.6569696664810181,0.5073060989379883,0.6639249920845032,0.49836260080337524,0.6748170256614685,0.5480019450187683,0.6801611185073853,0.5237595438957214,0.6893011927604675,0.5101768970489502,0.6974427103996277,0.501091718673706,0.7078940868377686
agora,0.6656822562217712,0.532132625579834,0.6889111995697021,0.491123229265213,0.7103354930877686,0.4654495418071747,0.7253427505493164,0.44391611218452454,0.7408357858657837,0.42575156688690186,0.7084133625030518,0.49166837334632874,0.7178434133529663,0.47549811005592346,0.7272418141365051,0.4654919505119324,0.736441433429718,0.45445290207862854,0.6972671151161194,0.498736709356308,0.7084822654724121,0.4858171343803406,0.716914176940918,0.4726364016532898,0.7252649068832397,0.458889901638031,0.6851990222930908,0.5040922164916992,0.6932960748672485,0.49610957503318787,0.7012126445770264,0.4862902760505676,0.7078335285186768,0.47634220123291016,0.672444224357605,0.5071381330490112,0.6771348118782043,0.5071060657501221,0.682516872882843,0.5048484802246094,0.6874596476554871,0.5001532435417175
agora,0.697534441947937,0.4929826855659485,0.7277174592018127,0.4569185972213745,0.7557070851325989,0.4368468225002289,0.7744250893592834,0.42109033465385437,0.79151451587677,0.4074838161468506,0.746700644493103,0.44860097765922546,0.7625589370727539,0.44290030002593994,0.7722254991531372,0.4347994029521942,0.7820283770561218,0.4266093373298645,0.7325202822685242,0.4624028205871582,0.7478488087654114,0.4597718119621277,0.7555093765258789,0.45774930715560913,0.7635154724121094,0.45584556460380554,0.7188498973846436,0.4755590558052063,0.7294370532035828,0.47432294487953186,0.7354163527488708,0.47453638911247253,0.740190863609314,0.4742054343223572,0.7053239345550537,0.4851441979408264,0.710587739944458,0.4846242666244507,0.7136511206626892,0.48655447363853455,0.7162005305290222,0.48815298080444336
agora,0.7154764533042908,0.48639801144599915,0.7450392246246338,0.4615740180015564,0.772248387336731,0.448376327753067,0.7927414774894714,0.4368385076522827,0.8115322589874268,0.42436158657073975,0.7650169730186462,0.45331132411956787,0.7840946912765503,0.45482558012008667,0.7954015135765076,0.44976142048835754,0.8066800236701965,0.44371774792671204,0.7542184591293335,0.463303804397583,0.7717736959457397,0.4720368981361389,0.7818787693977356,0.47281157970428467,0.7928082346916199,0.47372886538505554,0.7414841651916504,0.47343528270721436,0.7552813291549683,0.48028895258903503,0.7618903517723083,0.4844285547733307,0.7683640122413635,0.4882817566394806,0.7272628545761108,0.48006677627563477,0.7335519790649414,0.48525869846343994,0.73790442943573,0.4896886646747589,0.7424808144569397,0.4960814118385315
agora,0.7158021330833435,0.4943412244319916,0.7395493388175964,0.47875234484672546,0.7658564448356628,0.4743306338787079,0.7865466475486755,0.46996426582336426,0.8042517900466919,0.46241894364356995,0.7567287087440491,0.48869144916534424,0.7707578539848328,0.4969314932823181,0.7787248492240906,0.5009449124336243,0.7859830856323242,0.5025839805603027,0.7457864880561829,0.5000551342964172,0.7593368887901306,0.5080375075340271,0.769303023815155,0.5104979276657104,0.7767885327339172,0.5101354718208313,0.7329335808753967,0.508662223815918,0.7417963743209839,0.5162554383277893,0.7483958005905151,0.5194940567016602,0.7535935640335083,0.5205698013305664,0.7187327146530151,0.5136497020721436,0.7228384017944336,0.5185816884040833,0.725918173789978,0.5200567841529846,0.7286491394042969,0.5204547047615051
agora,0.6249068975448608,0.5752701759338379,0.6298943758010864,0.5453444719314575,0.6449375748634338,0.5300730466842651,0.6591031551361084,0.5319712162017822,0.6686956286430359,0.5370088815689087,0.6675233840942383,0.5258103609085083,0.6913880109786987,0.515986979007721,0.7064695954322815,0.509845495223999,0.7188622355461121,0.505068302154541,0.6709093451499939,0.5439205169677734,0.6899054646492004,0.5295374393463135,0.6948388814926147,0.5208001732826233,0.6988082528114319,0.5150516629219055,0.6709643006324768,0.5608813166618347,0.6844978928565979,0.5504468083381653,0.6790915727615356,0.5478836894035339,0.6721690893173218,0.5480175614356995,0.6693630814552307,0.5752714276313782,0.6811783313751221,0.5660427212715149,0.6781566739082336,0.5618296265602112,0.6724991202354431,0.5606420636177063
agora,0.6144266724586487,0.569550633430481,0.5986707210540771,0.585503339767456,0.5842686891555786,0.6041831374168396,0.5757583975791931,0.6197511553764343,0.5685596466064453,0.6336677670478821,0.5776875615119934,0.606169581413269,0.56446373462677,0.6254541277885437,0.5581575036048889,0.6418038606643677,0.5541907548904419,0.6551475524902344,0.583347737789154,0.6069132685661316,0.570526123046875,0.6269152760505676,0.5629695057868958,0.6433908343315125,0.5577102899551392,0.6567453145980835,0.5923369526863098,0.6054364442825317,0.5822815895080566,0.62425297498703,0.5745686292648315,0.638549268245697,0.5676316022872925,0.6502307653427124,0.6034121513366699,0.603445827960968,0.5985162258148193,0.620759129524231,0.593934178352356,0.632904589176178,0.5895451903343201,0.6436823606491089
agora,0.5892783403396606,0.6258727312088013,0.5870356559753418,0.5835121870040894,0.58150315284729,0.5411336421966553,0.5731858015060425,0.5094684362411499,0.5645338892936707,0.4918932318687439,0.590865433216095,0.5670499205589294,0.577287495136261,0.5407841205596924,0.5634211301803589,0.5243295431137085,0.5514266490936279,0.5128092169761658,0.586847186088562,0.594927966594696,0.570608913898468,0.5721095204353333,0.5527992248535156,0.5530533790588379,0.5382878184318542,0.5396971106529236,0.5802005529403687,0.6202841997146606,0.5636964440345764,0.6001157164573669,0.5475704073905945,0.5824004411697388,0.5349344611167908,0.5684093236923218,0.5717258453369141,0.6420481204986572,0.5581286549568176,0.6286294460296631,0.5478828549385071,0.6153842806816101,0.539320170879364,0.6044256687164307
agora,0.5877169370651245,0.6373220682144165,0.5769641399383545,0.603081226348877,0.5620549321174622,0.5767036080360413,0.5439744591712952,0.5657903552055359,0.5283322930335999,0.5645372867584229,0.5680937767028809,0.5572026968002319,0.5390164256095886,0.5389857292175293,0.5206720232963562,0.5404993295669556,0.5078011155128479,0.5436321496963501,0.5702415108680725,0.580254077911377,0.5365813970565796,0.565566897392273,0.515662670135498,0.5698246359825134,0.5022032856941223,0.5752822160720825,0.568720281124115,0.6069684624671936,0.5377292037010193,0.5938274264335632,0.5178757309913635,0.5951238870620728,0.5049191117286682,0.5963509678840637,0.5647239089012146,0.6328020095825195,0.5408673286437988,0.6231427192687988,0.5266870260238647,0.619854748249054,0.5161522030830383,0.6170952320098877
agora,0.4282565414905548,0.7063952684402466,0.4393097460269928,0.6703441739082336,0.4605127274990082,0.6651527881622314,0.48213300108909607,0.6756439805030823,0.4986467659473419,0.6848368644714355,0.47202068567276,0.7240379452705383,0.5033283233642578,0.7327426671981812,0.5182568430900574,0.7149637341499329,0.524699330329895,0.6968243718147278,0.4713825285434723,0.7406212091445923,0.5042057037353516,0.7475190758705139,0.5194913744926453,0.7264378666877747,0.5244349241256714,0.7051903605461121,0.47108468413352966,0.7454187273979187,0.5013737082481384,0.7490578889846802,0.5157920122146606,0.7306169867515564,0.5225788354873657,0.712017834186554,0.47282645106315613,0.7423828840255737,0.4956609904766083,0.7421721816062927,0.508033037185669,0.7309772372245789,0.5153292417526245,0.7174444198608398
agora,0.4440906047821045,0.7612546682357788,0.4569512903690338,0.7384634613990784,0.47712764143943787,0.7430964112281799,0.4969310462474823,0.756101667881012,0.512876570224762,0.7656277418136597,0.4853455424308777,0.7898767590522766,0.5099934339523315,0.788520097732544,0.5176873207092285,0.7731620669364929,0.5168870687484741,0.761775553226471,0.485090434551239,0.8010572791099548,0.507546603679657,0.7948459386825562,0.5171517729759216,0.7801317572593689,0.5184768438339233,0.7666803002357483,0.4846865236759186,0.8037776947021484,0.5058914422988892,0.7970380783081055,0.5137469172477722,0.7827360033988953,0.5162215828895569,0.7708197236061096,0.48595020174980164,0.8017260432243347,0.5040342807769775,0.7958462834358215,0.5107807517051697,0.7861426472663879,0.5134370923042297,0.7773563265800476
agora,0.5680434107780457,0.7849293351173401,0.5480116605758667,0.7721154689788818,0.5281352996826172,0.7575798630714417,0.5114182829856873,0.7540996074676514,0.4999081492424011,0.761062741279602,0.5184534788131714,0.7259153127670288,0.48637616634368896,0.7506066560745239,0.4896603524684906,0.7735146880149841,0.5000712871551514,0.7815895676612854,0.521165132522583,0.7341271042823792,0.4872421622276306,0.7596622705459595,0.49291524291038513,0.7833625078201294,0.5033714175224304,0.7944226861000061,0.5244895219802856,0.748917281627655,0.4936507046222687,0.7765907645225525,0.5020266771316528,0.8005346655845642,0.5142011046409607,0.8114216327667236,0.5286848545074463,0.7669558525085449,0.5034406781196594,0.7823298573493958,0.5050987601280212,0.7991897463798523,0.5116987824440002,0.8105566501617432
agora,0.45463699102401733,0.8172436952590942,0.4732898473739624,0.807564914226532,0.4935896098613739,0.8178609609603882,0.5129995942115784,0.8318048715591431,0.530968427658081,0.8411157727241516,0.49844890832901,0.859167218208313,0.5186025500297546,0.8511803150177002,0.5240656733512878,0.8349815011024475,0.5221791863441467,0.8257150053977966,0.49520161747932434,0.8617392778396606,0.5142816305160522,0.8519126772880554,0.5188403129577637,0.8343321681022644,0.516685962677002,0.8256263136863708,0.4932769238948822,0.8594515919685364,0.5097000002861023,0.8499034643173218,0.512492835521698,0.8354186415672302,0.5104913115501404,0.8294841051101685,0.4934595227241516,0.8557759523391724,0.507558286190033,0.8468056321144104,0.5108309388160706,0.8364548683166504,0.5098873376846313,0.831920862197876
agora,0.4569680690765381,0.8198187351226807,0.4770487844944,0.8214130997657776,0.4950973093509674,0.8378937244415283,0.5125716328620911,0.853173553943634,0.5296269655227661,0.8619316816329956,0.49930402636528015,0.8719992637634277,0.5183461308479309,0.8716045618057251,0.5280959606170654,0.8623021245002747,0.5300668478012085,0.8538408279418945,0.4953559339046478,0.8676320910453796,0.5139957666397095,0.8700528144836426,0.5233559608459473,0.8587753772735596,0.5274003744125366,0.8514621257781982,0.4932991862297058,0.8606751561164856,0.508527934551239,0.8635061979293823,0.5160486102104187,0.8559788465499878,0.5189069509506226,0.8511180877685547,0.4931640625,0.8532698154449463,0.5060567259788513,0.8561092019081116,0.5130531191825867,0.8531679511070251,0.516414225101471,0.8503766059875488
agora,0.45954930782318115,0.825269877910614,0.47778770327568054,0.8259977102279663,0.4952467083930969,0.8435107469558716,0.5120466947555542,0.8597610592842102,0.5287402272224426,0.8712758421897888,0.498955637216568,0.8901124596595764,0.5202062129974365,0.8781707882881165,0.5260590314865112,0.862887978553772,0.5246001482009888,0.8525534868240356,0.49609190225601196,0.8856798410415649,0.5154747366905212,0.8777691125869751,0.5200563073158264,0.8603845834732056,0.5192729234695435,0.8473609685897827,0.4944973289966583,0.8773490190505981,0.5110262036323547,0.8714323043823242,0.5148951411247253,0.8568523526191711,0.5147398114204407,0.8467164039611816,0.49439382553100586,0.8696008324623108,0.508124828338623,0.8637089133262634,0.5121281147003174,0.8543696999549866,0.5133146047592163,0.849452018737793
agora,0.45573851466178894,0.815467894077301,0.47467637062072754,0.825313150882721,0.4911562502384186,0.8459233641624451,0.5084996819496155,0.8615843653678894,0.5265404582023621,0.8711622357368469,0.495197057723999,0.8837903141975403,0.5143054723739624,0.8795437812805176,0.5235211253166199,0.8686512112617493,0.5241045951843262,0.8584712147712708,0.4928933382034302,0.8716886639595032,0.5114448666572571,0.8737121224403381,0.5193091630935669,0.861621081829071,0.5214311480522156,0.852462649345398,0.4924251139163971,0.8585423827171326,0.5079153180122375,0.8621575236320496,0.5148366093635559,0.8546810746192932,0.5171775817871094,0.8496066927909851,0.4934168756008148,0.8462542295455933,0.5067084431648254,0.848700761795044,0.5133025050163269,0.8468088507652283,0.5164788365364075,0.8463506102561951
agora,0.45563483238220215,0.8216968178749084,0.4739569425582886,0.8252057433128357,0.49053889513015747,0.8440857529640198,0.5068037509918213,0.8624662756919861,0.5233322381973267,0.8747810125350952,0.4927711486816406,0.8865769505500793,0.5126981139183044,0.8865731954574585,0.5212228298187256,0.8723557591438293,0.521783709526062,0.8591699004173279,0.4895016551017761,0.8833495378494263,0.5083156228065491,0.8857010006904602,0.5163723826408386,0.8701874017715454,0.5176474452018738,0.8567937612533569,0.48775526881217957,0.8769632577896118,0.503868579864502,0.8793675899505615,0.5109682679176331,0.8674637079238892,0.5130893588066101,0.8567199110984802,0.48760461807250977,0.8702815175056458,0.5011557340621948,0.8717605471611023,0.5072842240333557,0.8654734492301941,0.5099310874938965,0.8602469563484192
agora,0.4570494294166565,0.8210209608078003,0.4744507074356079,0.8264641761779785,0.49021390080451965,0.8462854027748108,0.5065844655036926,0.863074004650116,0.5232062935829163,0.8741874098777771,0.4937281906604767,0.8910247683525085,0.5141696333885193,0.8826425075531006,0.5211843252182007,0.8692012429237366,0.520532488822937,0.85822594165802,0.4921715259552002,0.8838725090026855,0.5109559893608093,0.879543662071228,0.5163111686706543,0.863741934299469,0.5163937211036682,0.8509519696235657,0.49160218238830566,0.8743723630905151,0.5076584815979004,0.8710936903953552,0.5118528604507446,0.8583917617797852,0.5120913982391357,0.8486257195472717,0.4925200045108795,0.8654999136924744,0.5055617094039917,0.8607099652290344,0.509061336517334,0.8530130982398987,0.509830117225647,0.849188506603241
